2026-05-29T01:57:03.381Z [INFO]: Initializing Oracle Product Adapter...
2026-05-29T01:57:03.381Z [INFO]: Oracle Product Adapter: Kafka producer connected
2026-05-29T01:57:03.381Z [INFO]: Oracle Product Adapter started successfully
2026-05-29T01:57:03.494Z [INFO]: Initializing Oracle Product Adapter...
2026-05-29T01:57:03.494Z [INFO]: Oracle Product Adapter: Kafka producer connected
2026-05-29T01:57:03.494Z [INFO]: Oracle Product Adapter started successfully
2026-05-29T01:57:03.387Z [INFO]: Initializing Flexport Logistics Adapter...
2026-05-29T01:57:03.387Z [INFO]: Flexport Logistics Adapter: Kafka producer connected
2026-05-29T01:57:03.387Z [INFO]: Flexport Logistics Adapter started successfully
2026-05-29T01:57:03.516Z [INFO]: Initializing Flexport Logistics Adapter...
2026-05-29T01:57:03.516Z [INFO]: Flexport Logistics Adapter: Kafka producer connected
2026-05-29T01:57:03.516Z [INFO]: Flexport Logistics Adapter started successfully
2026-05-29T01:57:03.529Z [INFO]: Initializing Flexport Logistics Adapter...
2026-05-29T01:57:03.529Z [INFO]: Flexport Logistics Adapter: Kafka producer connected
2026-05-29T01:57:03.529Z [INFO]: Flexport Logistics Adapter started successfully
2026-05-29T01:57:03.494Z [INFO]: Initializing ShipBob Logistics Adapter...
2026-05-29T01:57:03.494Z [INFO]: ShipBob Logistics Adapter: Kafka producer connected
2026-05-29T01:57:03.494Z [INFO]: ShipBob Logistics Adapter started successfully
2026-05-29T01:57:03.568Z [INFO]: Initializing ShipBob Logistics Adapter...
2026-05-29T01:57:03.568Z [INFO]: ShipBob Logistics Adapter: Kafka producer connected
2026-05-29T01:57:03.568Z [INFO]: ShipBob Logistics Adapter started successfully
2026-05-29T01:57:03.580Z [INFO]: Initializing ShipBob Logistics Adapter...
2026-05-29T01:57:03.580Z [INFO]: ShipBob Logistics Adapter: Kafka producer connected
2026-05-29T01:57:03.580Z [INFO]: ShipBob Logistics Adapter started successfully
2026-05-29T01:57:03.551Z [INFO]: Initializing HubSpot CRM Adapter...
2026-05-29T01:57:03.551Z [INFO]: HubSpot CRM Adapter: Kafka producer connected
2026-05-29T01:57:03.551Z [INFO]: HubSpot CRM Adapter started successfully
2026-05-29T01:57:03.643Z [INFO]: Initializing HubSpot CRM Adapter...
2026-05-29T01:57:03.643Z [INFO]: HubSpot CRM Adapter: Kafka producer connected
2026-05-29T01:57:03.643Z [INFO]: HubSpot CRM Adapter started successfully
2026-05-29T01:57:03.551Z [INFO]: Initializing Document Processing Pipeline...
2026-05-29T01:57:03.551Z [INFO]: Document Processing Pipeline: Kafka producer connected
2026-05-29T01:57:03.551Z [INFO]: Document Processing Pipeline started successfully
2026-05-29T01:57:03.666Z [INFO]: Initializing Document Processing Pipeline...
2026-05-29T01:57:03.666Z [INFO]: Document Processing Pipeline: Kafka producer connected
2026-05-29T01:57:03.666Z [INFO]: Document Processing Pipeline started successfully
2026-05-29T01:57:03.651Z [INFO]: Initializing SAP Product Adapter...
2026-05-29T01:57:03.651Z [INFO]: SAP Product Adapter: Kafka producer connected
2026-05-29T01:57:03.651Z [INFO]: SAP Product Adapter started successfully
2026-05-29T01:57:03.747Z [INFO]: Initializing SAP Product Adapter...
2026-05-29T01:57:03.747Z [INFO]: SAP Product Adapter: Kafka producer connected
2026-05-29T01:57:03.747Z [INFO]: SAP Product Adapter started successfully
2026-05-29T01:57:03.710Z [INFO]: Initializing Salesforce CRM Adapter...
2026-05-29T01:57:03.710Z [INFO]: Salesforce CRM Adapter: Kafka producer connected
2026-05-29T01:57:03.710Z [INFO]: Salesforce CRM Adapter started successfully
2026-05-29T01:57:03.791Z [INFO]: Initializing Salesforce CRM Adapter...
2026-05-29T01:57:03.791Z [INFO]: Salesforce CRM Adapter: Kafka producer connected
2026-05-29T01:57:03.791Z [INFO]: Salesforce CRM Adapter started successfully
2026-05-29T01:57:03.916Z [INFO]: Initializing REST API Adapter...
2026-05-29T01:57:03.916Z [INFO]: REST API Adapter: Kafka producer connected
2026-05-29T01:57:03.916Z [INFO]: REST API Adapter started successfully
2026-05-29T01:57:03.929Z [INFO]: Initializing REST API Adapter...
2026-05-29T01:57:03.929Z [INFO]: REST API Adapter: Kafka producer connected
2026-05-29T01:57:03.929Z [INFO]: REST API Adapter started successfully
2026-05-29T01:57:03.939Z [INFO]: Initializing REST API Adapter...
2026-05-29T01:57:03.939Z [INFO]: REST API Adapter: Kafka producer connected
2026-05-29T01:57:03.939Z [INFO]: REST API Adapter started successfully
2026-05-29T01:57:03.912Z [INFO]: Initializing AI Intelligence Service...
2026-05-29T01:57:03.912Z [INFO]: AI Intelligence Service: Kafka consumer connected
2026-05-29T01:57:03.912Z [INFO]: AI Intelligence Service started successfully
2026-05-29T01:57:03.931Z [INFO]: Initializing AI Intelligence Service...
2026-05-29T01:57:03.931Z [INFO]: AI Intelligence Service: Kafka consumer connected
2026-05-29T01:57:03.931Z [INFO]: AI Intelligence Service started successfully
2026-05-29T01:57:03.944Z [INFO]: Initializing AI Intelligence Service...
2026-05-29T01:57:03.944Z [INFO]: AI Intelligence Service: Kafka consumer connected
2026-05-29T01:57:03.944Z [INFO]: AI Intelligence Service started successfully
2026-05-29T01:57:03.944Z [DEBUG]: AI Intelligence: Processing product.updated
2026-05-29T01:57:03.944Z [DEBUG]: AI Intelligence: Stored insight product_insight
2026-05-29T01:57:03.955Z [INFO]: Initializing AI Intelligence Service...
2026-05-29T01:57:03.955Z [INFO]: AI Intelligence Service: Kafka consumer connected
2026-05-29T01:57:03.955Z [INFO]: AI Intelligence Service started successfully
2026-05-29T01:57:03.955Z [DEBUG]: AI Intelligence: Processing order.created
2026-05-29T01:57:03.955Z [DEBUG]: AI Intelligence: Stored insight order_pattern
2026-05-29T01:57:03.955Z [DEBUG]: AI Intelligence: Stored insight pricing_suggestion
2026-05-29T01:57:04.328Z [INFO]: Initializing Workflow Automation Service...
2026-05-29T01:57:04.328Z [INFO]: Workflow Automation Service: Kafka connections established
2026-05-29T01:57:04.328Z [INFO]: Workflow Automation Service started successfully
2026-05-29T01:57:04.339Z [INFO]: Initializing Workflow Automation Service...
2026-05-29T01:57:04.339Z [INFO]: Workflow Automation Service: Kafka connections established
2026-05-29T01:57:04.339Z [INFO]: Workflow Automation Service started successfully
2026-05-29T01:57:04.347Z [INFO]: Initializing Workflow Automation Service...
2026-05-29T01:57:04.347Z [INFO]: Workflow Automation Service: Kafka connections established
2026-05-29T01:57:04.347Z [INFO]: Workflow Automation Service started successfully
2026-05-29T01:57:04.347Z [DEBUG]: Workflow Automation: Processing order.created
2026-05-29T01:57:04.347Z [INFO]: Workflow Automation: Processing order ORDER-456
2026-05-29T01:57:04.347Z [INFO]: Workflow Automation: Executing step credit-check for workflow order-fulfillment
2026-05-29T01:57:04.364Z [INFO]: Initializing Workflow Automation Service...
2026-05-29T01:57:04.364Z [INFO]: Workflow Automation Service: Kafka connections established
2026-05-29T01:57:04.364Z [INFO]: Workflow Automation Service started successfully
2026-05-29T01:57:04.364Z [DEBUG]: Workflow Automation: Processing inventory.changed
2026-05-29T01:57:04.364Z [INFO]: Workflow Automation: Processing inventory change for PROD-123
2026-05-29T01:57:04.364Z [INFO]: Workflow Automation: Executing step check-supplier-availability for workflow inventory-replenishment
2026-05-29T01:57:04.379Z [INFO]: Initializing Workflow Automation Service...
2026-05-29T01:57:04.379Z [INFO]: Workflow Automation Service: Kafka connections established
2026-05-29T01:57:04.379Z [INFO]: Workflow Automation Service started successfully
2026-05-29T01:57:04.379Z [DEBUG]: Workflow Automation: Processing supplier.risk.updated
2026-05-29T01:57:04.379Z [INFO]: Workflow Automation: Processing supplier risk update for SUP-789
2026-05-29T01:57:04.379Z [INFO]: Workflow Automation: Executing step assess-risk for workflow supplier-evaluation
2026-05-29T03:43:37.977Z [INFO]: Initializing Flexport Logistics Adapter...
2026-05-29T03:43:37.977Z [INFO]: Flexport Logistics Adapter: Kafka producer connected
2026-05-29T03:43:37.977Z [INFO]: Flexport Logistics Adapter started successfully
2026-05-29T03:43:38.027Z [INFO]: Initializing Flexport Logistics Adapter...
2026-05-29T03:43:38.027Z [INFO]: Flexport Logistics Adapter: Kafka producer connected
2026-05-29T03:43:38.027Z [INFO]: Flexport Logistics Adapter started successfully
2026-05-29T03:43:38.044Z [INFO]: Initializing Flexport Logistics Adapter...
2026-05-29T03:43:38.044Z [INFO]: Flexport Logistics Adapter: Kafka producer connected
2026-05-29T03:43:38.044Z [INFO]: Flexport Logistics Adapter started successfully
2026-05-29T03:43:38.003Z [INFO]: Initializing HubSpot CRM Adapter...
2026-05-29T03:43:38.003Z [INFO]: HubSpot CRM Adapter: Kafka producer connected
2026-05-29T03:43:38.003Z [INFO]: HubSpot CRM Adapter started successfully
2026-05-29T03:43:38.049Z [INFO]: Initializing HubSpot CRM Adapter...
2026-05-29T03:43:38.049Z [INFO]: HubSpot CRM Adapter: Kafka producer connected
2026-05-29T03:43:38.049Z [INFO]: HubSpot CRM Adapter started successfully
2026-05-29T03:43:38.003Z [INFO]: Initializing ShipBob Logistics Adapter...
2026-05-29T03:43:38.003Z [INFO]: ShipBob Logistics Adapter: Kafka producer connected
2026-05-29T03:43:38.003Z [INFO]: ShipBob Logistics Adapter started successfully
2026-05-29T03:43:38.057Z [INFO]: Initializing ShipBob Logistics Adapter...
2026-05-29T03:43:38.057Z [INFO]: ShipBob Logistics Adapter: Kafka producer connected
2026-05-29T03:43:38.057Z [INFO]: ShipBob Logistics Adapter started successfully
2026-05-29T03:43:38.079Z [INFO]: Initializing ShipBob Logistics Adapter...
2026-05-29T03:43:38.079Z [INFO]: ShipBob Logistics Adapter: Kafka producer connected
2026-05-29T03:43:38.079Z [INFO]: ShipBob Logistics Adapter started successfully
2026-05-29T03:43:38.012Z [INFO]: Initializing Salesforce CRM Adapter...
2026-05-29T03:43:38.012Z [INFO]: Salesforce CRM Adapter: Kafka producer connected
2026-05-29T03:43:38.012Z [INFO]: Salesforce CRM Adapter started successfully
2026-05-29T03:43:38.088Z [INFO]: Initializing Salesforce CRM Adapter...
2026-05-29T03:43:38.088Z [INFO]: Salesforce CRM Adapter: Kafka producer connected
2026-05-29T03:43:38.088Z [INFO]: Salesforce CRM Adapter started successfully
2026-05-29T03:43:38.049Z [INFO]: Initializing Document Processing Pipeline...
2026-05-29T03:43:38.049Z [INFO]: Document Processing Pipeline: Kafka producer connected
2026-05-29T03:43:38.049Z [INFO]: Document Processing Pipeline started successfully
2026-05-29T03:43:38.103Z [INFO]: Initializing Document Processing Pipeline...
2026-05-29T03:43:38.103Z [INFO]: Document Processing Pipeline: Kafka producer connected
2026-05-29T03:43:38.103Z [INFO]: Document Processing Pipeline started successfully
2026-05-29T03:43:38.063Z [INFO]: Initializing SAP Product Adapter...
2026-05-29T03:43:38.063Z [INFO]: SAP Product Adapter: Kafka producer connected
2026-05-29T03:43:38.063Z [INFO]: SAP Product Adapter started successfully
2026-05-29T03:43:38.113Z [INFO]: Initializing SAP Product Adapter...
2026-05-29T03:43:38.113Z [INFO]: SAP Product Adapter: Kafka producer connected
2026-05-29T03:43:38.113Z [INFO]: SAP Product Adapter started successfully
2026-05-29T03:43:38.367Z [INFO]: Initializing Oracle Product Adapter...
2026-05-29T03:43:38.367Z [INFO]: Oracle Product Adapter: Kafka producer connected
2026-05-29T03:43:38.367Z [INFO]: Oracle Product Adapter started successfully
2026-05-29T03:43:38.379Z [INFO]: Initializing Oracle Product Adapter...
2026-05-29T03:43:38.379Z [INFO]: Oracle Product Adapter: Kafka producer connected
2026-05-29T03:43:38.379Z [INFO]: Oracle Product Adapter started successfully
2026-05-29T03:43:38.392Z [INFO]: Initializing REST API Adapter...
2026-05-29T03:43:38.392Z [INFO]: REST API Adapter: Kafka producer connected
2026-05-29T03:43:38.392Z [INFO]: REST API Adapter started successfully
2026-05-29T03:43:38.415Z [INFO]: Initializing REST API Adapter...
2026-05-29T03:43:38.415Z [INFO]: REST API Adapter: Kafka producer connected
2026-05-29T03:43:38.415Z [INFO]: REST API Adapter started successfully
2026-05-29T03:43:38.420Z [INFO]: Initializing REST API Adapter...
2026-05-29T03:43:38.420Z [INFO]: REST API Adapter: Kafka producer connected
2026-05-29T03:43:38.420Z [INFO]: REST API Adapter started successfully
2026-05-29T03:43:38.396Z [INFO]: Initializing AI Intelligence Service...
2026-05-29T03:43:38.384Z [INFO]: Initializing Workflow Automation Service...
2026-05-29T03:43:38.396Z [INFO]: AI Intelligence Service: Kafka consumer connected
2026-05-29T03:43:38.396Z [INFO]: AI Intelligence Service started successfully
2026-05-29T03:43:38.411Z [INFO]: Initializing AI Intelligence Service...
2026-05-29T03:43:38.411Z [INFO]: AI Intelligence Service: Kafka consumer connected
2026-05-29T03:43:38.411Z [INFO]: AI Intelligence Service started successfully
2026-05-29T03:43:38.417Z [INFO]: Initializing AI Intelligence Service...
2026-05-29T03:43:38.417Z [INFO]: AI Intelligence Service: Kafka consumer connected
2026-05-29T03:43:38.417Z [INFO]: AI Intelligence Service started successfully
2026-05-29T03:43:38.417Z [DEBUG]: AI Intelligence: Processing product.updated
2026-05-29T03:43:38.417Z [DEBUG]: AI Intelligence: Stored insight product_insight
2026-05-29T03:43:38.425Z [INFO]: Initializing AI Intelligence Service...
2026-05-29T03:43:38.425Z [INFO]: AI Intelligence Service: Kafka consumer connected
2026-05-29T03:43:38.425Z [INFO]: AI Intelligence Service started successfully
2026-05-29T03:43:38.425Z [DEBUG]: AI Intelligence: Processing order.created
2026-05-29T03:43:38.425Z [DEBUG]: AI Intelligence: Stored insight order_pattern
2026-05-29T03:43:38.425Z [DEBUG]: AI Intelligence: Stored insight pricing_suggestion
2026-05-29T03:43:38.384Z [INFO]: Workflow Automation Service: Kafka connections established
2026-05-29T03:43:38.384Z [INFO]: Workflow Automation Service started successfully
2026-05-29T03:43:38.400Z [INFO]: Initializing Workflow Automation Service...
2026-05-29T03:43:38.400Z [INFO]: Workflow Automation Service: Kafka connections established
2026-05-29T03:43:38.400Z [INFO]: Workflow Automation Service started successfully
2026-05-29T03:43:38.408Z [INFO]: Initializing Workflow Automation Service...
2026-05-29T03:43:38.408Z [INFO]: Workflow Automation Service: Kafka connections established
2026-05-29T03:43:38.408Z [INFO]: Workflow Automation Service started successfully
2026-05-29T03:43:38.408Z [DEBUG]: Workflow Automation: Processing order.created
2026-05-29T03:43:38.408Z [INFO]: Workflow Automation: Processing order ORDER-456
2026-05-29T03:43:38.408Z [INFO]: Workflow Automation: Executing step credit-check for workflow order-fulfillment
2026-05-29T03:43:38.419Z [INFO]: Initializing Workflow Automation Service...
2026-05-29T03:43:38.419Z [INFO]: Workflow Automation Service: Kafka connections established
2026-05-29T03:43:38.419Z [INFO]: Workflow Automation Service started successfully
2026-05-29T03:43:38.419Z [DEBUG]: Workflow Automation: Processing inventory.changed
2026-05-29T03:43:38.419Z [INFO]: Workflow Automation: Processing inventory change for PROD-123
2026-05-29T03:43:38.419Z [INFO]: Workflow Automation: Executing step check-supplier-availability for workflow inventory-replenishment
2026-05-29T03:43:38.427Z [INFO]: Initializing Workflow Automation Service...
2026-05-29T03:43:38.427Z [INFO]: Workflow Automation Service: Kafka connections established
2026-05-29T03:43:38.427Z [INFO]: Workflow Automation Service started successfully
2026-05-29T03:43:38.427Z [DEBUG]: Workflow Automation: Processing supplier.risk.updated
2026-05-29T03:43:38.427Z [INFO]: Workflow Automation: Processing supplier risk update for SUP-789
2026-05-29T03:43:38.427Z [INFO]: Workflow Automation: Executing step assess-risk for workflow supplier-evaluation
2026-05-29T20:50:49.434Z [INFO]: Initializing Flexport Logistics Adapter...
2026-05-29T20:50:49.434Z [INFO]: Flexport Logistics Adapter: Kafka producer connected
2026-05-29T20:50:49.434Z [INFO]: Flexport Logistics Adapter started successfully
2026-05-29T20:50:49.563Z [INFO]: Initializing Flexport Logistics Adapter...
2026-05-29T20:50:49.563Z [INFO]: Flexport Logistics Adapter: Kafka producer connected
2026-05-29T20:50:49.563Z [INFO]: Flexport Logistics Adapter started successfully
2026-05-29T20:50:49.583Z [INFO]: Initializing Flexport Logistics Adapter...
2026-05-29T20:50:49.583Z [INFO]: Flexport Logistics Adapter: Kafka producer connected
2026-05-29T20:50:49.583Z [INFO]: Flexport Logistics Adapter started successfully
2026-05-29T20:50:49.441Z [INFO]: Initializing ShipBob Logistics Adapter...
2026-05-29T20:50:49.441Z [INFO]: ShipBob Logistics Adapter: Kafka producer connected
2026-05-29T20:50:49.441Z [INFO]: ShipBob Logistics Adapter started successfully
2026-05-29T20:50:49.580Z [INFO]: Initializing ShipBob Logistics Adapter...
2026-05-29T20:50:49.580Z [INFO]: ShipBob Logistics Adapter: Kafka producer connected
2026-05-29T20:50:49.580Z [INFO]: ShipBob Logistics Adapter started successfully
2026-05-29T20:50:49.646Z [INFO]: Initializing ShipBob Logistics Adapter...
2026-05-29T20:50:49.646Z [INFO]: ShipBob Logistics Adapter: Kafka producer connected
2026-05-29T20:50:49.646Z [INFO]: ShipBob Logistics Adapter started successfully
2026-05-29T20:50:49.425Z [INFO]: Initializing AI Intelligence Service...
2026-05-29T20:50:49.425Z [INFO]: AI Intelligence Service: Kafka consumer connected
2026-05-29T20:50:49.425Z [INFO]: AI Intelligence Service started successfully
2026-05-29T20:50:49.607Z [INFO]: Initializing AI Intelligence Service...
2026-05-29T20:50:49.607Z [INFO]: AI Intelligence Service: Kafka consumer connected
2026-05-29T20:50:49.607Z [INFO]: AI Intelligence Service started successfully
2026-05-29T20:50:49.632Z [INFO]: Initializing AI Intelligence Service...
2026-05-29T20:50:49.632Z [INFO]: AI Intelligence Service: Kafka consumer connected
2026-05-29T20:50:49.632Z [INFO]: AI Intelligence Service started successfully
2026-05-29T20:50:49.632Z [DEBUG]: AI Intelligence: Processing product.updated
2026-05-29T20:50:49.632Z [DEBUG]: AI Intelligence: Stored insight product_insight
2026-05-29T20:50:49.681Z [INFO]: Initializing AI Intelligence Service...
2026-05-29T20:50:49.681Z [INFO]: AI Intelligence Service: Kafka consumer connected
2026-05-29T20:50:49.681Z [INFO]: AI Intelligence Service started successfully
2026-05-29T20:50:49.681Z [DEBUG]: AI Intelligence: Processing order.created
2026-05-29T20:50:49.681Z [DEBUG]: AI Intelligence: Stored insight order_pattern
2026-05-29T20:50:49.681Z [DEBUG]: AI Intelligence: Stored insight pricing_suggestion
2026-05-29T20:50:49.430Z [INFO]: Initializing Workflow Automation Service...
2026-05-29T20:50:49.430Z [INFO]: Workflow Automation Service: Kafka connections established
2026-05-29T20:50:49.430Z [INFO]: Workflow Automation Service started successfully
2026-05-29T20:50:49.597Z [INFO]: Initializing Workflow Automation Service...
2026-05-29T20:50:49.597Z [INFO]: Workflow Automation Service: Kafka connections established
2026-05-29T20:50:49.597Z [INFO]: Workflow Automation Service started successfully
2026-05-29T20:50:49.628Z [INFO]: Initializing Workflow Automation Service...
2026-05-29T20:50:49.628Z [INFO]: Workflow Automation Service: Kafka connections established
2026-05-29T20:50:49.628Z [INFO]: Workflow Automation Service started successfully
2026-05-29T20:50:49.628Z [DEBUG]: Workflow Automation: Processing order.created
2026-05-29T20:50:49.628Z [INFO]: Workflow Automation: Processing order ORDER-456
2026-05-29T20:50:49.628Z [INFO]: Workflow Automation: Executing step credit-check for workflow order-fulfillment
2026-05-29T20:50:49.709Z [INFO]: Initializing Workflow Automation Service...
2026-05-29T20:50:49.709Z [INFO]: Workflow Automation Service: Kafka connections established
2026-05-29T20:50:49.709Z [INFO]: Workflow Automation Service started successfully
2026-05-29T20:50:49.709Z [DEBUG]: Workflow Automation: Processing inventory.changed
2026-05-29T20:50:49.709Z [INFO]: Workflow Automation: Processing inventory change for PROD-123
2026-05-29T20:50:49.709Z [INFO]: Workflow Automation: Executing step check-supplier-availability for workflow inventory-replenishment
2026-05-29T20:50:49.741Z [INFO]: Initializing Workflow Automation Service...
2026-05-29T20:50:49.741Z [INFO]: Workflow Automation Service: Kafka connections established
2026-05-29T20:50:49.741Z [INFO]: Workflow Automation Service started successfully
2026-05-29T20:50:49.741Z [DEBUG]: Workflow Automation: Processing supplier.risk.updated
2026-05-29T20:50:49.741Z [INFO]: Workflow Automation: Processing supplier risk update for SUP-789
2026-05-29T20:50:49.741Z [INFO]: Workflow Automation: Executing step assess-risk for workflow supplier-evaluation
2026-05-29T20:50:49.460Z [INFO]: Initializing REST API Adapter...
2026-05-29T20:50:49.460Z [INFO]: REST API Adapter: Kafka producer connected
2026-05-29T20:50:49.460Z [INFO]: REST API Adapter started successfully
2026-05-29T20:50:49.589Z [INFO]: Initializing REST API Adapter...
2026-05-29T20:50:49.589Z [INFO]: REST API Adapter: Kafka producer connected
2026-05-29T20:50:49.589Z [INFO]: REST API Adapter started successfully
2026-05-29T20:50:49.617Z [INFO]: Initializing REST API Adapter...
2026-05-29T20:50:49.617Z [INFO]: REST API Adapter: Kafka producer connected
2026-05-29T20:50:49.617Z [INFO]: REST API Adapter started successfully
2026-05-29T20:50:49.477Z [INFO]: Initializing Sourcing Service...
2026-05-29T20:50:49.477Z [INFO]: Sourcing Service: Kafka producer connected
2026-05-29T20:50:49.477Z [INFO]: Sourcing Service: Kafka consumer connected and handlers set up
2026-05-29T20:50:49.628Z [INFO]: Initializing Sourcing Service...
2026-05-29T20:50:49.628Z [INFO]: Sourcing Service: Kafka producer connected
2026-05-29T20:50:49.628Z [INFO]: Sourcing Service: Kafka consumer connected and handlers set up
2026-05-29T20:50:49.656Z [INFO]: Initializing Sourcing Service...
2026-05-29T20:50:49.656Z [INFO]: Sourcing Service: Kafka producer connected
2026-05-29T20:50:49.656Z [INFO]: Sourcing Service: Kafka consumer connected and handlers set up
2026-05-29T20:50:49.656Z [DEBUG]: Sourcing Service received message on topic product.query.received:
2026-05-29T20:50:49.656Z [INFO]: Sourcing Service: Processing product query QUERY-456
2026-05-29T20:50:49.656Z [ERROR]: Sourcing Service: Error handling product query received: Sourcing is not a constructor
2026-05-29T20:50:49.790Z [INFO]: Initializing Sourcing Service...
2026-05-29T20:50:49.790Z [INFO]: Sourcing Service: Kafka producer connected
2026-05-29T20:50:49.790Z [INFO]: Sourcing Service: Kafka consumer connected and handlers set up
2026-05-29T20:50:49.790Z [DEBUG]: Sourcing Service received message on topic product.catalog.updated:
2026-05-29T20:50:49.790Z [INFO]: Sourcing Service: Processing catalog update for product PROD-123
2026-05-29T20:50:49.820Z [INFO]: Initializing Sourcing Service...
2026-05-29T20:50:49.820Z [INFO]: Sourcing Service: Kafka producer connected
2026-05-29T20:50:49.820Z [INFO]: Sourcing Service: Kafka consumer connected and handlers set up
2026-05-29T20:50:49.820Z [DEBUG]: Sourcing Service received message on topic supplier.profile.updated:
2026-05-29T20:50:49.820Z [INFO]: Sourcing Service: Processing supplier profile update for SUP-789
2026-05-29T20:50:49.877Z [INFO]: Initializing Sourcing Service...
2026-05-29T20:50:49.877Z [INFO]: Sourcing Service: Kafka producer connected
2026-05-29T20:50:49.877Z [INFO]: Sourcing Service: Kafka consumer connected and handlers set up
2026-05-29T20:50:49.877Z [DEBUG]: Sourcing Service received message on topic market.trend.updated:
2026-05-29T20:50:49.877Z [INFO]: Sourcing Service: Processing market trend update for textiles
2026-05-29T20:50:50.607Z [INFO]: Initializing Document Processing Pipeline...
2026-05-29T20:50:50.607Z [INFO]: Document Processing Pipeline: Kafka producer connected
2026-05-29T20:50:50.607Z [INFO]: Document Processing Pipeline started successfully
2026-05-29T20:50:50.646Z [INFO]: Initializing Document Processing Pipeline...
2026-05-29T20:50:50.646Z [INFO]: Document Processing Pipeline: Kafka producer connected
2026-05-29T20:50:50.646Z [INFO]: Document Processing Pipeline started successfully
2026-05-29T20:50:50.723Z [INFO]: Initializing Oracle Product Adapter...
2026-05-29T20:50:50.723Z [INFO]: Oracle Product Adapter: Kafka producer connected
2026-05-29T20:50:50.723Z [INFO]: Oracle Product Adapter started successfully
2026-05-29T20:50:50.749Z [INFO]: Initializing Oracle Product Adapter...
2026-05-29T20:50:50.749Z [INFO]: Oracle Product Adapter: Kafka producer connected
2026-05-29T20:50:50.749Z [INFO]: Oracle Product Adapter started successfully
2026-05-29T20:50:50.950Z [INFO]: Initializing Salesforce CRM Adapter...
2026-05-29T20:50:50.950Z [INFO]: Salesforce CRM Adapter: Kafka producer connected
2026-05-29T20:50:50.950Z [INFO]: Salesforce CRM Adapter started successfully
2026-05-29T20:50:51.041Z [INFO]: Initializing Salesforce CRM Adapter...
2026-05-29T20:50:51.041Z [INFO]: Salesforce CRM Adapter: Kafka producer connected
2026-05-29T20:50:51.041Z [INFO]: Salesforce CRM Adapter started successfully
2026-05-29T20:50:50.942Z [INFO]: Initializing SAP Product Adapter...
2026-05-29T20:50:50.942Z [INFO]: SAP Product Adapter: Kafka producer connected
2026-05-29T20:50:50.942Z [INFO]: SAP Product Adapter started successfully
2026-05-29T20:50:50.990Z [INFO]: Initializing SAP Product Adapter...
2026-05-29T20:50:50.990Z [INFO]: SAP Product Adapter: Kafka producer connected
2026-05-29T20:50:50.990Z [INFO]: SAP Product Adapter started successfully
2026-05-29T20:50:51.045Z [INFO]: Initializing HubSpot CRM Adapter...
2026-05-29T20:50:51.045Z [INFO]: HubSpot CRM Adapter: Kafka producer connected
2026-05-29T20:50:51.045Z [INFO]: HubSpot CRM Adapter started successfully
2026-05-29T20:50:51.093Z [INFO]: Initializing HubSpot CRM Adapter...
2026-05-29T20:50:51.093Z [INFO]: HubSpot CRM Adapter: Kafka producer connected
2026-05-29T20:50:51.093Z [INFO]: HubSpot CRM Adapter started successfully
2026-05-29T20:53:14.753Z [INFO]: Initializing Flexport Logistics Adapter...
2026-05-29T20:53:14.753Z [INFO]: Flexport Logistics Adapter: Kafka producer connected
2026-05-29T20:53:14.753Z [INFO]: Flexport Logistics Adapter started successfully
2026-05-29T20:53:14.935Z [INFO]: Initializing Flexport Logistics Adapter...
2026-05-29T20:53:14.935Z [INFO]: Flexport Logistics Adapter: Kafka producer connected
2026-05-29T20:53:14.935Z [INFO]: Flexport Logistics Adapter started successfully
2026-05-29T20:53:14.967Z [INFO]: Initializing Flexport Logistics Adapter...
2026-05-29T20:53:14.967Z [INFO]: Flexport Logistics Adapter: Kafka producer connected
2026-05-29T20:53:14.967Z [INFO]: Flexport Logistics Adapter started successfully
2026-05-29T20:53:14.642Z [INFO]: Initializing REST API Adapter...
2026-05-29T20:53:14.642Z [INFO]: REST API Adapter: Kafka producer connected
2026-05-29T20:53:14.642Z [INFO]: REST API Adapter started successfully
2026-05-29T20:53:14.917Z [INFO]: Initializing REST API Adapter...
2026-05-29T20:53:14.917Z [INFO]: REST API Adapter: Kafka producer connected
2026-05-29T20:53:14.917Z [INFO]: REST API Adapter started successfully
2026-05-29T20:53:14.963Z [INFO]: Initializing REST API Adapter...
2026-05-29T20:53:14.963Z [INFO]: REST API Adapter: Kafka producer connected
2026-05-29T20:53:14.963Z [INFO]: REST API Adapter started successfully
2026-05-29T20:53:15.169Z [INFO]: Initializing ShipBob Logistics Adapter...
2026-05-29T20:53:15.169Z [INFO]: ShipBob Logistics Adapter: Kafka producer connected
2026-05-29T20:53:15.169Z [INFO]: ShipBob Logistics Adapter started successfully
2026-05-29T20:53:15.337Z [INFO]: Initializing ShipBob Logistics Adapter...
2026-05-29T20:53:15.337Z [INFO]: ShipBob Logistics Adapter: Kafka producer connected
2026-05-29T20:53:15.337Z [INFO]: ShipBob Logistics Adapter started successfully
2026-05-29T20:53:15.373Z [INFO]: Initializing ShipBob Logistics Adapter...
2026-05-29T20:53:15.373Z [INFO]: ShipBob Logistics Adapter: Kafka producer connected
2026-05-29T20:53:15.373Z [INFO]: ShipBob Logistics Adapter started successfully
2026-05-29T20:53:14.913Z [INFO]: Initializing Workflow Automation Service...
2026-05-29T20:53:14.913Z [INFO]: Workflow Automation Service: Kafka connections established
2026-05-29T20:53:14.913Z [INFO]: Workflow Automation Service started successfully
2026-05-29T20:53:15.113Z [INFO]: Initializing Workflow Automation Service...
2026-05-29T20:53:15.113Z [INFO]: Workflow Automation Service: Kafka connections established
2026-05-29T20:53:15.113Z [INFO]: Workflow Automation Service started successfully
2026-05-29T20:53:15.163Z [INFO]: Initializing Workflow Automation Service...
2026-05-29T20:53:15.163Z [INFO]: Workflow Automation Service: Kafka connections established
2026-05-29T20:53:15.163Z [INFO]: Workflow Automation Service started successfully
2026-05-29T20:53:15.163Z [DEBUG]: Workflow Automation: Processing order.created
2026-05-29T20:53:15.163Z [INFO]: Workflow Automation: Processing order ORDER-456
2026-05-29T20:53:15.163Z [INFO]: Workflow Automation: Executing step credit-check for workflow order-fulfillment
2026-05-29T20:53:15.261Z [INFO]: Initializing Workflow Automation Service...
2026-05-29T20:53:15.261Z [INFO]: Workflow Automation Service: Kafka connections established
2026-05-29T20:53:15.261Z [INFO]: Workflow Automation Service started successfully
2026-05-29T20:53:15.261Z [DEBUG]: Workflow Automation: Processing inventory.changed
2026-05-29T20:53:15.261Z [INFO]: Workflow Automation: Processing inventory change for PROD-123
2026-05-29T20:53:15.261Z [INFO]: Workflow Automation: Executing step check-supplier-availability for workflow inventory-replenishment
2026-05-29T20:53:15.321Z [INFO]: Initializing Workflow Automation Service...
2026-05-29T20:53:15.321Z [INFO]: Workflow Automation Service: Kafka connections established
2026-05-29T20:53:15.321Z [INFO]: Workflow Automation Service started successfully
2026-05-29T20:53:15.321Z [DEBUG]: Workflow Automation: Processing supplier.risk.updated
2026-05-29T20:53:15.321Z [INFO]: Workflow Automation: Processing supplier risk update for SUP-789
2026-05-29T20:53:15.321Z [INFO]: Workflow Automation: Executing step assess-risk for workflow supplier-evaluation
2026-05-29T20:53:15.230Z [INFO]: Initializing AI Intelligence Service...
2026-05-29T20:53:15.230Z [INFO]: AI Intelligence Service: Kafka consumer connected
2026-05-29T20:53:15.230Z [INFO]: AI Intelligence Service started successfully
2026-05-29T20:53:15.525Z [INFO]: Initializing AI Intelligence Service...
2026-05-29T20:53:15.525Z [INFO]: AI Intelligence Service: Kafka consumer connected
2026-05-29T20:53:15.525Z [INFO]: AI Intelligence Service started successfully
2026-05-29T20:53:15.560Z [INFO]: Initializing AI Intelligence Service...
2026-05-29T20:53:15.560Z [INFO]: AI Intelligence Service: Kafka consumer connected
2026-05-29T20:53:15.560Z [INFO]: AI Intelligence Service started successfully
2026-05-29T20:53:15.560Z [DEBUG]: AI Intelligence: Processing product.updated
2026-05-29T20:53:15.560Z [DEBUG]: AI Intelligence: Stored insight product_insight
2026-05-29T20:53:15.612Z [INFO]: Initializing AI Intelligence Service...
2026-05-29T20:53:15.612Z [INFO]: AI Intelligence Service: Kafka consumer connected
2026-05-29T20:53:15.612Z [INFO]: AI Intelligence Service started successfully
2026-05-29T20:53:15.612Z [DEBUG]: AI Intelligence: Processing order.created
2026-05-29T20:53:15.612Z [DEBUG]: AI Intelligence: Stored insight order_pattern
2026-05-29T20:53:15.612Z [DEBUG]: AI Intelligence: Stored insight pricing_suggestion
2026-05-29T20:53:16.229Z [INFO]: Initializing HubSpot CRM Adapter...
2026-05-29T20:53:16.229Z [INFO]: HubSpot CRM Adapter: Kafka producer connected
2026-05-29T20:53:16.229Z [INFO]: HubSpot CRM Adapter started successfully
2026-05-29T20:53:16.252Z [INFO]: Initializing HubSpot CRM Adapter...
2026-05-29T20:53:16.252Z [INFO]: HubSpot CRM Adapter: Kafka producer connected
2026-05-29T20:53:16.252Z [INFO]: HubSpot CRM Adapter started successfully
2026-05-29T20:53:16.262Z [INFO]: Initializing SAP Product Adapter...
2026-05-29T20:53:16.262Z [INFO]: SAP Product Adapter: Kafka producer connected
2026-05-29T20:53:16.262Z [INFO]: SAP Product Adapter started successfully
2026-05-29T20:53:16.294Z [INFO]: Initializing SAP Product Adapter...
2026-05-29T20:53:16.294Z [INFO]: SAP Product Adapter: Kafka producer connected
2026-05-29T20:53:16.294Z [INFO]: SAP Product Adapter started successfully
2026-05-29T20:53:16.261Z [INFO]: Initializing Salesforce CRM Adapter...
2026-05-29T20:53:16.261Z [INFO]: Salesforce CRM Adapter: Kafka producer connected
2026-05-29T20:53:16.261Z [INFO]: Salesforce CRM Adapter started successfully
2026-05-29T20:53:16.301Z [INFO]: Initializing Salesforce CRM Adapter...
2026-05-29T20:53:16.301Z [INFO]: Salesforce CRM Adapter: Kafka producer connected
2026-05-29T20:53:16.301Z [INFO]: Salesforce CRM Adapter started successfully
2026-05-29T20:53:15.522Z [INFO]: Initializing Sourcing Service...
2026-05-29T20:53:15.522Z [INFO]: Sourcing Service: Kafka producer connected
2026-05-29T20:53:15.522Z [INFO]: Sourcing Service: Kafka consumer connected and handlers set up
2026-05-29T20:53:15.671Z [INFO]: Initializing Sourcing Service...
2026-05-29T20:53:15.671Z [INFO]: Sourcing Service: Kafka producer connected
2026-05-29T20:53:15.671Z [INFO]: Sourcing Service: Kafka consumer connected and handlers set up
2026-05-29T20:53:15.704Z [INFO]: Initializing Sourcing Service...
2026-05-29T20:53:15.704Z [INFO]: Sourcing Service: Kafka producer connected
2026-05-29T20:53:15.704Z [INFO]: Sourcing Service: Kafka consumer connected and handlers set up
2026-05-29T20:53:15.704Z [DEBUG]: Sourcing Service received message on topic product.query.received:
2026-05-29T20:53:15.704Z [INFO]: Sourcing Service: Processing product query QUERY-456
2026-05-29T20:53:15.704Z [ERROR]: Sourcing Service: Error handling product query received: Sourcing is not a constructor
2026-05-29T20:53:15.943Z [INFO]: Initializing Sourcing Service...
2026-05-29T20:53:15.943Z [INFO]: Sourcing Service: Kafka producer connected
2026-05-29T20:53:15.943Z [INFO]: Sourcing Service: Kafka consumer connected and handlers set up
2026-05-29T20:53:15.943Z [DEBUG]: Sourcing Service received message on topic product.catalog.updated:
2026-05-29T20:53:15.943Z [INFO]: Sourcing Service: Processing catalog update for product PROD-123
2026-05-29T20:53:16.015Z [INFO]: Initializing Sourcing Service...
2026-05-29T20:53:16.015Z [INFO]: Sourcing Service: Kafka producer connected
2026-05-29T20:53:16.015Z [INFO]: Sourcing Service: Kafka consumer connected and handlers set up
2026-05-29T20:53:16.015Z [DEBUG]: Sourcing Service received message on topic supplier.profile.updated:
2026-05-29T20:53:16.015Z [INFO]: Sourcing Service: Processing supplier profile update for SUP-789
2026-05-29T20:53:16.230Z [INFO]: Initializing Sourcing Service...
2026-05-29T20:53:16.230Z [INFO]: Sourcing Service: Kafka producer connected
2026-05-29T20:53:16.230Z [INFO]: Sourcing Service: Kafka consumer connected and handlers set up
2026-05-29T20:53:16.230Z [DEBUG]: Sourcing Service received message on topic market.trend.updated:
2026-05-29T20:53:16.230Z [INFO]: Sourcing Service: Processing market trend update for textiles
2026-05-29T20:53:16.336Z [INFO]: Initializing Document Processing Pipeline...
2026-05-29T20:53:16.336Z [INFO]: Document Processing Pipeline: Kafka producer connected
2026-05-29T20:53:16.336Z [INFO]: Document Processing Pipeline started successfully
2026-05-29T20:53:16.396Z [INFO]: Initializing Document Processing Pipeline...
2026-05-29T20:53:16.396Z [INFO]: Document Processing Pipeline: Kafka producer connected
2026-05-29T20:53:16.396Z [INFO]: Document Processing Pipeline started successfully
2026-05-29T20:53:16.630Z [INFO]: Initializing Oracle Product Adapter...
2026-05-29T20:53:16.630Z [INFO]: Oracle Product Adapter: Kafka producer connected
2026-05-29T20:53:16.630Z [INFO]: Oracle Product Adapter started successfully
2026-05-29T20:53:16.652Z [INFO]: Initializing Oracle Product Adapter...
2026-05-29T20:53:16.652Z [INFO]: Oracle Product Adapter: Kafka producer connected
2026-05-29T20:53:16.652Z [INFO]: Oracle Product Adapter started successfully
2026-05-29T20:55:04.513Z [INFO]: Initializing REST API Adapter...
2026-05-29T20:55:04.513Z [INFO]: REST API Adapter: Kafka producer connected
2026-05-29T20:55:04.513Z [INFO]: REST API Adapter started successfully
2026-05-29T20:55:04.618Z [INFO]: Initializing REST API Adapter...
2026-05-29T20:55:04.618Z [INFO]: REST API Adapter: Kafka producer connected
2026-05-29T20:55:04.618Z [INFO]: REST API Adapter started successfully
2026-05-29T20:55:04.654Z [INFO]: Initializing REST API Adapter...
2026-05-29T20:55:04.654Z [INFO]: REST API Adapter: Kafka producer connected
2026-05-29T20:55:04.654Z [INFO]: REST API Adapter started successfully
2026-05-29T20:55:04.572Z [INFO]: Initializing Flexport Logistics Adapter...
2026-05-29T20:55:04.572Z [INFO]: Flexport Logistics Adapter: Kafka producer connected
2026-05-29T20:55:04.572Z [INFO]: Flexport Logistics Adapter started successfully
2026-05-29T20:55:04.764Z [INFO]: Initializing Flexport Logistics Adapter...
2026-05-29T20:55:04.764Z [INFO]: Flexport Logistics Adapter: Kafka producer connected
2026-05-29T20:55:04.764Z [INFO]: Flexport Logistics Adapter started successfully
2026-05-29T20:55:04.794Z [INFO]: Initializing Flexport Logistics Adapter...
2026-05-29T20:55:04.794Z [INFO]: Flexport Logistics Adapter: Kafka producer connected
2026-05-29T20:55:04.794Z [INFO]: Flexport Logistics Adapter started successfully
2026-05-29T20:55:04.747Z [INFO]: Initializing Workflow Automation Service...
2026-05-29T20:55:04.747Z [INFO]: Workflow Automation Service: Kafka connections established
2026-05-29T20:55:04.747Z [INFO]: Workflow Automation Service started successfully
2026-05-29T20:55:04.978Z [INFO]: Initializing Workflow Automation Service...
2026-05-29T20:55:04.978Z [INFO]: Workflow Automation Service: Kafka connections established
2026-05-29T20:55:04.978Z [INFO]: Workflow Automation Service started successfully
2026-05-29T20:55:05.022Z [INFO]: Initializing Workflow Automation Service...
2026-05-29T20:55:05.022Z [INFO]: Workflow Automation Service: Kafka connections established
2026-05-29T20:55:05.022Z [INFO]: Workflow Automation Service started successfully
2026-05-29T20:55:05.022Z [DEBUG]: Workflow Automation: Processing order.created
2026-05-29T20:55:05.022Z [INFO]: Workflow Automation: Processing order ORDER-456
2026-05-29T20:55:05.022Z [INFO]: Workflow Automation: Executing step credit-check for workflow order-fulfillment
2026-05-29T20:55:05.086Z [INFO]: Initializing Workflow Automation Service...
2026-05-29T20:55:05.086Z [INFO]: Workflow Automation Service: Kafka connections established
2026-05-29T20:55:05.086Z [INFO]: Workflow Automation Service started successfully
2026-05-29T20:55:05.086Z [DEBUG]: Workflow Automation: Processing inventory.changed
2026-05-29T20:55:05.086Z [INFO]: Workflow Automation: Processing inventory change for PROD-123
2026-05-29T20:55:05.086Z [INFO]: Workflow Automation: Executing step check-supplier-availability for workflow inventory-replenishment
2026-05-29T20:55:05.121Z [INFO]: Initializing Workflow Automation Service...
2026-05-29T20:55:05.121Z [INFO]: Workflow Automation Service: Kafka connections established
2026-05-29T20:55:05.121Z [INFO]: Workflow Automation Service started successfully
2026-05-29T20:55:05.121Z [DEBUG]: Workflow Automation: Processing supplier.risk.updated
2026-05-29T20:55:05.121Z [INFO]: Workflow Automation: Processing supplier risk update for SUP-789
2026-05-29T20:55:05.121Z [INFO]: Workflow Automation: Executing step assess-risk for workflow supplier-evaluation
2026-05-29T20:55:05.122Z [INFO]: Initializing ShipBob Logistics Adapter...
2026-05-29T20:55:05.122Z [INFO]: ShipBob Logistics Adapter: Kafka producer connected
2026-05-29T20:55:05.122Z [INFO]: ShipBob Logistics Adapter started successfully
2026-05-29T20:55:05.288Z [INFO]: Initializing ShipBob Logistics Adapter...
2026-05-29T20:55:05.288Z [INFO]: ShipBob Logistics Adapter: Kafka producer connected
2026-05-29T20:55:05.288Z [INFO]: ShipBob Logistics Adapter started successfully
2026-05-29T20:55:05.315Z [INFO]: Initializing ShipBob Logistics Adapter...
2026-05-29T20:55:05.315Z [INFO]: ShipBob Logistics Adapter: Kafka producer connected
2026-05-29T20:55:05.315Z [INFO]: ShipBob Logistics Adapter started successfully
2026-05-29T20:55:05.504Z [INFO]: Initializing SAP Product Adapter...
2026-05-29T20:55:05.504Z [INFO]: SAP Product Adapter: Kafka producer connected
2026-05-29T20:55:05.504Z [INFO]: SAP Product Adapter started successfully
2026-05-29T20:55:05.523Z [INFO]: Initializing SAP Product Adapter...
2026-05-29T20:55:05.523Z [INFO]: SAP Product Adapter: Kafka producer connected
2026-05-29T20:55:05.523Z [INFO]: SAP Product Adapter started successfully
2026-05-29T20:55:05.099Z [INFO]: Initializing Sourcing Service...
2026-05-29T20:55:05.099Z [INFO]: Sourcing Service: Kafka producer connected
2026-05-29T20:55:05.099Z [INFO]: Sourcing Service: Kafka consumer connected and handlers set up
2026-05-29T20:55:05.317Z [INFO]: Initializing Sourcing Service...
2026-05-29T20:55:05.317Z [INFO]: Sourcing Service: Kafka producer connected
2026-05-29T20:55:05.317Z [INFO]: Sourcing Service: Kafka consumer connected and handlers set up
2026-05-29T20:55:05.352Z [INFO]: Initializing Sourcing Service...
2026-05-29T20:55:05.352Z [INFO]: Sourcing Service: Kafka producer connected
2026-05-29T20:55:05.352Z [INFO]: Sourcing Service: Kafka consumer connected and handlers set up
2026-05-29T20:55:05.352Z [DEBUG]: Sourcing Service received message on topic product.query.received:
2026-05-29T20:55:05.352Z [INFO]: Sourcing Service: Processing product query QUERY-456
2026-05-29T20:55:05.352Z [ERROR]: Sourcing Service: Error handling product query received: Sourcing is not a constructor
2026-05-29T20:55:05.577Z [INFO]: Initializing Sourcing Service...
2026-05-29T20:55:05.577Z [INFO]: Sourcing Service: Kafka producer connected
2026-05-29T20:55:05.577Z [INFO]: Sourcing Service: Kafka consumer connected and handlers set up
2026-05-29T20:55:05.577Z [DEBUG]: Sourcing Service received message on topic product.catalog.updated:
2026-05-29T20:55:05.577Z [INFO]: Sourcing Service: Processing catalog update for product PROD-123
2026-05-29T20:55:05.623Z [INFO]: Initializing Sourcing Service...
2026-05-29T20:55:05.623Z [INFO]: Sourcing Service: Kafka producer connected
2026-05-29T20:55:05.623Z [INFO]: Sourcing Service: Kafka consumer connected and handlers set up
2026-05-29T20:55:05.623Z [DEBUG]: Sourcing Service received message on topic supplier.profile.updated:
2026-05-29T20:55:05.623Z [INFO]: Sourcing Service: Processing supplier profile update for SUP-789
2026-05-29T20:55:05.667Z [INFO]: Initializing Sourcing Service...
2026-05-29T20:55:05.667Z [INFO]: Sourcing Service: Kafka producer connected
2026-05-29T20:55:05.667Z [INFO]: Sourcing Service: Kafka consumer connected and handlers set up
2026-05-29T20:55:05.667Z [DEBUG]: Sourcing Service received message on topic market.trend.updated:
2026-05-29T20:55:05.667Z [INFO]: Sourcing Service: Processing market trend update for textiles
2026-05-29T20:55:05.548Z [INFO]: Initializing AI Intelligence Service...
2026-05-29T20:55:05.548Z [INFO]: AI Intelligence Service: Kafka consumer connected
2026-05-29T20:55:05.548Z [INFO]: AI Intelligence Service started successfully
2026-05-29T20:55:05.749Z [INFO]: Initializing AI Intelligence Service...
2026-05-29T20:55:05.749Z [INFO]: AI Intelligence Service: Kafka consumer connected
2026-05-29T20:55:05.749Z [INFO]: AI Intelligence Service started successfully
2026-05-29T20:55:05.777Z [INFO]: Initializing AI Intelligence Service...
2026-05-29T20:55:05.777Z [INFO]: AI Intelligence Service: Kafka consumer connected
2026-05-29T20:55:05.777Z [INFO]: AI Intelligence Service started successfully
2026-05-29T20:55:05.777Z [DEBUG]: AI Intelligence: Processing product.updated
2026-05-29T20:55:05.777Z [DEBUG]: AI Intelligence: Stored insight product_insight
2026-05-29T20:55:05.810Z [INFO]: Initializing AI Intelligence Service...
2026-05-29T20:55:05.810Z [INFO]: AI Intelligence Service: Kafka consumer connected
2026-05-29T20:55:05.810Z [INFO]: AI Intelligence Service started successfully
2026-05-29T20:55:05.810Z [DEBUG]: AI Intelligence: Processing order.created
2026-05-29T20:55:05.810Z [DEBUG]: AI Intelligence: Stored insight order_pattern
2026-05-29T20:55:05.810Z [DEBUG]: AI Intelligence: Stored insight pricing_suggestion
2026-05-29T20:55:05.810Z [INFO]: Initializing Salesforce CRM Adapter...
2026-05-29T20:55:05.810Z [INFO]: Salesforce CRM Adapter: Kafka producer connected
2026-05-29T20:55:05.810Z [INFO]: Salesforce CRM Adapter started successfully
2026-05-29T20:55:05.868Z [INFO]: Initializing Salesforce CRM Adapter...
2026-05-29T20:55:05.868Z [INFO]: Salesforce CRM Adapter: Kafka producer connected
2026-05-29T20:55:05.868Z [INFO]: Salesforce CRM Adapter started successfully
2026-05-29T20:55:05.952Z [INFO]: Initializing Oracle Product Adapter...
2026-05-29T20:55:05.952Z [INFO]: Oracle Product Adapter: Kafka producer connected
2026-05-29T20:55:05.952Z [INFO]: Oracle Product Adapter started successfully
2026-05-29T20:55:05.973Z [INFO]: Initializing Oracle Product Adapter...
2026-05-29T20:55:05.973Z [INFO]: Oracle Product Adapter: Kafka producer connected
2026-05-29T20:55:05.973Z [INFO]: Oracle Product Adapter started successfully
2026-05-29T20:55:06.019Z [INFO]: Initializing HubSpot CRM Adapter...
2026-05-29T20:55:06.019Z [INFO]: HubSpot CRM Adapter: Kafka producer connected
2026-05-29T20:55:06.019Z [INFO]: HubSpot CRM Adapter started successfully
2026-05-29T20:55:06.058Z [INFO]: Initializing HubSpot CRM Adapter...
2026-05-29T20:55:06.058Z [INFO]: HubSpot CRM Adapter: Kafka producer connected
2026-05-29T20:55:06.058Z [INFO]: HubSpot CRM Adapter started successfully
2026-05-29T20:55:06.068Z [INFO]: Initializing Document Processing Pipeline...
2026-05-29T20:55:06.068Z [INFO]: Document Processing Pipeline: Kafka producer connected
2026-05-29T20:55:06.068Z [INFO]: Document Processing Pipeline started successfully
2026-05-29T20:55:06.097Z [INFO]: Initializing Document Processing Pipeline...
2026-05-29T20:55:06.097Z [INFO]: Document Processing Pipeline: Kafka producer connected
2026-05-29T20:55:06.097Z [INFO]: Document Processing Pipeline started successfully
2026-05-29T20:55:07.256Z [INFO]: Initializing Customization Service...
2026-05-29T20:55:07.256Z [INFO]: Customization Service: Kafka producer connected
2026-05-29T20:55:07.256Z [INFO]: Customization Service: Kafka consumer connected and handlers set up
2026-05-29T20:55:07.284Z [INFO]: Initializing Customization Service...
2026-05-29T20:55:07.284Z [INFO]: Customization Service: Kafka producer connected
2026-05-29T20:55:07.284Z [INFO]: Customization Service: Kafka consumer connected and handlers set up
2026-05-29T20:55:07.301Z [INFO]: Initializing Customization Service...
2026-05-29T20:55:07.301Z [INFO]: Customization Service: Kafka producer connected
2026-05-29T20:55:07.301Z [INFO]: Customization Service: Kafka consumer connected and handlers set up
2026-05-29T20:55:07.301Z [DEBUG]: Customization Service received message on topic customization.requested:
2026-05-29T20:55:07.301Z [INFO]: Customization Service: Processing customization request CUST-456
2026-05-29T20:55:07.301Z [ERROR]: Customization Service: Error handling customization requested: Customization is not a constructor
2026-05-29T20:55:07.383Z [INFO]: Initializing Customization Service...
2026-05-29T20:55:07.383Z [INFO]: Customization Service: Kafka producer connected
2026-05-29T20:55:07.383Z [INFO]: Customization Service: Kafka consumer connected and handlers set up
2026-05-29T20:55:07.383Z [DEBUG]: Customization Service received message on topic design.approved:
2026-05-29T20:55:07.383Z [INFO]: Customization Service: Processing design approval for CUST-456
2026-05-29T20:55:07.407Z [INFO]: Initializing Customization Service...
2026-05-29T20:55:07.407Z [INFO]: Customization Service: Kafka producer connected
2026-05-29T20:55:07.407Z [INFO]: Customization Service: Kafka consumer connected and handlers set up
2026-05-29T20:55:07.407Z [DEBUG]: Customization Service received message on topic specification.updated:
2026-05-29T20:55:07.407Z [INFO]: Customization Service: Processing specification update for CUST-456
2026-05-29T20:55:07.427Z [INFO]: Initializing Customization Service...
2026-05-29T20:55:07.427Z [INFO]: Customization Service: Kafka producer connected
2026-05-29T20:55:07.427Z [INFO]: Customization Service: Kafka consumer connected and handlers set up
2026-05-29T20:55:07.427Z [DEBUG]: Customization Service received message on topic material.selected:
2026-05-29T20:55:07.427Z [INFO]: Customization Service: Processing material selection for CUST-456
2026-05-29T20:55:07.445Z [INFO]: Initializing Customization Service...
2026-05-29T20:55:07.445Z [INFO]: Customization Service: Kafka producer connected
2026-05-29T20:55:07.445Z [INFO]: Customization Service: Kafka consumer connected and handlers set up
2026-05-29T20:55:07.445Z [DEBUG]: Customization Service received message on topic pricing.updated:
2026-05-29T20:55:07.445Z [INFO]: Customization Service: Processing pricing update for CUST-456
2026-05-29T20:55:07.466Z [INFO]: Initializing Customization Service...
2026-05-29T20:55:07.466Z [INFO]: Customization Service: Kafka producer connected
2026-05-29T20:55:07.466Z [INFO]: Customization Service: Kafka consumer connected and handlers set up
2026-05-29T20:55:07.466Z [DEBUG]: Customization Service received message on topic production.ready:
2026-05-29T20:55:07.466Z [INFO]: Customization Service: Processing production ready for CUST-456
2026-05-29T21:17:09.409Z [INFO]: Initializing REST API Adapter...
2026-05-29T21:17:09.409Z [INFO]: REST API Adapter: Kafka producer connected
2026-05-29T21:17:09.409Z [INFO]: REST API Adapter started successfully
2026-05-29T21:17:09.821Z [INFO]: Initializing REST API Adapter...
2026-05-29T21:17:09.821Z [INFO]: REST API Adapter: Kafka producer connected
2026-05-29T21:17:09.821Z [INFO]: REST API Adapter started successfully
2026-05-29T21:17:09.903Z [INFO]: Initializing REST API Adapter...
2026-05-29T21:17:09.903Z [INFO]: REST API Adapter: Kafka producer connected
2026-05-29T21:17:09.903Z [INFO]: REST API Adapter started successfully
2026-05-29T21:17:09.572Z [INFO]: Initializing Flexport Logistics Adapter...
2026-05-29T21:17:09.572Z [INFO]: Flexport Logistics Adapter: Kafka producer connected
2026-05-29T21:17:09.572Z [INFO]: Flexport Logistics Adapter started successfully
2026-05-29T21:17:10.001Z [INFO]: Initializing Flexport Logistics Adapter...
2026-05-29T21:17:10.001Z [INFO]: Flexport Logistics Adapter: Kafka producer connected
2026-05-29T21:17:10.001Z [INFO]: Flexport Logistics Adapter started successfully
2026-05-29T21:17:10.155Z [INFO]: Initializing Flexport Logistics Adapter...
2026-05-29T21:17:10.155Z [INFO]: Flexport Logistics Adapter: Kafka producer connected
2026-05-29T21:17:10.155Z [INFO]: Flexport Logistics Adapter started successfully
2026-05-29T21:17:09.523Z [INFO]: Initializing Workflow Automation Service...
2026-05-29T21:17:09.523Z [INFO]: Workflow Automation Service: Kafka connections established
2026-05-29T21:17:09.523Z [INFO]: Workflow Automation Service started successfully
2026-05-29T21:17:09.991Z [INFO]: Initializing Workflow Automation Service...
2026-05-29T21:17:09.991Z [INFO]: Workflow Automation Service: Kafka connections established
2026-05-29T21:17:09.991Z [INFO]: Workflow Automation Service started successfully
2026-05-29T21:17:10.143Z [INFO]: Initializing Workflow Automation Service...
2026-05-29T21:17:10.143Z [INFO]: Workflow Automation Service: Kafka connections established
2026-05-29T21:17:10.143Z [INFO]: Workflow Automation Service started successfully
2026-05-29T21:17:10.143Z [DEBUG]: Workflow Automation: Processing order.created
2026-05-29T21:17:10.143Z [INFO]: Workflow Automation: Processing order ORDER-456
2026-05-29T21:17:10.143Z [INFO]: Workflow Automation: Executing step credit-check for workflow order-fulfillment
2026-05-29T21:17:10.208Z [INFO]: Initializing Workflow Automation Service...
2026-05-29T21:17:10.208Z [INFO]: Workflow Automation Service: Kafka connections established
2026-05-29T21:17:10.208Z [INFO]: Workflow Automation Service started successfully
2026-05-29T21:17:10.208Z [DEBUG]: Workflow Automation: Processing inventory.changed
2026-05-29T21:17:10.208Z [INFO]: Workflow Automation: Processing inventory change for PROD-123
2026-05-29T21:17:10.208Z [INFO]: Workflow Automation: Executing step check-supplier-availability for workflow inventory-replenishment
2026-05-29T21:17:10.386Z [INFO]: Initializing Workflow Automation Service...
2026-05-29T21:17:10.386Z [INFO]: Workflow Automation Service: Kafka connections established
2026-05-29T21:17:10.386Z [INFO]: Workflow Automation Service started successfully
2026-05-29T21:17:10.386Z [DEBUG]: Workflow Automation: Processing supplier.risk.updated
2026-05-29T21:17:10.386Z [INFO]: Workflow Automation: Processing supplier risk update for SUP-789
2026-05-29T21:17:10.386Z [INFO]: Workflow Automation: Executing step assess-risk for workflow supplier-evaluation
2026-05-29T21:17:09.884Z [INFO]: Initializing ShipBob Logistics Adapter...
2026-05-29T21:17:09.884Z [INFO]: ShipBob Logistics Adapter: Kafka producer connected
2026-05-29T21:17:09.884Z [INFO]: ShipBob Logistics Adapter started successfully
2026-05-29T21:17:10.250Z [INFO]: Initializing ShipBob Logistics Adapter...
2026-05-29T21:17:10.250Z [INFO]: ShipBob Logistics Adapter: Kafka producer connected
2026-05-29T21:17:10.250Z [INFO]: ShipBob Logistics Adapter started successfully
2026-05-29T21:17:10.392Z [INFO]: Initializing ShipBob Logistics Adapter...
2026-05-29T21:17:10.392Z [INFO]: ShipBob Logistics Adapter: Kafka producer connected
2026-05-29T21:17:10.392Z [INFO]: ShipBob Logistics Adapter started successfully
2026-05-29T21:17:11.996Z [INFO]: Initializing SAP Product Adapter...
2026-05-29T21:17:11.996Z [INFO]: SAP Product Adapter: Kafka producer connected
2026-05-29T21:17:11.996Z [INFO]: SAP Product Adapter started successfully
2026-05-29T21:17:12.055Z [INFO]: Initializing SAP Product Adapter...
2026-05-29T21:17:12.055Z [INFO]: SAP Product Adapter: Kafka producer connected
2026-05-29T21:17:12.055Z [INFO]: SAP Product Adapter started successfully
2026-05-29T21:17:12.170Z [INFO]: Initializing Document Processing Pipeline...
2026-05-29T21:17:12.170Z [INFO]: Document Processing Pipeline: Kafka producer connected
2026-05-29T21:17:12.170Z [INFO]: Document Processing Pipeline started successfully
2026-05-29T21:17:12.260Z [INFO]: Initializing Document Processing Pipeline...
2026-05-29T21:17:12.260Z [INFO]: Document Processing Pipeline: Kafka producer connected
2026-05-29T21:17:12.260Z [INFO]: Document Processing Pipeline started successfully
2026-05-29T21:17:12.467Z [INFO]: Initializing Salesforce CRM Adapter...
2026-05-29T21:17:12.467Z [INFO]: Salesforce CRM Adapter: Kafka producer connected
2026-05-29T21:17:12.467Z [INFO]: Salesforce CRM Adapter started successfully
2026-05-29T21:17:12.531Z [INFO]: Initializing Salesforce CRM Adapter...
2026-05-29T21:17:12.531Z [INFO]: Salesforce CRM Adapter: Kafka producer connected
2026-05-29T21:17:12.531Z [INFO]: Salesforce CRM Adapter started successfully
2026-05-29T21:17:12.911Z [INFO]: Initializing Oracle Product Adapter...
2026-05-29T21:17:12.911Z [INFO]: Oracle Product Adapter: Kafka producer connected
2026-05-29T21:17:12.911Z [INFO]: Oracle Product Adapter started successfully
2026-05-29T21:17:12.946Z [INFO]: Initializing Oracle Product Adapter...
2026-05-29T21:17:12.946Z [INFO]: Oracle Product Adapter: Kafka producer connected
2026-05-29T21:17:12.946Z [INFO]: Oracle Product Adapter started successfully
2026-05-29T21:17:13.270Z [INFO]: Initializing HubSpot CRM Adapter...
2026-05-29T21:17:13.270Z [INFO]: HubSpot CRM Adapter: Kafka producer connected
2026-05-29T21:17:13.270Z [INFO]: HubSpot CRM Adapter started successfully
2026-05-29T21:17:13.309Z [INFO]: Initializing HubSpot CRM Adapter...
2026-05-29T21:17:13.309Z [INFO]: HubSpot CRM Adapter: Kafka producer connected
2026-05-29T21:17:13.309Z [INFO]: HubSpot CRM Adapter started successfully
2026-05-29T21:17:14.248Z [INFO]: Initializing Customization Service...
2026-05-29T21:17:14.248Z [INFO]: Customization Service: Kafka producer connected
2026-05-29T21:17:14.248Z [INFO]: Customization Service: Kafka consumer connected and handlers set up
2026-05-29T21:17:14.331Z [INFO]: Initializing Customization Service...
2026-05-29T21:17:14.331Z [INFO]: Customization Service: Kafka producer connected
2026-05-29T21:17:14.331Z [INFO]: Customization Service: Kafka consumer connected and handlers set up
2026-05-29T21:17:14.355Z [INFO]: Initializing Customization Service...
2026-05-29T21:17:14.355Z [INFO]: Customization Service: Kafka producer connected
2026-05-29T21:17:14.355Z [INFO]: Customization Service: Kafka consumer connected and handlers set up
2026-05-29T21:17:14.355Z [DEBUG]: Customization Service received message on topic customization.requested:
2026-05-29T21:17:14.355Z [INFO]: Customization Service: Processing customization request CUST-456
2026-05-29T21:17:14.355Z [ERROR]: Customization Service: Error handling customization requested: Customization is not a constructor
2026-05-29T21:17:14.563Z [INFO]: Initializing Customization Service...
2026-05-29T21:17:14.563Z [INFO]: Customization Service: Kafka producer connected
2026-05-29T21:17:14.563Z [INFO]: Customization Service: Kafka consumer connected and handlers set up
2026-05-29T21:17:14.563Z [DEBUG]: Customization Service received message on topic design.approved:
2026-05-29T21:17:14.563Z [INFO]: Customization Service: Processing design approval for CUST-456
2026-05-29T21:17:14.563Z [ERROR]: Customization Service: Error handling design approved: Customization.findOne is not a function
2026-05-29T21:17:14.623Z [INFO]: Initializing Customization Service...
2026-05-29T21:17:14.623Z [INFO]: Customization Service: Kafka producer connected
2026-05-29T21:17:14.623Z [INFO]: Customization Service: Kafka consumer connected and handlers set up
2026-05-29T21:17:14.623Z [DEBUG]: Customization Service received message on topic specification.updated:
2026-05-29T21:17:14.623Z [INFO]: Customization Service: Processing specification update for CUST-456
2026-05-29T21:17:14.623Z [ERROR]: Customization Service: Error handling specification updated: Customization.findOne is not a function
2026-05-29T21:17:14.693Z [INFO]: Initializing Customization Service...
2026-05-29T21:17:14.693Z [INFO]: Customization Service: Kafka producer connected
2026-05-29T21:17:14.693Z [INFO]: Customization Service: Kafka consumer connected and handlers set up
2026-05-29T21:17:14.693Z [DEBUG]: Customization Service received message on topic material.selected:
2026-05-29T21:17:14.693Z [INFO]: Customization Service: Processing material selection for CUST-456
2026-05-29T21:17:14.693Z [ERROR]: Customization Service: Error handling material selected: Customization.findOne is not a function
2026-05-29T21:17:14.737Z [INFO]: Initializing Customization Service...
2026-05-29T21:17:14.737Z [INFO]: Customization Service: Kafka producer connected
2026-05-29T21:17:14.737Z [INFO]: Customization Service: Kafka consumer connected and handlers set up
2026-05-29T21:17:14.737Z [DEBUG]: Customization Service received message on topic pricing.updated:
2026-05-29T21:17:14.737Z [INFO]: Customization Service: Processing pricing update for CUST-456
2026-05-29T21:17:14.737Z [ERROR]: Customization Service: Error handling pricing updated: Customization.findOne is not a function
2026-05-29T21:17:14.759Z [INFO]: Initializing Customization Service...
2026-05-29T21:17:14.759Z [INFO]: Customization Service: Kafka producer connected
2026-05-29T21:17:14.759Z [INFO]: Customization Service: Kafka consumer connected and handlers set up
2026-05-29T21:17:14.759Z [DEBUG]: Customization Service received message on topic production.ready:
2026-05-29T21:17:14.759Z [INFO]: Customization Service: Processing production ready for CUST-456
2026-05-29T21:17:14.759Z [ERROR]: Customization Service: Error handling production ready: Customization.findOne is not a function
2026-05-29T21:17:16.007Z [INFO]: Initializing Sourcing Service...
2026-05-29T21:17:16.007Z [INFO]: Sourcing Service: Seeded 8 suppliers into knowledge base
2026-05-29T21:17:16.007Z [INFO]: Sourcing Service: Kafka producer connected
2026-05-29T21:17:16.007Z [INFO]: Sourcing Service: Kafka consumer connected and handlers set up
2026-05-29T21:17:16.166Z [INFO]: Initializing Sourcing Service...
2026-05-29T21:17:16.166Z [INFO]: Sourcing Service: Seeded 8 suppliers into knowledge base
2026-05-29T21:17:16.166Z [INFO]: Sourcing Service: Kafka producer connected
2026-05-29T21:17:16.166Z [INFO]: Sourcing Service: Kafka consumer connected and handlers set up
2026-05-29T21:17:16.196Z [INFO]: Initializing Sourcing Service...
2026-05-29T21:17:16.196Z [INFO]: Sourcing Service: Seeded 8 suppliers into knowledge base
2026-05-29T21:17:16.196Z [INFO]: Sourcing Service: Kafka producer connected
2026-05-29T21:17:16.196Z [INFO]: Sourcing Service: Kafka consumer connected and handlers set up
2026-05-29T21:17:16.196Z [DEBUG]: Sourcing Service received message on topic product.query.received:
2026-05-29T21:17:16.196Z [INFO]: Sourcing Service: Processing product query QUERY-456
2026-05-29T21:17:16.196Z [ERROR]: Sourcing Service: Error handling product query received: Sourcing is not a constructor
2026-05-29T21:17:16.588Z [INFO]: Initializing Sourcing Service...
2026-05-29T21:17:16.588Z [INFO]: Sourcing Service: Seeded 8 suppliers into knowledge base
2026-05-29T21:17:16.588Z [INFO]: Sourcing Service: Kafka producer connected
2026-05-29T21:17:16.588Z [INFO]: Sourcing Service: Kafka consumer connected and handlers set up
2026-05-29T21:17:16.588Z [DEBUG]: Sourcing Service received message on topic product.catalog.updated:
2026-05-29T21:17:16.588Z [INFO]: Sourcing Service: Processing catalog update for product PROD-123
2026-05-29T21:17:16.640Z [INFO]: Initializing Sourcing Service...
2026-05-29T21:17:16.640Z [INFO]: Sourcing Service: Seeded 8 suppliers into knowledge base
2026-05-29T21:17:16.640Z [INFO]: Sourcing Service: Kafka producer connected
2026-05-29T21:17:16.640Z [INFO]: Sourcing Service: Kafka consumer connected and handlers set up
2026-05-29T21:17:16.640Z [DEBUG]: Sourcing Service received message on topic supplier.profile.updated:
2026-05-29T21:17:16.640Z [INFO]: Sourcing Service: Processing supplier profile update for SUP-789
2026-05-29T21:17:16.776Z [INFO]: Initializing Sourcing Service...
2026-05-29T21:17:16.776Z [INFO]: Sourcing Service: Seeded 8 suppliers into knowledge base
2026-05-29T21:17:16.776Z [INFO]: Sourcing Service: Kafka producer connected
2026-05-29T21:17:16.776Z [INFO]: Sourcing Service: Kafka consumer connected and handlers set up
2026-05-29T21:17:16.776Z [DEBUG]: Sourcing Service received message on topic market.trend.updated:
2026-05-29T21:17:16.776Z [INFO]: Sourcing Service: Processing market trend update for textiles
2026-05-29T21:18:08.992Z [INFO]: Initializing Flexport Logistics Adapter...
2026-05-29T21:18:08.992Z [INFO]: Flexport Logistics Adapter: Kafka producer connected
2026-05-29T21:18:08.992Z [INFO]: Flexport Logistics Adapter started successfully
2026-05-29T21:18:09.062Z [INFO]: Initializing Flexport Logistics Adapter...
2026-05-29T21:18:09.062Z [INFO]: Flexport Logistics Adapter: Kafka producer connected
2026-05-29T21:18:09.062Z [INFO]: Flexport Logistics Adapter started successfully
2026-05-29T21:18:09.118Z [INFO]: Initializing Flexport Logistics Adapter...
2026-05-29T21:18:09.118Z [INFO]: Flexport Logistics Adapter: Kafka producer connected
2026-05-29T21:18:09.118Z [INFO]: Flexport Logistics Adapter started successfully
2026-05-29T21:18:09.187Z [INFO]: Initializing Workflow Automation Service...
2026-05-29T21:18:09.187Z [INFO]: Workflow Automation Service: Kafka connections established
2026-05-29T21:18:09.187Z [INFO]: Workflow Automation Service started successfully
2026-05-29T21:18:09.337Z [INFO]: Initializing Workflow Automation Service...
2026-05-29T21:18:09.337Z [INFO]: Workflow Automation Service: Kafka connections established
2026-05-29T21:18:09.337Z [INFO]: Workflow Automation Service started successfully
2026-05-29T21:18:09.377Z [INFO]: Initializing Workflow Automation Service...
2026-05-29T21:18:09.377Z [INFO]: Workflow Automation Service: Kafka connections established
2026-05-29T21:18:09.377Z [INFO]: Workflow Automation Service started successfully
2026-05-29T21:18:09.377Z [DEBUG]: Workflow Automation: Processing order.created
2026-05-29T21:18:09.377Z [INFO]: Workflow Automation: Processing order ORDER-456
2026-05-29T21:18:09.377Z [INFO]: Workflow Automation: Executing step credit-check for workflow order-fulfillment
2026-05-29T21:18:09.430Z [INFO]: Initializing Workflow Automation Service...
2026-05-29T21:18:09.430Z [INFO]: Workflow Automation Service: Kafka connections established
2026-05-29T21:18:09.430Z [INFO]: Workflow Automation Service started successfully
2026-05-29T21:18:09.430Z [DEBUG]: Workflow Automation: Processing inventory.changed
2026-05-29T21:18:09.430Z [INFO]: Workflow Automation: Processing inventory change for PROD-123
2026-05-29T21:18:09.430Z [INFO]: Workflow Automation: Executing step check-supplier-availability for workflow inventory-replenishment
2026-05-29T21:18:09.476Z [INFO]: Initializing Workflow Automation Service...
2026-05-29T21:18:09.476Z [INFO]: Workflow Automation Service: Kafka connections established
2026-05-29T21:18:09.476Z [INFO]: Workflow Automation Service started successfully
2026-05-29T21:18:09.476Z [DEBUG]: Workflow Automation: Processing supplier.risk.updated
2026-05-29T21:18:09.476Z [INFO]: Workflow Automation: Processing supplier risk update for SUP-789
2026-05-29T21:18:09.476Z [INFO]: Workflow Automation: Executing step assess-risk for workflow supplier-evaluation
2026-05-29T21:18:09.106Z [INFO]: Initializing REST API Adapter...
2026-05-29T21:18:11.133Z [INFO]: Initializing Salesforce CRM Adapter...
2026-05-29T21:18:09.106Z [INFO]: REST API Adapter: Kafka producer connected
2026-05-29T21:18:09.106Z [INFO]: REST API Adapter started successfully
2026-05-29T21:18:09.180Z [INFO]: Initializing REST API Adapter...
2026-05-29T21:18:09.180Z [INFO]: REST API Adapter: Kafka producer connected
2026-05-29T21:18:09.180Z [INFO]: REST API Adapter started successfully
2026-05-29T21:18:09.246Z [INFO]: Initializing REST API Adapter...
2026-05-29T21:18:09.246Z [INFO]: REST API Adapter: Kafka producer connected
2026-05-29T21:18:09.246Z [INFO]: REST API Adapter started successfully
2026-05-29T21:18:11.133Z [INFO]: Salesforce CRM Adapter: Kafka producer connected
2026-05-29T21:18:11.133Z [INFO]: Salesforce CRM Adapter started successfully
2026-05-29T21:18:11.161Z [INFO]: Initializing Salesforce CRM Adapter...
2026-05-29T21:18:11.161Z [INFO]: Salesforce CRM Adapter: Kafka producer connected
2026-05-29T21:18:11.161Z [INFO]: Salesforce CRM Adapter started successfully
2026-05-29T21:18:10.931Z [INFO]: Initializing Customization Service...
2026-05-29T21:18:10.931Z [INFO]: Customization Service: Kafka producer connected
2026-05-29T21:18:10.931Z [INFO]: Customization Service: Kafka consumer connected and handlers set up
2026-05-29T21:18:10.971Z [INFO]: Initializing Customization Service...
2026-05-29T21:18:10.971Z [INFO]: Customization Service: Kafka producer connected
2026-05-29T21:18:10.971Z [INFO]: Customization Service: Kafka consumer connected and handlers set up
2026-05-29T21:18:11.009Z [INFO]: Initializing Customization Service...
2026-05-29T21:18:11.009Z [INFO]: Customization Service: Kafka producer connected
2026-05-29T21:18:11.009Z [INFO]: Customization Service: Kafka consumer connected and handlers set up
2026-05-29T21:18:11.009Z [DEBUG]: Customization Service received message on topic customization.requested:
2026-05-29T21:18:11.009Z [INFO]: Customization Service: Processing customization request CUST-456
2026-05-29T21:18:11.009Z [ERROR]: Customization Service: Error handling customization requested: Customization is not a constructor
2026-05-29T21:18:11.353Z [INFO]: Initializing Customization Service...
2026-05-29T21:18:11.353Z [INFO]: Customization Service: Kafka producer connected
2026-05-29T21:18:11.353Z [INFO]: Customization Service: Kafka consumer connected and handlers set up
2026-05-29T21:18:11.353Z [DEBUG]: Customization Service received message on topic design.approved:
2026-05-29T21:18:11.353Z [INFO]: Customization Service: Processing design approval for CUST-456
2026-05-29T21:18:11.353Z [ERROR]: Customization Service: Error handling design approved: Customization.findOne is not a function
2026-05-29T21:18:11.382Z [INFO]: Initializing Customization Service...
2026-05-29T21:18:11.382Z [INFO]: Customization Service: Kafka producer connected
2026-05-29T21:18:11.382Z [INFO]: Customization Service: Kafka consumer connected and handlers set up
2026-05-29T21:18:11.382Z [DEBUG]: Customization Service received message on topic specification.updated:
2026-05-29T21:18:11.382Z [INFO]: Customization Service: Processing specification update for CUST-456
2026-05-29T21:18:11.382Z [ERROR]: Customization Service: Error handling specification updated: Customization.findOne is not a function
2026-05-29T21:18:11.395Z [INFO]: Initializing Customization Service...
2026-05-29T21:18:11.395Z [INFO]: Customization Service: Kafka producer connected
2026-05-29T21:18:11.395Z [INFO]: Customization Service: Kafka consumer connected and handlers set up
2026-05-29T21:18:11.395Z [DEBUG]: Customization Service received message on topic material.selected:
2026-05-29T21:18:11.395Z [INFO]: Customization Service: Processing material selection for CUST-456
2026-05-29T21:18:11.395Z [ERROR]: Customization Service: Error handling material selected: Customization.findOne is not a function
2026-05-29T21:18:11.411Z [INFO]: Initializing Customization Service...
2026-05-29T21:18:11.411Z [INFO]: Customization Service: Kafka producer connected
2026-05-29T21:18:11.411Z [INFO]: Customization Service: Kafka consumer connected and handlers set up
2026-05-29T21:18:11.411Z [DEBUG]: Customization Service received message on topic pricing.updated:
2026-05-29T21:18:11.411Z [INFO]: Customization Service: Processing pricing update for CUST-456
2026-05-29T21:18:11.411Z [ERROR]: Customization Service: Error handling pricing updated: Customization.findOne is not a function
2026-05-29T21:18:11.437Z [INFO]: Initializing Customization Service...
2026-05-29T21:18:11.437Z [INFO]: Customization Service: Kafka producer connected
2026-05-29T21:18:11.437Z [INFO]: Customization Service: Kafka consumer connected and handlers set up
2026-05-29T21:18:11.437Z [DEBUG]: Customization Service received message on topic production.ready:
2026-05-29T21:18:11.437Z [INFO]: Customization Service: Processing production ready for CUST-456
2026-05-29T21:18:11.437Z [ERROR]: Customization Service: Error handling production ready: Customization.findOne is not a function
2026-05-29T21:18:10.048Z [INFO]: Initializing ShipBob Logistics Adapter...
2026-05-29T21:18:11.592Z [INFO]: Initializing SAP Product Adapter...
2026-05-29T21:18:10.048Z [INFO]: ShipBob Logistics Adapter: Kafka producer connected
2026-05-29T21:18:10.048Z [INFO]: ShipBob Logistics Adapter started successfully
2026-05-29T21:18:10.229Z [INFO]: Initializing ShipBob Logistics Adapter...
2026-05-29T21:18:10.229Z [INFO]: ShipBob Logistics Adapter: Kafka producer connected
2026-05-29T21:18:10.229Z [INFO]: ShipBob Logistics Adapter started successfully
2026-05-29T21:18:10.289Z [INFO]: Initializing ShipBob Logistics Adapter...
2026-05-29T21:18:10.289Z [INFO]: ShipBob Logistics Adapter: Kafka producer connected
2026-05-29T21:18:10.289Z [INFO]: ShipBob Logistics Adapter started successfully
2026-05-29T21:18:11.592Z [INFO]: SAP Product Adapter: Kafka producer connected
2026-05-29T21:18:11.592Z [INFO]: SAP Product Adapter started successfully
2026-05-29T21:18:11.611Z [INFO]: Initializing SAP Product Adapter...
2026-05-29T21:18:11.611Z [INFO]: SAP Product Adapter: Kafka producer connected
2026-05-29T21:18:11.611Z [INFO]: SAP Product Adapter started successfully
2026-05-29T21:18:10.788Z [INFO]: Initializing Document Processing Pipeline...
2026-05-29T21:18:10.788Z [INFO]: Document Processing Pipeline: Kafka producer connected
2026-05-29T21:18:10.788Z [INFO]: Document Processing Pipeline started successfully
2026-05-29T21:18:10.900Z [INFO]: Initializing Document Processing Pipeline...
2026-05-29T21:18:10.900Z [INFO]: Document Processing Pipeline: Kafka producer connected
2026-05-29T21:18:10.900Z [INFO]: Document Processing Pipeline started successfully
2026-05-29T21:18:11.741Z [INFO]: Initializing HubSpot CRM Adapter...
2026-05-29T21:18:11.741Z [INFO]: HubSpot CRM Adapter: Kafka producer connected
2026-05-29T21:18:11.741Z [INFO]: HubSpot CRM Adapter started successfully
2026-05-29T21:18:11.756Z [INFO]: Initializing HubSpot CRM Adapter...
2026-05-29T21:18:11.756Z [INFO]: HubSpot CRM Adapter: Kafka producer connected
2026-05-29T21:18:11.756Z [INFO]: HubSpot CRM Adapter started successfully
2026-05-29T21:18:11.940Z [INFO]: Initializing Oracle Product Adapter...
2026-05-29T21:18:11.940Z [INFO]: Oracle Product Adapter: Kafka producer connected
2026-05-29T21:18:11.940Z [INFO]: Oracle Product Adapter started successfully
2026-05-29T21:18:11.950Z [INFO]: Initializing Oracle Product Adapter...
2026-05-29T21:18:11.950Z [INFO]: Oracle Product Adapter: Kafka producer connected
2026-05-29T21:18:11.950Z [INFO]: Oracle Product Adapter started successfully
2026-05-29T21:18:12.845Z [INFO]: Initializing Sourcing Service...
2026-05-29T21:18:12.845Z [INFO]: Sourcing Service: Seeded 8 suppliers into knowledge base
2026-05-29T21:18:12.845Z [INFO]: Sourcing Service: Kafka producer connected
2026-05-29T21:18:12.845Z [INFO]: Sourcing Service: Kafka consumer connected and handlers set up
2026-05-29T21:18:12.994Z [INFO]: Initializing Sourcing Service...
2026-05-29T21:18:12.994Z [INFO]: Sourcing Service: Seeded 8 suppliers into knowledge base
2026-05-29T21:18:12.994Z [INFO]: Sourcing Service: Kafka producer connected
2026-05-29T21:18:12.994Z [INFO]: Sourcing Service: Kafka consumer connected and handlers set up
2026-05-29T21:18:13.019Z [INFO]: Initializing Sourcing Service...
2026-05-29T21:18:13.019Z [INFO]: Sourcing Service: Seeded 8 suppliers into knowledge base
2026-05-29T21:18:13.019Z [INFO]: Sourcing Service: Kafka producer connected
2026-05-29T21:18:13.019Z [INFO]: Sourcing Service: Kafka consumer connected and handlers set up
2026-05-29T21:18:13.019Z [DEBUG]: Sourcing Service received message on topic product.query.received:
2026-05-29T21:18:13.019Z [INFO]: Sourcing Service: Processing product query QUERY-456
2026-05-29T21:18:13.019Z [ERROR]: Sourcing Service: Error handling product query received: Sourcing is not a constructor
2026-05-29T21:18:13.596Z [INFO]: Initializing Sourcing Service...
2026-05-29T21:18:13.596Z [INFO]: Sourcing Service: Seeded 8 suppliers into knowledge base
2026-05-29T21:18:13.596Z [INFO]: Sourcing Service: Kafka producer connected
2026-05-29T21:18:13.596Z [INFO]: Sourcing Service: Kafka consumer connected and handlers set up
2026-05-29T21:18:13.596Z [DEBUG]: Sourcing Service received message on topic product.catalog.updated:
2026-05-29T21:18:13.596Z [INFO]: Sourcing Service: Processing catalog update for product PROD-123
2026-05-29T21:18:13.676Z [INFO]: Initializing Sourcing Service...
2026-05-29T21:18:13.676Z [INFO]: Sourcing Service: Seeded 8 suppliers into knowledge base
2026-05-29T21:18:13.676Z [INFO]: Sourcing Service: Kafka producer connected
2026-05-29T21:18:13.676Z [INFO]: Sourcing Service: Kafka consumer connected and handlers set up
2026-05-29T21:18:13.676Z [DEBUG]: Sourcing Service received message on topic supplier.profile.updated:
2026-05-29T21:18:13.676Z [INFO]: Sourcing Service: Processing supplier profile update for SUP-789
2026-05-29T21:18:13.753Z [INFO]: Initializing Sourcing Service...
2026-05-29T21:18:13.753Z [INFO]: Sourcing Service: Seeded 8 suppliers into knowledge base
2026-05-29T21:18:13.753Z [INFO]: Sourcing Service: Kafka producer connected
2026-05-29T21:18:13.753Z [INFO]: Sourcing Service: Kafka consumer connected and handlers set up
2026-05-29T21:18:13.753Z [DEBUG]: Sourcing Service received message on topic market.trend.updated:
2026-05-29T21:18:13.753Z [INFO]: Sourcing Service: Processing market trend update for textiles
2026-05-29T21:20:09.829Z [INFO]: Initializing AI Intelligence Service...
2026-05-29T21:20:09.829Z [INFO]: AI Intelligence Service: Kafka consumer connected
2026-05-29T21:20:09.829Z [ERROR]: AI Intelligence: Error loading feedback for training: Feedback.find(...).sort is not a function
2026-05-29T21:20:09.829Z [INFO]: AI Intelligence Service started successfully
2026-05-29T21:20:09.894Z [INFO]: Initializing AI Intelligence Service...
2026-05-29T21:20:09.894Z [INFO]: AI Intelligence Service: Kafka consumer connected
2026-05-29T21:20:09.894Z [ERROR]: AI Intelligence: Error loading feedback for training: Feedback.find(...).sort is not a function
2026-05-29T21:20:09.894Z [INFO]: AI Intelligence Service started successfully
2026-05-29T21:20:09.930Z [INFO]: Initializing AI Intelligence Service...
2026-05-29T21:20:09.930Z [INFO]: AI Intelligence Service: Kafka consumer connected
2026-05-29T21:20:09.930Z [ERROR]: AI Intelligence: Error loading feedback for training: Feedback.find(...).sort is not a function
2026-05-29T21:20:09.930Z [INFO]: AI Intelligence Service started successfully
2026-05-29T21:20:09.930Z [DEBUG]: AI Intelligence: Processing product.updated
2026-05-29T21:20:09.930Z [DEBUG]: AI Intelligence: Generated product_insight insight
2026-05-29T21:20:09.964Z [INFO]: Initializing AI Intelligence Service...
2026-05-29T21:20:09.964Z [INFO]: AI Intelligence Service: Kafka consumer connected
2026-05-29T21:20:09.964Z [ERROR]: AI Intelligence: Error loading feedback for training: Feedback.find(...).sort is not a function
2026-05-29T21:20:09.964Z [INFO]: AI Intelligence Service started successfully
2026-05-29T21:20:09.964Z [DEBUG]: AI Intelligence: Processing order.created
2026-05-29T21:25:36.458Z [INFO]: Initializing AI Intelligence Service...
2026-05-29T21:25:36.458Z [INFO]: AI Intelligence Service: Kafka consumer connected
2026-05-29T21:25:36.458Z [ERROR]: AI Intelligence: Error loading feedback for training: Feedback.find(...).sort is not a function
2026-05-29T21:25:36.458Z [INFO]: AI Intelligence Service started successfully
2026-05-29T21:25:36.511Z [INFO]: Initializing AI Intelligence Service...
2026-05-29T21:25:36.511Z [INFO]: AI Intelligence Service: Kafka consumer connected
2026-05-29T21:25:36.511Z [ERROR]: AI Intelligence: Error loading feedback for training: Feedback.find(...).sort is not a function
2026-05-29T21:25:36.511Z [INFO]: AI Intelligence Service started successfully
2026-05-29T21:25:36.522Z [INFO]: Initializing AI Intelligence Service...
2026-05-29T21:25:36.522Z [INFO]: AI Intelligence Service: Kafka consumer connected
2026-05-29T21:25:36.522Z [ERROR]: AI Intelligence: Error loading feedback for training: Feedback.find(...).sort is not a function
2026-05-29T21:25:36.522Z [INFO]: AI Intelligence Service started successfully
2026-05-29T21:25:36.522Z [DEBUG]: AI Intelligence: Processing product.updated
2026-05-29T21:25:36.522Z [DEBUG]: AI Intelligence: Generated product_insight insight
2026-05-29T21:25:36.532Z [INFO]: Initializing AI Intelligence Service...
2026-05-29T21:25:36.532Z [INFO]: AI Intelligence Service: Kafka consumer connected
2026-05-29T21:25:36.532Z [ERROR]: AI Intelligence: Error loading feedback for training: Feedback.find(...).sort is not a function
2026-05-29T21:25:36.532Z [INFO]: AI Intelligence Service started successfully
2026-05-29T21:25:36.532Z [DEBUG]: AI Intelligence: Processing order.created
2026-05-29T21:29:14.762Z [INFO]: Initializing AI Intelligence Service...
2026-05-29T21:29:14.762Z [INFO]: AI Intelligence Service: Kafka consumer connected
2026-05-29T21:29:14.762Z [ERROR]: AI Intelligence: Error loading feedback for training: Feedback.find(...).sort is not a function
2026-05-29T21:29:14.762Z [INFO]: AI Intelligence Service started successfully
2026-05-29T21:29:14.838Z [INFO]: Initializing AI Intelligence Service...
2026-05-29T21:29:14.838Z [INFO]: AI Intelligence Service: Kafka consumer connected
2026-05-29T21:29:14.838Z [ERROR]: AI Intelligence: Error loading feedback for training: Feedback.find(...).sort is not a function
2026-05-29T21:29:14.838Z [INFO]: AI Intelligence Service started successfully
2026-05-29T21:29:14.870Z [INFO]: Initializing AI Intelligence Service...
2026-05-29T21:29:14.870Z [INFO]: AI Intelligence Service: Kafka consumer connected
2026-05-29T21:29:14.870Z [ERROR]: AI Intelligence: Error loading feedback for training: Feedback.find(...).sort is not a function
2026-05-29T21:29:14.870Z [INFO]: AI Intelligence Service started successfully
2026-05-29T21:29:14.870Z [DEBUG]: AI Intelligence: Processing product.updated
2026-05-29T21:29:14.870Z [DEBUG]: AI Intelligence: Generated product_insight insight
2026-05-29T21:29:14.887Z [INFO]: Initializing AI Intelligence Service...
2026-05-29T21:29:14.887Z [INFO]: AI Intelligence Service: Kafka consumer connected
2026-05-29T21:29:14.887Z [ERROR]: AI Intelligence: Error loading feedback for training: Feedback.find(...).sort is not a function
2026-05-29T21:29:14.887Z [INFO]: AI Intelligence Service started successfully
2026-05-29T21:29:14.887Z [DEBUG]: AI Intelligence: Processing order.created
2026-05-29T21:30:27.601Z [INFO]: Initializing ShipBob Logistics Adapter...
2026-05-29T21:30:27.303Z [INFO]: Initializing Workflow Automation Service...
2026-05-29T21:30:27.303Z [INFO]: Workflow Automation Service: Kafka connections established
2026-05-29T21:30:27.303Z [INFO]: Workflow Automation Service started successfully
2026-05-29T21:30:27.487Z [INFO]: Initializing Workflow Automation Service...
2026-05-29T21:30:27.487Z [INFO]: Workflow Automation Service: Kafka connections established
2026-05-29T21:30:27.487Z [INFO]: Workflow Automation Service started successfully
2026-05-29T21:30:27.550Z [INFO]: Initializing Workflow Automation Service...
2026-05-29T21:30:27.550Z [INFO]: Workflow Automation Service: Kafka connections established
2026-05-29T21:30:27.550Z [INFO]: Workflow Automation Service started successfully
2026-05-29T21:30:27.550Z [DEBUG]: Workflow Automation: Processing order.created
2026-05-29T21:30:27.550Z [INFO]: Workflow Automation: Processing order ORDER-456
2026-05-29T21:30:27.550Z [INFO]: Workflow Automation: Executing step credit-check for workflow order-fulfillment
2026-05-29T21:30:27.597Z [INFO]: Initializing Workflow Automation Service...
2026-05-29T21:30:27.597Z [INFO]: Workflow Automation Service: Kafka connections established
2026-05-29T21:30:27.597Z [INFO]: Workflow Automation Service started successfully
2026-05-29T21:30:27.597Z [DEBUG]: Workflow Automation: Processing inventory.changed
2026-05-29T21:30:27.597Z [INFO]: Workflow Automation: Processing inventory change for PROD-123
2026-05-29T21:30:27.597Z [INFO]: Workflow Automation: Executing step check-supplier-availability for workflow inventory-replenishment
2026-05-29T21:30:27.625Z [INFO]: Initializing Workflow Automation Service...
2026-05-29T21:30:27.625Z [INFO]: Workflow Automation Service: Kafka connections established
2026-05-29T21:30:27.625Z [INFO]: Workflow Automation Service started successfully
2026-05-29T21:30:27.625Z [DEBUG]: Workflow Automation: Processing supplier.risk.updated
2026-05-29T21:30:27.625Z [INFO]: Workflow Automation: Processing supplier risk update for SUP-789
2026-05-29T21:30:27.625Z [INFO]: Workflow Automation: Executing step assess-risk for workflow supplier-evaluation
2026-05-29T21:30:28.922Z [INFO]: Initializing Salesforce CRM Adapter...
2026-05-29T21:30:27.601Z [INFO]: ShipBob Logistics Adapter: Kafka producer connected
2026-05-29T21:30:27.601Z [INFO]: ShipBob Logistics Adapter started successfully
2026-05-29T21:30:27.650Z [INFO]: Initializing ShipBob Logistics Adapter...
2026-05-29T21:30:27.650Z [INFO]: ShipBob Logistics Adapter: Kafka producer connected
2026-05-29T21:30:27.650Z [INFO]: ShipBob Logistics Adapter started successfully
2026-05-29T21:30:27.664Z [INFO]: Initializing ShipBob Logistics Adapter...
2026-05-29T21:30:27.664Z [INFO]: ShipBob Logistics Adapter: Kafka producer connected
2026-05-29T21:30:27.664Z [INFO]: ShipBob Logistics Adapter started successfully
2026-05-29T21:30:29.145Z [INFO]: Initializing AI Intelligence Service...
2026-05-29T21:30:29.145Z [INFO]: AI Intelligence Service: Kafka consumer connected
2026-05-29T21:30:29.145Z [ERROR]: AI Intelligence: Error loading feedback for training: Feedback.find(...).sort is not a function
2026-05-29T21:30:29.145Z [INFO]: AI Intelligence Service started successfully
2026-05-29T21:30:29.336Z [INFO]: Initializing AI Intelligence Service...
2026-05-29T21:30:29.336Z [INFO]: AI Intelligence Service: Kafka consumer connected
2026-05-29T21:30:29.336Z [ERROR]: AI Intelligence: Error loading feedback for training: Feedback.find(...).sort is not a function
2026-05-29T21:30:29.336Z [INFO]: AI Intelligence Service started successfully
2026-05-29T21:30:29.377Z [INFO]: Initializing AI Intelligence Service...
2026-05-29T21:30:29.377Z [INFO]: AI Intelligence Service: Kafka consumer connected
2026-05-29T21:30:29.377Z [ERROR]: AI Intelligence: Error loading feedback for training: Feedback.find(...).sort is not a function
2026-05-29T21:30:29.377Z [INFO]: AI Intelligence Service started successfully
2026-05-29T21:30:29.377Z [DEBUG]: AI Intelligence: Processing product.updated
2026-05-29T21:30:29.377Z [DEBUG]: AI Intelligence: Generated product_insight insight
2026-05-29T21:30:29.418Z [INFO]: Initializing AI Intelligence Service...
2026-05-29T21:30:29.418Z [INFO]: AI Intelligence Service: Kafka consumer connected
2026-05-29T21:30:29.418Z [ERROR]: AI Intelligence: Error loading feedback for training: Feedback.find(...).sort is not a function
2026-05-29T21:30:29.418Z [INFO]: AI Intelligence Service started successfully
2026-05-29T21:30:29.418Z [DEBUG]: AI Intelligence: Processing order.created
2026-05-29T21:30:28.922Z [INFO]: Salesforce CRM Adapter: Kafka producer connected
2026-05-29T21:30:28.922Z [INFO]: Salesforce CRM Adapter started successfully
2026-05-29T21:30:28.947Z [INFO]: Initializing Salesforce CRM Adapter...
2026-05-29T21:30:28.947Z [INFO]: Salesforce CRM Adapter: Kafka producer connected
2026-05-29T21:30:28.947Z [INFO]: Salesforce CRM Adapter started successfully
2026-05-29T21:30:28.207Z [INFO]: Initializing Flexport Logistics Adapter...
2026-05-29T21:30:29.492Z [INFO]: Initializing Document Processing Pipeline...
2026-05-29T21:30:28.207Z [INFO]: Flexport Logistics Adapter: Kafka producer connected
2026-05-29T21:30:28.207Z [INFO]: Flexport Logistics Adapter started successfully
2026-05-29T21:30:28.337Z [INFO]: Initializing Flexport Logistics Adapter...
2026-05-29T21:30:28.337Z [INFO]: Flexport Logistics Adapter: Kafka producer connected
2026-05-29T21:30:28.337Z [INFO]: Flexport Logistics Adapter started successfully
2026-05-29T21:30:28.529Z [INFO]: Initializing Flexport Logistics Adapter...
2026-05-29T21:30:28.529Z [INFO]: Flexport Logistics Adapter: Kafka producer connected
2026-05-29T21:30:28.529Z [INFO]: Flexport Logistics Adapter started successfully
2026-05-29T21:30:29.492Z [INFO]: Document Processing Pipeline: Kafka producer connected
2026-05-29T21:30:29.492Z [INFO]: Document Processing Pipeline started successfully
2026-05-29T21:30:29.508Z [INFO]: Initializing Document Processing Pipeline...
2026-05-29T21:30:29.508Z [INFO]: Document Processing Pipeline: Kafka producer connected
2026-05-29T21:30:29.508Z [INFO]: Document Processing Pipeline started successfully
2026-05-29T21:30:29.616Z [INFO]: Initializing REST API Adapter...
2026-05-29T21:30:29.616Z [INFO]: REST API Adapter: Kafka producer connected
2026-05-29T21:30:29.616Z [INFO]: REST API Adapter started successfully
2026-05-29T21:30:29.669Z [INFO]: Initializing REST API Adapter...
2026-05-29T21:30:29.669Z [INFO]: REST API Adapter: Kafka producer connected
2026-05-29T21:30:29.669Z [INFO]: REST API Adapter started successfully
2026-05-29T21:30:29.686Z [INFO]: Initializing REST API Adapter...
2026-05-29T21:30:29.686Z [INFO]: REST API Adapter: Kafka producer connected
2026-05-29T21:30:29.686Z [INFO]: REST API Adapter started successfully
2026-05-29T21:30:29.439Z [INFO]: Initializing SAP Product Adapter...
2026-05-29T21:30:29.439Z [INFO]: SAP Product Adapter: Kafka producer connected
2026-05-29T21:30:29.439Z [INFO]: SAP Product Adapter started successfully
2026-05-29T21:30:29.460Z [INFO]: Initializing SAP Product Adapter...
2026-05-29T21:30:29.460Z [INFO]: SAP Product Adapter: Kafka producer connected
2026-05-29T21:30:29.460Z [INFO]: SAP Product Adapter started successfully
2026-05-29T21:30:28.597Z [INFO]: Initializing Customization Service...
2026-05-29T21:30:28.597Z [INFO]: Customization Service: Kafka producer connected
2026-05-29T21:30:28.597Z [INFO]: Customization Service: Kafka consumer connected and handlers set up
2026-05-29T21:30:28.631Z [INFO]: Initializing Customization Service...
2026-05-29T21:30:28.631Z [INFO]: Customization Service: Kafka producer connected
2026-05-29T21:30:28.631Z [INFO]: Customization Service: Kafka consumer connected and handlers set up
2026-05-29T21:30:28.652Z [INFO]: Initializing Customization Service...
2026-05-29T21:30:28.652Z [INFO]: Customization Service: Kafka producer connected
2026-05-29T21:30:28.652Z [INFO]: Customization Service: Kafka consumer connected and handlers set up
2026-05-29T21:30:28.652Z [DEBUG]: Customization Service received message on topic customization.requested:
2026-05-29T21:30:28.652Z [INFO]: Customization Service: Processing customization request CUST-456
2026-05-29T21:30:28.652Z [ERROR]: Customization Service: Error handling customization requested: Customization is not a constructor
2026-05-29T21:30:28.892Z [INFO]: Initializing Customization Service...
2026-05-29T21:30:28.892Z [INFO]: Customization Service: Kafka producer connected
2026-05-29T21:30:28.892Z [INFO]: Customization Service: Kafka consumer connected and handlers set up
2026-05-29T21:30:28.892Z [DEBUG]: Customization Service received message on topic design.approved:
2026-05-29T21:30:28.892Z [INFO]: Customization Service: Processing design approval for CUST-456
2026-05-29T21:30:28.892Z [ERROR]: Customization Service: Error handling design approved: Customization.findOne is not a function
2026-05-29T21:30:28.908Z [INFO]: Initializing Customization Service...
2026-05-29T21:30:28.908Z [INFO]: Customization Service: Kafka producer connected
2026-05-29T21:30:28.908Z [INFO]: Customization Service: Kafka consumer connected and handlers set up
2026-05-29T21:30:28.908Z [DEBUG]: Customization Service received message on topic specification.updated:
2026-05-29T21:30:28.908Z [INFO]: Customization Service: Processing specification update for CUST-456
2026-05-29T21:30:28.908Z [ERROR]: Customization Service: Error handling specification updated: Customization.findOne is not a function
2026-05-29T21:30:28.928Z [INFO]: Initializing Customization Service...
2026-05-29T21:30:28.928Z [INFO]: Customization Service: Kafka producer connected
2026-05-29T21:30:28.928Z [INFO]: Customization Service: Kafka consumer connected and handlers set up
2026-05-29T21:30:28.928Z [DEBUG]: Customization Service received message on topic material.selected:
2026-05-29T21:30:28.928Z [INFO]: Customization Service: Processing material selection for CUST-456
2026-05-29T21:30:28.928Z [ERROR]: Customization Service: Error handling material selected: Customization.findOne is not a function
2026-05-29T21:30:28.962Z [INFO]: Initializing Customization Service...
2026-05-29T21:30:28.962Z [INFO]: Customization Service: Kafka producer connected
2026-05-29T21:30:28.962Z [INFO]: Customization Service: Kafka consumer connected and handlers set up
2026-05-29T21:30:28.962Z [DEBUG]: Customization Service received message on topic pricing.updated:
2026-05-29T21:30:28.962Z [INFO]: Customization Service: Processing pricing update for CUST-456
2026-05-29T21:30:28.962Z [ERROR]: Customization Service: Error handling pricing updated: Customization.findOne is not a function
2026-05-29T21:30:28.974Z [INFO]: Initializing Customization Service...
2026-05-29T21:30:28.974Z [INFO]: Customization Service: Kafka producer connected
2026-05-29T21:30:28.974Z [INFO]: Customization Service: Kafka consumer connected and handlers set up
2026-05-29T21:30:28.974Z [DEBUG]: Customization Service received message on topic production.ready:
2026-05-29T21:30:28.974Z [INFO]: Customization Service: Processing production ready for CUST-456
2026-05-29T21:30:28.974Z [ERROR]: Customization Service: Error handling production ready: Customization.findOne is not a function
2026-05-29T21:30:29.875Z [INFO]: Initializing Oracle Product Adapter...
2026-05-29T21:30:29.860Z [INFO]: Initializing HubSpot CRM Adapter...
2026-05-29T21:30:29.875Z [INFO]: Oracle Product Adapter: Kafka producer connected
2026-05-29T21:30:29.875Z [INFO]: Oracle Product Adapter started successfully
2026-05-29T21:30:29.894Z [INFO]: Initializing Oracle Product Adapter...
2026-05-29T21:30:29.894Z [INFO]: Oracle Product Adapter: Kafka producer connected
2026-05-29T21:30:29.894Z [INFO]: Oracle Product Adapter started successfully
2026-05-29T21:30:29.860Z [INFO]: HubSpot CRM Adapter: Kafka producer connected
2026-05-29T21:30:29.860Z [INFO]: HubSpot CRM Adapter started successfully
2026-05-29T21:30:29.882Z [INFO]: Initializing HubSpot CRM Adapter...
2026-05-29T21:30:29.882Z [INFO]: HubSpot CRM Adapter: Kafka producer connected
2026-05-29T21:30:29.882Z [INFO]: HubSpot CRM Adapter started successfully
2026-05-29T21:30:31.451Z [INFO]: Initializing AI Intelligence Service...
2026-05-29T21:30:31.451Z [INFO]: AI Intelligence Service: Kafka consumer connected
2026-05-29T21:30:31.451Z [ERROR]: AI Intelligence: Error loading feedback for training: Feedback.find(...).sort is not a function
2026-05-29T21:30:31.451Z [INFO]: AI Intelligence Service started successfully
2026-05-29T21:30:31.598Z [INFO]: Initializing AI Intelligence Service...
2026-05-29T21:30:31.598Z [INFO]: AI Intelligence Service: Kafka consumer connected
2026-05-29T21:30:31.598Z [ERROR]: AI Intelligence: Error loading feedback for training: Feedback.find(...).sort is not a function
2026-05-29T21:30:31.598Z [INFO]: AI Intelligence Service started successfully
2026-05-29T21:30:31.625Z [INFO]: Initializing AI Intelligence Service...
2026-05-29T21:30:31.625Z [INFO]: AI Intelligence Service: Kafka consumer connected
2026-05-29T21:30:31.625Z [ERROR]: AI Intelligence: Error loading feedback for training: Feedback.find(...).sort is not a function
2026-05-29T21:30:31.625Z [INFO]: AI Intelligence Service started successfully
2026-05-29T21:30:31.625Z [DEBUG]: AI Intelligence: Processing product.updated
2026-05-29T21:30:31.625Z [DEBUG]: AI Intelligence: Generated product_insight insight
2026-05-29T21:30:31.715Z [INFO]: Initializing AI Intelligence Service...
2026-05-29T21:30:31.715Z [INFO]: AI Intelligence Service: Kafka consumer connected
2026-05-29T21:30:31.715Z [ERROR]: AI Intelligence: Error loading feedback for training: Feedback.find(...).sort is not a function
2026-05-29T21:30:31.715Z [INFO]: AI Intelligence Service started successfully
2026-05-29T21:30:31.715Z [DEBUG]: AI Intelligence: Processing order.created
2026-05-29T21:30:31.998Z [INFO]: Initializing Sourcing Service...
2026-05-29T21:30:31.998Z [INFO]: Sourcing Service: Seeded 8 suppliers into knowledge base
2026-05-29T21:30:31.998Z [INFO]: Sourcing Service: Kafka producer connected
2026-05-29T21:30:31.998Z [INFO]: Sourcing Service: Kafka consumer connected and handlers set up
2026-05-29T21:30:32.058Z [INFO]: Initializing Sourcing Service...
2026-05-29T21:30:32.058Z [INFO]: Sourcing Service: Seeded 8 suppliers into knowledge base
2026-05-29T21:30:32.058Z [INFO]: Sourcing Service: Kafka producer connected
2026-05-29T21:30:32.058Z [INFO]: Sourcing Service: Kafka consumer connected and handlers set up
2026-05-29T21:30:32.071Z [INFO]: Initializing Sourcing Service...
2026-05-29T21:30:32.071Z [INFO]: Sourcing Service: Seeded 8 suppliers into knowledge base
2026-05-29T21:30:32.071Z [INFO]: Sourcing Service: Kafka producer connected
2026-05-29T21:30:32.071Z [INFO]: Sourcing Service: Kafka consumer connected and handlers set up
2026-05-29T21:30:32.071Z [DEBUG]: Sourcing Service received message on topic product.query.received:
2026-05-29T21:30:32.071Z [INFO]: Sourcing Service: Processing product query QUERY-456
2026-05-29T21:30:32.071Z [ERROR]: Sourcing Service: Error handling product query received: Sourcing is not a constructor
2026-05-29T21:30:32.168Z [INFO]: Initializing Sourcing Service...
2026-05-29T21:30:32.168Z [INFO]: Sourcing Service: Seeded 8 suppliers into knowledge base
2026-05-29T21:30:32.168Z [INFO]: Sourcing Service: Kafka producer connected
2026-05-29T21:30:32.168Z [INFO]: Sourcing Service: Kafka consumer connected and handlers set up
2026-05-29T21:30:32.168Z [DEBUG]: Sourcing Service received message on topic product.catalog.updated:
2026-05-29T21:30:32.168Z [INFO]: Sourcing Service: Processing catalog update for product PROD-123
2026-05-29T21:30:32.179Z [INFO]: Initializing Sourcing Service...
2026-05-29T21:30:32.179Z [INFO]: Sourcing Service: Seeded 8 suppliers into knowledge base
2026-05-29T21:30:32.179Z [INFO]: Sourcing Service: Kafka producer connected
2026-05-29T21:30:32.179Z [INFO]: Sourcing Service: Kafka consumer connected and handlers set up
2026-05-29T21:30:32.179Z [DEBUG]: Sourcing Service received message on topic supplier.profile.updated:
2026-05-29T21:30:32.179Z [INFO]: Sourcing Service: Processing supplier profile update for SUP-789
2026-05-29T21:30:32.191Z [INFO]: Initializing Sourcing Service...
2026-05-29T21:30:32.191Z [INFO]: Sourcing Service: Seeded 8 suppliers into knowledge base
2026-05-29T21:30:32.191Z [INFO]: Sourcing Service: Kafka producer connected
2026-05-29T21:30:32.191Z [INFO]: Sourcing Service: Kafka consumer connected and handlers set up
2026-05-29T21:30:32.191Z [DEBUG]: Sourcing Service received message on topic market.trend.updated:
2026-05-29T21:30:32.191Z [INFO]: Sourcing Service: Processing market trend update for textiles
2026-05-29T21:33:27.258Z [INFO]: Initializing Flexport Logistics Adapter...
2026-05-29T21:33:28.119Z [INFO]: Initializing Workflow Automation Service...
2026-05-29T21:33:28.217Z [INFO]: Initializing ShipBob Logistics Adapter...
2026-05-29T21:33:27.258Z [INFO]: Flexport Logistics Adapter: Kafka producer connected
2026-05-29T21:33:27.258Z [INFO]: Flexport Logistics Adapter started successfully
2026-05-29T21:33:27.338Z [INFO]: Initializing Flexport Logistics Adapter...
2026-05-29T21:33:27.338Z [INFO]: Flexport Logistics Adapter: Kafka producer connected
2026-05-29T21:33:27.338Z [INFO]: Flexport Logistics Adapter started successfully
2026-05-29T21:33:27.361Z [INFO]: Initializing Flexport Logistics Adapter...
2026-05-29T21:33:27.361Z [INFO]: Flexport Logistics Adapter: Kafka producer connected
2026-05-29T21:33:27.361Z [INFO]: Flexport Logistics Adapter started successfully
2026-05-29T21:33:28.112Z [INFO]: Initializing Customization Service...
2026-05-29T21:33:28.112Z [INFO]: Customization Service: Kafka producer connected
2026-05-29T21:33:28.112Z [INFO]: Customization Service: Kafka consumer connected and handlers set up
2026-05-29T21:33:28.127Z [INFO]: Initializing Customization Service...
2026-05-29T21:33:28.127Z [INFO]: Customization Service: Kafka producer connected
2026-05-29T21:33:28.127Z [INFO]: Customization Service: Kafka consumer connected and handlers set up
2026-05-29T21:33:28.145Z [INFO]: Initializing Customization Service...
2026-05-29T21:33:28.145Z [INFO]: Customization Service: Kafka producer connected
2026-05-29T21:33:28.145Z [INFO]: Customization Service: Kafka consumer connected and handlers set up
2026-05-29T21:33:28.145Z [DEBUG]: Customization Service received message on topic customization.requested:
2026-05-29T21:33:28.145Z [INFO]: Customization Service: Processing customization request CUST-456
2026-05-29T21:33:28.145Z [ERROR]: Customization Service: Error handling customization requested: Customization is not a constructor
2026-05-29T21:33:28.546Z [INFO]: Initializing Customization Service...
2026-05-29T21:33:28.546Z [INFO]: Customization Service: Kafka producer connected
2026-05-29T21:33:28.546Z [INFO]: Customization Service: Kafka consumer connected and handlers set up
2026-05-29T21:33:28.546Z [DEBUG]: Customization Service received message on topic design.approved:
2026-05-29T21:33:28.546Z [INFO]: Customization Service: Processing design approval for CUST-456
2026-05-29T21:33:28.546Z [ERROR]: Customization Service: Error handling design approved: Customization.findOne is not a function
2026-05-29T21:33:28.565Z [INFO]: Initializing Customization Service...
2026-05-29T21:33:28.565Z [INFO]: Customization Service: Kafka producer connected
2026-05-29T21:33:28.565Z [INFO]: Customization Service: Kafka consumer connected and handlers set up
2026-05-29T21:33:28.565Z [DEBUG]: Customization Service received message on topic specification.updated:
2026-05-29T21:33:28.565Z [INFO]: Customization Service: Processing specification update for CUST-456
2026-05-29T21:33:28.565Z [ERROR]: Customization Service: Error handling specification updated: Customization.findOne is not a function
2026-05-29T21:33:28.593Z [INFO]: Initializing Customization Service...
2026-05-29T21:33:28.593Z [INFO]: Customization Service: Kafka producer connected
2026-05-29T21:33:28.593Z [INFO]: Customization Service: Kafka consumer connected and handlers set up
2026-05-29T21:33:28.593Z [DEBUG]: Customization Service received message on topic material.selected:
2026-05-29T21:33:28.593Z [INFO]: Customization Service: Processing material selection for CUST-456
2026-05-29T21:33:28.593Z [ERROR]: Customization Service: Error handling material selected: Customization.findOne is not a function
2026-05-29T21:33:28.641Z [INFO]: Initializing Customization Service...
2026-05-29T21:33:28.641Z [INFO]: Customization Service: Kafka producer connected
2026-05-29T21:33:28.641Z [INFO]: Customization Service: Kafka consumer connected and handlers set up
2026-05-29T21:33:28.641Z [DEBUG]: Customization Service received message on topic pricing.updated:
2026-05-29T21:33:28.641Z [INFO]: Customization Service: Processing pricing update for CUST-456
2026-05-29T21:33:28.641Z [ERROR]: Customization Service: Error handling pricing updated: Customization.findOne is not a function
2026-05-29T21:33:28.676Z [INFO]: Initializing Customization Service...
2026-05-29T21:33:28.676Z [INFO]: Customization Service: Kafka producer connected
2026-05-29T21:33:28.676Z [INFO]: Customization Service: Kafka consumer connected and handlers set up
2026-05-29T21:33:28.676Z [DEBUG]: Customization Service received message on topic production.ready:
2026-05-29T21:33:28.676Z [INFO]: Customization Service: Processing production ready for CUST-456
2026-05-29T21:33:28.676Z [ERROR]: Customization Service: Error handling production ready: Customization.findOne is not a function
2026-05-29T21:33:28.217Z [INFO]: ShipBob Logistics Adapter: Kafka producer connected
2026-05-29T21:33:28.217Z [INFO]: ShipBob Logistics Adapter started successfully
2026-05-29T21:33:28.263Z [INFO]: Initializing ShipBob Logistics Adapter...
2026-05-29T21:33:28.263Z [INFO]: ShipBob Logistics Adapter: Kafka producer connected
2026-05-29T21:33:28.263Z [INFO]: ShipBob Logistics Adapter started successfully
2026-05-29T21:33:28.291Z [INFO]: Initializing ShipBob Logistics Adapter...
2026-05-29T21:33:28.291Z [INFO]: ShipBob Logistics Adapter: Kafka producer connected
2026-05-29T21:33:28.291Z [INFO]: ShipBob Logistics Adapter started successfully
2026-05-29T21:33:28.849Z [INFO]: Initializing HubSpot CRM Adapter...
2026-05-29T21:33:28.119Z [INFO]: Workflow Automation Service: Kafka connections established
2026-05-29T21:33:28.119Z [INFO]: Workflow Automation Service started successfully
2026-05-29T21:33:28.155Z [INFO]: Initializing Workflow Automation Service...
2026-05-29T21:33:28.155Z [INFO]: Workflow Automation Service: Kafka connections established
2026-05-29T21:33:28.155Z [INFO]: Workflow Automation Service started successfully
2026-05-29T21:33:28.174Z [INFO]: Initializing Workflow Automation Service...
2026-05-29T21:33:28.174Z [INFO]: Workflow Automation Service: Kafka connections established
2026-05-29T21:33:28.174Z [INFO]: Workflow Automation Service started successfully
2026-05-29T21:33:28.174Z [DEBUG]: Workflow Automation: Processing order.created
2026-05-29T21:33:28.174Z [INFO]: Workflow Automation: Processing order ORDER-456
2026-05-29T21:33:28.174Z [INFO]: Workflow Automation: Executing step credit-check for workflow order-fulfillment
2026-05-29T21:33:28.207Z [INFO]: Initializing Workflow Automation Service...
2026-05-29T21:33:28.207Z [INFO]: Workflow Automation Service: Kafka connections established
2026-05-29T21:33:28.207Z [INFO]: Workflow Automation Service started successfully
2026-05-29T21:33:28.207Z [DEBUG]: Workflow Automation: Processing inventory.changed
2026-05-29T21:33:28.207Z [INFO]: Workflow Automation: Processing inventory change for PROD-123
2026-05-29T21:33:28.207Z [INFO]: Workflow Automation: Executing step check-supplier-availability for workflow inventory-replenishment
2026-05-29T21:33:28.225Z [INFO]: Initializing Workflow Automation Service...
2026-05-29T21:33:28.225Z [INFO]: Workflow Automation Service: Kafka connections established
2026-05-29T21:33:28.225Z [INFO]: Workflow Automation Service started successfully
2026-05-29T21:33:28.225Z [DEBUG]: Workflow Automation: Processing supplier.risk.updated
2026-05-29T21:33:28.225Z [INFO]: Workflow Automation: Processing supplier risk update for SUP-789
2026-05-29T21:33:28.225Z [INFO]: Workflow Automation: Executing step assess-risk for workflow supplier-evaluation
2026-05-29T21:33:29.111Z [INFO]: Initializing Salesforce CRM Adapter...
2026-05-29T21:33:29.111Z [INFO]: Salesforce CRM Adapter: Kafka producer connected
2026-05-29T21:33:29.111Z [INFO]: Salesforce CRM Adapter started successfully
2026-05-29T21:33:29.143Z [INFO]: Initializing Salesforce CRM Adapter...
2026-05-29T21:33:29.143Z [INFO]: Salesforce CRM Adapter: Kafka producer connected
2026-05-29T21:33:29.143Z [INFO]: Salesforce CRM Adapter started successfully
2026-05-29T21:33:28.849Z [INFO]: HubSpot CRM Adapter: Kafka producer connected
2026-05-29T21:33:28.849Z [INFO]: HubSpot CRM Adapter started successfully
2026-05-29T21:33:28.861Z [INFO]: Initializing HubSpot CRM Adapter...
2026-05-29T21:33:28.861Z [INFO]: HubSpot CRM Adapter: Kafka producer connected
2026-05-29T21:33:28.861Z [INFO]: HubSpot CRM Adapter started successfully
2026-05-29T21:33:29.273Z [INFO]: Initializing Oracle Product Adapter...
2026-05-29T21:33:29.273Z [INFO]: Oracle Product Adapter: Kafka producer connected
2026-05-29T21:33:29.273Z [INFO]: Oracle Product Adapter started successfully
2026-05-29T21:33:29.279Z [INFO]: Initializing Oracle Product Adapter...
2026-05-29T21:33:29.279Z [INFO]: Oracle Product Adapter: Kafka producer connected
2026-05-29T21:33:29.279Z [INFO]: Oracle Product Adapter started successfully
2026-05-29T21:33:29.276Z [INFO]: Initializing SAP Product Adapter...
2026-05-29T21:33:29.276Z [INFO]: SAP Product Adapter: Kafka producer connected
2026-05-29T21:33:29.276Z [INFO]: SAP Product Adapter started successfully
2026-05-29T21:33:29.292Z [INFO]: Initializing SAP Product Adapter...
2026-05-29T21:33:29.292Z [INFO]: SAP Product Adapter: Kafka producer connected
2026-05-29T21:33:29.292Z [INFO]: SAP Product Adapter started successfully
2026-05-29T21:33:28.271Z [INFO]: Initializing REST API Adapter...
2026-05-29T21:33:29.235Z [INFO]: Initializing Document Processing Pipeline...
2026-05-29T21:33:28.271Z [INFO]: REST API Adapter: Kafka producer connected
2026-05-29T21:33:28.271Z [INFO]: REST API Adapter started successfully
2026-05-29T21:33:28.356Z [INFO]: Initializing REST API Adapter...
2026-05-29T21:33:28.356Z [INFO]: REST API Adapter: Kafka producer connected
2026-05-29T21:33:28.356Z [INFO]: REST API Adapter started successfully
2026-05-29T21:33:28.378Z [INFO]: Initializing REST API Adapter...
2026-05-29T21:33:28.378Z [INFO]: REST API Adapter: Kafka producer connected
2026-05-29T21:33:28.378Z [INFO]: REST API Adapter started successfully
2026-05-29T21:33:29.235Z [INFO]: Document Processing Pipeline: Kafka producer connected
2026-05-29T21:33:29.235Z [INFO]: Document Processing Pipeline started successfully
2026-05-29T21:33:29.251Z [INFO]: Initializing Document Processing Pipeline...
2026-05-29T21:33:29.251Z [INFO]: Document Processing Pipeline: Kafka producer connected
2026-05-29T21:33:29.251Z [INFO]: Document Processing Pipeline started successfully
2026-05-29T21:33:29.350Z [INFO]: Initializing Sourcing Service...
2026-05-29T21:33:29.350Z [INFO]: Sourcing Service: Seeded 8 suppliers into knowledge base
2026-05-29T21:33:29.350Z [INFO]: Sourcing Service: Kafka producer connected
2026-05-29T21:33:29.350Z [INFO]: Sourcing Service: Kafka consumer connected and handlers set up
2026-05-29T21:33:29.398Z [INFO]: Initializing Sourcing Service...
2026-05-29T21:33:29.398Z [INFO]: Sourcing Service: Seeded 8 suppliers into knowledge base
2026-05-29T21:33:29.398Z [INFO]: Sourcing Service: Kafka producer connected
2026-05-29T21:33:29.398Z [INFO]: Sourcing Service: Kafka consumer connected and handlers set up
2026-05-29T21:33:29.413Z [INFO]: Initializing Sourcing Service...
2026-05-29T21:33:29.413Z [INFO]: Sourcing Service: Seeded 8 suppliers into knowledge base
2026-05-29T21:33:29.413Z [INFO]: Sourcing Service: Kafka producer connected
2026-05-29T21:33:29.413Z [INFO]: Sourcing Service: Kafka consumer connected and handlers set up
2026-05-29T21:33:29.413Z [DEBUG]: Sourcing Service received message on topic product.query.received:
2026-05-29T21:33:29.413Z [INFO]: Sourcing Service: Processing product query QUERY-456
2026-05-29T21:33:29.413Z [ERROR]: Sourcing Service: Error handling product query received: Sourcing is not a constructor
2026-05-29T21:33:29.540Z [INFO]: Initializing Sourcing Service...
2026-05-29T21:33:29.540Z [INFO]: Sourcing Service: Seeded 8 suppliers into knowledge base
2026-05-29T21:33:29.540Z [INFO]: Sourcing Service: Kafka producer connected
2026-05-29T21:33:29.540Z [INFO]: Sourcing Service: Kafka consumer connected and handlers set up
2026-05-29T21:33:29.540Z [DEBUG]: Sourcing Service received message on topic product.catalog.updated:
2026-05-29T21:33:29.540Z [INFO]: Sourcing Service: Processing catalog update for product PROD-123
2026-05-29T21:33:29.549Z [INFO]: Initializing Sourcing Service...
2026-05-29T21:33:29.549Z [INFO]: Sourcing Service: Seeded 8 suppliers into knowledge base
2026-05-29T21:33:29.549Z [INFO]: Sourcing Service: Kafka producer connected
2026-05-29T21:33:29.549Z [INFO]: Sourcing Service: Kafka consumer connected and handlers set up
2026-05-29T21:33:29.549Z [DEBUG]: Sourcing Service received message on topic supplier.profile.updated:
2026-05-29T21:33:29.549Z [INFO]: Sourcing Service: Processing supplier profile update for SUP-789
2026-05-29T21:33:29.557Z [INFO]: Initializing Sourcing Service...
2026-05-29T21:33:29.557Z [INFO]: Sourcing Service: Seeded 8 suppliers into knowledge base
2026-05-29T21:33:29.557Z [INFO]: Sourcing Service: Kafka producer connected
2026-05-29T21:33:29.557Z [INFO]: Sourcing Service: Kafka consumer connected and handlers set up
2026-05-29T21:33:29.557Z [DEBUG]: Sourcing Service received message on topic market.trend.updated:
2026-05-29T21:33:29.557Z [INFO]: Sourcing Service: Processing market trend update for textiles
2026-05-29T21:33:30.022Z [INFO]: Initializing AI Intelligence Service...
2026-05-29T21:33:30.022Z [INFO]: AI Intelligence Service: Kafka consumer connected
2026-05-29T21:33:30.022Z [INFO]: AI Intelligence Service started successfully
2026-05-29T21:33:30.046Z [INFO]: Initializing AI Intelligence Service...
2026-05-29T21:33:30.046Z [INFO]: AI Intelligence Service: Kafka consumer connected
2026-05-29T21:33:30.046Z [INFO]: AI Intelligence Service started successfully
2026-05-29T21:33:30.057Z [INFO]: Initializing AI Intelligence Service...
2026-05-29T21:33:30.057Z [INFO]: AI Intelligence Service: Kafka consumer connected
2026-05-29T21:33:30.057Z [INFO]: AI Intelligence Service started successfully
2026-05-29T21:33:30.057Z [DEBUG]: AI Intelligence: Processing product.updated
2026-05-29T21:33:30.057Z [DEBUG]: AI Intelligence: Generated product_insight insight
2026-05-29T21:33:30.071Z [INFO]: Initializing AI Intelligence Service...
2026-05-29T21:33:30.071Z [INFO]: AI Intelligence Service: Kafka consumer connected
2026-05-29T21:33:30.071Z [INFO]: AI Intelligence Service started successfully
2026-05-29T21:33:30.071Z [DEBUG]: AI Intelligence: Processing order.created
2026-05-29T21:38:08.680Z [INFO]: Initializing Flexport Logistics Adapter...
2026-05-29T21:38:08.680Z [INFO]: Flexport Logistics Adapter: Kafka producer connected
2026-05-29T21:38:08.680Z [INFO]: Flexport Logistics Adapter started successfully
2026-05-29T21:38:08.774Z [INFO]: Initializing Flexport Logistics Adapter...
2026-05-29T21:38:08.774Z [INFO]: Flexport Logistics Adapter: Kafka producer connected
2026-05-29T21:38:08.774Z [INFO]: Flexport Logistics Adapter started successfully
2026-05-29T21:38:08.822Z [INFO]: Initializing Flexport Logistics Adapter...
2026-05-29T21:38:08.822Z [INFO]: Flexport Logistics Adapter: Kafka producer connected
2026-05-29T21:38:08.822Z [INFO]: Flexport Logistics Adapter started successfully
2026-05-29T21:38:08.997Z [INFO]: Initializing ShipBob Logistics Adapter...
2026-05-29T21:38:09.070Z [INFO]: Initializing REST API Adapter...
2026-05-29T21:38:09.685Z [INFO]: Initializing Salesforce CRM Adapter...
2026-05-29T21:38:09.070Z [INFO]: REST API Adapter: Kafka producer connected
2026-05-29T21:38:09.070Z [INFO]: REST API Adapter started successfully
2026-05-29T21:38:09.126Z [INFO]: Initializing REST API Adapter...
2026-05-29T21:38:09.126Z [INFO]: REST API Adapter: Kafka producer connected
2026-05-29T21:38:09.126Z [INFO]: REST API Adapter started successfully
2026-05-29T21:38:09.183Z [INFO]: Initializing REST API Adapter...
2026-05-29T21:38:09.183Z [INFO]: REST API Adapter: Kafka producer connected
2026-05-29T21:38:09.183Z [INFO]: REST API Adapter started successfully
2026-05-29T21:38:09.685Z [INFO]: Salesforce CRM Adapter: Kafka producer connected
2026-05-29T21:38:09.685Z [INFO]: Salesforce CRM Adapter started successfully
2026-05-29T21:38:09.695Z [INFO]: Initializing Salesforce CRM Adapter...
2026-05-29T21:38:09.695Z [INFO]: Salesforce CRM Adapter: Kafka producer connected
2026-05-29T21:38:09.695Z [INFO]: Salesforce CRM Adapter started successfully
2026-05-29T21:38:09.594Z [INFO]: Initializing Workflow Automation Service...
2026-05-29T21:38:08.997Z [INFO]: ShipBob Logistics Adapter: Kafka producer connected
2026-05-29T21:38:08.997Z [INFO]: ShipBob Logistics Adapter started successfully
2026-05-29T21:38:09.055Z [INFO]: Initializing ShipBob Logistics Adapter...
2026-05-29T21:38:09.055Z [INFO]: ShipBob Logistics Adapter: Kafka producer connected
2026-05-29T21:38:09.055Z [INFO]: ShipBob Logistics Adapter started successfully
2026-05-29T21:38:09.084Z [INFO]: Initializing ShipBob Logistics Adapter...
2026-05-29T21:38:09.084Z [INFO]: ShipBob Logistics Adapter: Kafka producer connected
2026-05-29T21:38:09.084Z [INFO]: ShipBob Logistics Adapter started successfully
2026-05-29T21:38:09.538Z [INFO]: Initializing Customization Service...
2026-05-29T21:38:09.538Z [INFO]: Customization Service: Kafka producer connected
2026-05-29T21:38:09.538Z [INFO]: Customization Service: Kafka consumer connected and handlers set up
2026-05-29T21:38:09.559Z [INFO]: Initializing Customization Service...
2026-05-29T21:38:09.559Z [INFO]: Customization Service: Kafka producer connected
2026-05-29T21:38:09.559Z [INFO]: Customization Service: Kafka consumer connected and handlers set up
2026-05-29T21:38:09.578Z [INFO]: Initializing Customization Service...
2026-05-29T21:38:09.578Z [INFO]: Customization Service: Kafka producer connected
2026-05-29T21:38:09.578Z [INFO]: Customization Service: Kafka consumer connected and handlers set up
2026-05-29T21:38:09.578Z [DEBUG]: Customization Service received message on topic customization.requested:
2026-05-29T21:38:09.578Z [INFO]: Customization Service: Processing customization request CUST-456
2026-05-29T21:38:09.578Z [ERROR]: Customization Service: Error handling customization requested: Customization is not a constructor
2026-05-29T21:38:09.894Z [INFO]: Initializing Customization Service...
2026-05-29T21:38:09.894Z [INFO]: Customization Service: Kafka producer connected
2026-05-29T21:38:09.894Z [INFO]: Customization Service: Kafka consumer connected and handlers set up
2026-05-29T21:38:09.894Z [DEBUG]: Customization Service received message on topic design.approved:
2026-05-29T21:38:09.894Z [INFO]: Customization Service: Processing design approval for CUST-456
2026-05-29T21:38:09.894Z [ERROR]: Customization Service: Error handling design approved: Customization.findOne is not a function
2026-05-29T21:38:09.923Z [INFO]: Initializing Customization Service...
2026-05-29T21:38:09.923Z [INFO]: Customization Service: Kafka producer connected
2026-05-29T21:38:09.923Z [INFO]: Customization Service: Kafka consumer connected and handlers set up
2026-05-29T21:38:09.923Z [DEBUG]: Customization Service received message on topic specification.updated:
2026-05-29T21:38:09.923Z [INFO]: Customization Service: Processing specification update for CUST-456
2026-05-29T21:38:09.923Z [ERROR]: Customization Service: Error handling specification updated: Customization.findOne is not a function
2026-05-29T21:38:09.941Z [INFO]: Initializing Customization Service...
2026-05-29T21:38:09.941Z [INFO]: Customization Service: Kafka producer connected
2026-05-29T21:38:09.941Z [INFO]: Customization Service: Kafka consumer connected and handlers set up
2026-05-29T21:38:09.941Z [DEBUG]: Customization Service received message on topic material.selected:
2026-05-29T21:38:09.941Z [INFO]: Customization Service: Processing material selection for CUST-456
2026-05-29T21:38:09.941Z [ERROR]: Customization Service: Error handling material selected: Customization.findOne is not a function
2026-05-29T21:38:09.958Z [INFO]: Initializing Customization Service...
2026-05-29T21:38:09.958Z [INFO]: Customization Service: Kafka producer connected
2026-05-29T21:38:09.958Z [INFO]: Customization Service: Kafka consumer connected and handlers set up
2026-05-29T21:38:09.958Z [DEBUG]: Customization Service received message on topic pricing.updated:
2026-05-29T21:38:09.958Z [INFO]: Customization Service: Processing pricing update for CUST-456
2026-05-29T21:38:09.958Z [ERROR]: Customization Service: Error handling pricing updated: Customization.findOne is not a function
2026-05-29T21:38:09.986Z [INFO]: Initializing Customization Service...
2026-05-29T21:38:09.986Z [INFO]: Customization Service: Kafka producer connected
2026-05-29T21:38:09.986Z [INFO]: Customization Service: Kafka consumer connected and handlers set up
2026-05-29T21:38:09.986Z [DEBUG]: Customization Service received message on topic production.ready:
2026-05-29T21:38:09.986Z [INFO]: Customization Service: Processing production ready for CUST-456
2026-05-29T21:38:09.986Z [ERROR]: Customization Service: Error handling production ready: Customization.findOne is not a function
2026-05-29T21:38:10.205Z [INFO]: Initializing SAP Product Adapter...
2026-05-29T21:38:10.205Z [INFO]: SAP Product Adapter: Kafka producer connected
2026-05-29T21:38:10.205Z [INFO]: SAP Product Adapter started successfully
2026-05-29T21:38:10.222Z [INFO]: Initializing SAP Product Adapter...
2026-05-29T21:38:10.222Z [INFO]: SAP Product Adapter: Kafka producer connected
2026-05-29T21:38:10.222Z [INFO]: SAP Product Adapter started successfully
2026-05-29T21:38:09.867Z [INFO]: Initializing Document Processing Pipeline...
2026-05-29T21:38:10.618Z [INFO]: Initializing Oracle Product Adapter...
2026-05-29T21:38:09.594Z [INFO]: Workflow Automation Service: Kafka connections established
2026-05-29T21:38:09.594Z [INFO]: Workflow Automation Service started successfully
2026-05-29T21:38:09.678Z [INFO]: Initializing Workflow Automation Service...
2026-05-29T21:38:09.678Z [INFO]: Workflow Automation Service: Kafka connections established
2026-05-29T21:38:09.678Z [INFO]: Workflow Automation Service started successfully
2026-05-29T21:38:09.721Z [INFO]: Initializing Workflow Automation Service...
2026-05-29T21:38:09.721Z [INFO]: Workflow Automation Service: Kafka connections established
2026-05-29T21:38:09.721Z [INFO]: Workflow Automation Service started successfully
2026-05-29T21:38:09.721Z [DEBUG]: Workflow Automation: Processing order.created
2026-05-29T21:38:09.721Z [INFO]: Workflow Automation: Processing order ORDER-456
2026-05-29T21:38:09.721Z [INFO]: Workflow Automation: Executing step credit-check for workflow order-fulfillment
2026-05-29T21:38:09.749Z [INFO]: Initializing Workflow Automation Service...
2026-05-29T21:38:09.749Z [INFO]: Workflow Automation Service: Kafka connections established
2026-05-29T21:38:09.749Z [INFO]: Workflow Automation Service started successfully
2026-05-29T21:38:09.749Z [DEBUG]: Workflow Automation: Processing inventory.changed
2026-05-29T21:38:09.749Z [INFO]: Workflow Automation: Processing inventory change for PROD-123
2026-05-29T21:38:09.749Z [INFO]: Workflow Automation: Executing step check-supplier-availability for workflow inventory-replenishment
2026-05-29T21:38:09.772Z [INFO]: Initializing Workflow Automation Service...
2026-05-29T21:38:09.772Z [INFO]: Workflow Automation Service: Kafka connections established
2026-05-29T21:38:09.772Z [INFO]: Workflow Automation Service started successfully
2026-05-29T21:38:09.772Z [DEBUG]: Workflow Automation: Processing supplier.risk.updated
2026-05-29T21:38:09.772Z [INFO]: Workflow Automation: Processing supplier risk update for SUP-789
2026-05-29T21:38:09.772Z [INFO]: Workflow Automation: Executing step assess-risk for workflow supplier-evaluation
2026-05-29T21:38:09.867Z [INFO]: Document Processing Pipeline: Kafka producer connected
2026-05-29T21:38:09.867Z [INFO]: Document Processing Pipeline started successfully
2026-05-29T21:38:09.891Z [INFO]: Initializing Document Processing Pipeline...
2026-05-29T21:38:09.891Z [INFO]: Document Processing Pipeline: Kafka producer connected
2026-05-29T21:38:09.891Z [INFO]: Document Processing Pipeline started successfully
2026-05-29T21:38:10.618Z [INFO]: Oracle Product Adapter: Kafka producer connected
2026-05-29T21:38:10.618Z [INFO]: Oracle Product Adapter started successfully
2026-05-29T21:38:10.627Z [INFO]: Initializing Oracle Product Adapter...
2026-05-29T21:38:10.627Z [INFO]: Oracle Product Adapter: Kafka producer connected
2026-05-29T21:38:10.627Z [INFO]: Oracle Product Adapter started successfully
2026-05-29T21:38:10.627Z [INFO]: Initializing HubSpot CRM Adapter...
2026-05-29T21:38:10.627Z [INFO]: HubSpot CRM Adapter: Kafka producer connected
2026-05-29T21:38:10.627Z [INFO]: HubSpot CRM Adapter started successfully
2026-05-29T21:38:10.640Z [INFO]: Initializing HubSpot CRM Adapter...
2026-05-29T21:38:10.640Z [INFO]: HubSpot CRM Adapter: Kafka producer connected
2026-05-29T21:38:10.640Z [INFO]: HubSpot CRM Adapter started successfully
2026-05-29T21:38:11.516Z [INFO]: Initializing Sourcing Service...
2026-05-29T21:38:11.516Z [INFO]: Sourcing Service: Seeded 8 suppliers into knowledge base
2026-05-29T21:38:11.516Z [INFO]: Sourcing Service: Kafka producer connected
2026-05-29T21:38:11.516Z [INFO]: Sourcing Service: Kafka consumer connected and handlers set up
2026-05-29T21:38:11.560Z [INFO]: Initializing Sourcing Service...
2026-05-29T21:38:11.560Z [INFO]: Sourcing Service: Seeded 8 suppliers into knowledge base
2026-05-29T21:38:11.560Z [INFO]: Sourcing Service: Kafka producer connected
2026-05-29T21:38:11.560Z [INFO]: Sourcing Service: Kafka consumer connected and handlers set up
2026-05-29T21:38:11.577Z [INFO]: Initializing Sourcing Service...
2026-05-29T21:38:11.577Z [INFO]: Sourcing Service: Seeded 8 suppliers into knowledge base
2026-05-29T21:38:11.577Z [INFO]: Sourcing Service: Kafka producer connected
2026-05-29T21:38:11.577Z [INFO]: Sourcing Service: Kafka consumer connected and handlers set up
2026-05-29T21:38:11.577Z [DEBUG]: Sourcing Service received message on topic product.query.received:
2026-05-29T21:38:11.577Z [INFO]: Sourcing Service: Processing product query QUERY-456
2026-05-29T21:38:11.577Z [ERROR]: Sourcing Service: Error handling product query received: Sourcing is not a constructor
2026-05-29T21:38:11.693Z [INFO]: Initializing Sourcing Service...
2026-05-29T21:38:11.693Z [INFO]: Sourcing Service: Seeded 8 suppliers into knowledge base
2026-05-29T21:38:11.693Z [INFO]: Sourcing Service: Kafka producer connected
2026-05-29T21:38:11.693Z [INFO]: Sourcing Service: Kafka consumer connected and handlers set up
2026-05-29T21:38:11.693Z [DEBUG]: Sourcing Service received message on topic product.catalog.updated:
2026-05-29T21:38:11.693Z [INFO]: Sourcing Service: Processing catalog update for product PROD-123
2026-05-29T21:38:11.706Z [INFO]: Initializing Sourcing Service...
2026-05-29T21:38:11.706Z [INFO]: Sourcing Service: Seeded 8 suppliers into knowledge base
2026-05-29T21:38:11.706Z [INFO]: Sourcing Service: Kafka producer connected
2026-05-29T21:38:11.706Z [INFO]: Sourcing Service: Kafka consumer connected and handlers set up
2026-05-29T21:38:11.706Z [DEBUG]: Sourcing Service received message on topic supplier.profile.updated:
2026-05-29T21:38:11.706Z [INFO]: Sourcing Service: Processing supplier profile update for SUP-789
2026-05-29T21:38:11.717Z [INFO]: Initializing Sourcing Service...
2026-05-29T21:38:11.717Z [INFO]: Sourcing Service: Seeded 8 suppliers into knowledge base
2026-05-29T21:38:11.717Z [INFO]: Sourcing Service: Kafka producer connected
2026-05-29T21:38:11.717Z [INFO]: Sourcing Service: Kafka consumer connected and handlers set up
2026-05-29T21:38:11.717Z [DEBUG]: Sourcing Service received message on topic market.trend.updated:
2026-05-29T21:38:11.717Z [INFO]: Sourcing Service: Processing market trend update for textiles
2026-05-29T21:38:11.767Z [INFO]: Initializing AI Intelligence Service...
2026-05-29T21:38:11.767Z [INFO]: AI Intelligence Service: Kafka consumer connected
2026-05-29T21:38:11.767Z [INFO]: AI Intelligence Service started successfully
2026-05-29T21:38:11.810Z [INFO]: Initializing AI Intelligence Service...
2026-05-29T21:38:11.810Z [INFO]: AI Intelligence Service: Kafka consumer connected
2026-05-29T21:38:11.810Z [INFO]: AI Intelligence Service started successfully
2026-05-29T21:38:11.829Z [INFO]: Initializing AI Intelligence Service...
2026-05-29T21:38:11.829Z [INFO]: AI Intelligence Service: Kafka consumer connected
2026-05-29T21:38:11.829Z [INFO]: AI Intelligence Service started successfully
2026-05-29T21:38:11.829Z [DEBUG]: AI Intelligence: Processing product.updated
2026-05-29T21:38:11.829Z [DEBUG]: AI Intelligence: Generated product_insight insight
2026-05-29T21:38:11.864Z [INFO]: Initializing AI Intelligence Service...
2026-05-29T21:38:11.864Z [INFO]: AI Intelligence Service: Kafka consumer connected
2026-05-29T21:38:11.864Z [INFO]: AI Intelligence Service started successfully
2026-05-29T21:38:11.864Z [DEBUG]: AI Intelligence: Processing order.created
2026-05-29T21:39:59.347Z [INFO]: Initializing Workflow Automation Service...
2026-05-29T21:39:59.347Z [INFO]: Workflow Automation Service: Kafka connections established
2026-05-29T21:39:59.347Z [INFO]: Workflow Automation Service started successfully
2026-05-29T21:39:59.422Z [INFO]: Initializing Workflow Automation Service...
2026-05-29T21:39:59.422Z [INFO]: Workflow Automation Service: Kafka connections established
2026-05-29T21:39:59.422Z [INFO]: Workflow Automation Service started successfully
2026-05-29T21:39:59.442Z [INFO]: Initializing Workflow Automation Service...
2026-05-29T21:39:59.442Z [INFO]: Workflow Automation Service: Kafka connections established
2026-05-29T21:39:59.442Z [INFO]: Workflow Automation Service started successfully
2026-05-29T21:39:59.442Z [DEBUG]: Workflow Automation: Processing order.created
2026-05-29T21:39:59.442Z [INFO]: Workflow Automation: Processing order ORDER-456
2026-05-29T21:39:59.442Z [INFO]: Workflow Automation: Executing step credit-check for workflow order-fulfillment
2026-05-29T21:39:59.474Z [INFO]: Initializing Workflow Automation Service...
2026-05-29T21:39:59.474Z [INFO]: Workflow Automation Service: Kafka connections established
2026-05-29T21:39:59.474Z [INFO]: Workflow Automation Service started successfully
2026-05-29T21:39:59.474Z [DEBUG]: Workflow Automation: Processing inventory.changed
2026-05-29T21:39:59.474Z [INFO]: Workflow Automation: Processing inventory change for PROD-123
2026-05-29T21:39:59.474Z [INFO]: Workflow Automation: Executing step check-supplier-availability for workflow inventory-replenishment
2026-05-29T21:39:59.493Z [INFO]: Initializing Workflow Automation Service...
2026-05-29T21:39:59.493Z [INFO]: Workflow Automation Service: Kafka connections established
2026-05-29T21:39:59.493Z [INFO]: Workflow Automation Service started successfully
2026-05-29T21:39:59.493Z [DEBUG]: Workflow Automation: Processing supplier.risk.updated
2026-05-29T21:39:59.493Z [INFO]: Workflow Automation: Processing supplier risk update for SUP-789
2026-05-29T21:39:59.493Z [INFO]: Workflow Automation: Executing step assess-risk for workflow supplier-evaluation
2026-05-29T21:39:59.918Z [INFO]: Initializing ShipBob Logistics Adapter...
2026-05-29T21:40:00.188Z [INFO]: Initializing REST API Adapter...
2026-05-29T21:40:00.195Z [INFO]: Initializing Flexport Logistics Adapter...
2026-05-29T21:39:59.918Z [INFO]: ShipBob Logistics Adapter: Kafka producer connected
2026-05-29T21:39:59.918Z [INFO]: ShipBob Logistics Adapter started successfully
2026-05-29T21:40:00.040Z [INFO]: Initializing ShipBob Logistics Adapter...
2026-05-29T21:40:00.040Z [INFO]: ShipBob Logistics Adapter: Kafka producer connected
2026-05-29T21:40:00.040Z [INFO]: ShipBob Logistics Adapter started successfully
2026-05-29T21:40:00.067Z [INFO]: Initializing ShipBob Logistics Adapter...
2026-05-29T21:40:00.067Z [INFO]: ShipBob Logistics Adapter: Kafka producer connected
2026-05-29T21:40:00.067Z [INFO]: ShipBob Logistics Adapter started successfully
2026-05-29T21:40:00.663Z [INFO]: Initializing Customization Service...
2026-05-29T21:40:00.188Z [INFO]: REST API Adapter: Kafka producer connected
2026-05-29T21:40:00.188Z [INFO]: REST API Adapter started successfully
2026-05-29T21:40:00.237Z [INFO]: Initializing REST API Adapter...
2026-05-29T21:40:00.237Z [INFO]: REST API Adapter: Kafka producer connected
2026-05-29T21:40:00.237Z [INFO]: REST API Adapter started successfully
2026-05-29T21:40:00.261Z [INFO]: Initializing REST API Adapter...
2026-05-29T21:40:00.261Z [INFO]: REST API Adapter: Kafka producer connected
2026-05-29T21:40:00.261Z [INFO]: REST API Adapter started successfully
2026-05-29T21:40:01.332Z [INFO]: Initializing Document Processing Pipeline...
2026-05-29T21:40:01.332Z [INFO]: Document Processing Pipeline: Kafka producer connected
2026-05-29T21:40:01.332Z [INFO]: Document Processing Pipeline started successfully
2026-05-29T21:40:01.370Z [INFO]: Initializing Document Processing Pipeline...
2026-05-29T21:40:01.370Z [INFO]: Document Processing Pipeline: Kafka producer connected
2026-05-29T21:40:01.370Z [INFO]: Document Processing Pipeline started successfully
2026-05-29T21:40:00.195Z [INFO]: Flexport Logistics Adapter: Kafka producer connected
2026-05-29T21:40:00.195Z [INFO]: Flexport Logistics Adapter started successfully
2026-05-29T21:40:00.259Z [INFO]: Initializing Flexport Logistics Adapter...
2026-05-29T21:40:00.259Z [INFO]: Flexport Logistics Adapter: Kafka producer connected
2026-05-29T21:40:00.259Z [INFO]: Flexport Logistics Adapter started successfully
2026-05-29T21:40:00.302Z [INFO]: Initializing Flexport Logistics Adapter...
2026-05-29T21:40:00.302Z [INFO]: Flexport Logistics Adapter: Kafka producer connected
2026-05-29T21:40:00.302Z [INFO]: Flexport Logistics Adapter started successfully
2026-05-29T21:40:01.113Z [INFO]: Initializing HubSpot CRM Adapter...
2026-05-29T21:40:01.113Z [INFO]: HubSpot CRM Adapter: Kafka producer connected
2026-05-29T21:40:01.113Z [INFO]: HubSpot CRM Adapter started successfully
2026-05-29T21:40:01.129Z [INFO]: Initializing HubSpot CRM Adapter...
2026-05-29T21:40:01.129Z [INFO]: HubSpot CRM Adapter: Kafka producer connected
2026-05-29T21:40:01.129Z [INFO]: HubSpot CRM Adapter started successfully
2026-05-29T21:40:01.765Z [INFO]: Initializing SAP Product Adapter...
2026-05-29T21:40:01.765Z [INFO]: SAP Product Adapter: Kafka producer connected
2026-05-29T21:40:01.765Z [INFO]: SAP Product Adapter started successfully
2026-05-29T21:40:01.775Z [INFO]: Initializing SAP Product Adapter...
2026-05-29T21:40:01.775Z [INFO]: SAP Product Adapter: Kafka producer connected
2026-05-29T21:40:01.775Z [INFO]: SAP Product Adapter started successfully
2026-05-29T21:40:01.501Z [INFO]: Initializing Oracle Product Adapter...
2026-05-29T21:40:01.501Z [INFO]: Oracle Product Adapter: Kafka producer connected
2026-05-29T21:40:01.501Z [INFO]: Oracle Product Adapter started successfully
2026-05-29T21:40:01.552Z [INFO]: Initializing Oracle Product Adapter...
2026-05-29T21:40:01.552Z [INFO]: Oracle Product Adapter: Kafka producer connected
2026-05-29T21:40:01.552Z [INFO]: Oracle Product Adapter started successfully
2026-05-29T21:40:00.663Z [INFO]: Customization Service: Kafka producer connected
2026-05-29T21:40:00.663Z [INFO]: Customization Service: Kafka consumer connected and handlers set up
2026-05-29T21:40:00.745Z [INFO]: Initializing Customization Service...
2026-05-29T21:40:00.745Z [INFO]: Customization Service: Kafka producer connected
2026-05-29T21:40:00.745Z [INFO]: Customization Service: Kafka consumer connected and handlers set up
2026-05-29T21:40:00.765Z [INFO]: Initializing Customization Service...
2026-05-29T21:40:00.765Z [INFO]: Customization Service: Kafka producer connected
2026-05-29T21:40:00.765Z [INFO]: Customization Service: Kafka consumer connected and handlers set up
2026-05-29T21:40:00.765Z [DEBUG]: Customization Service received message on topic customization.requested:
2026-05-29T21:40:00.765Z [INFO]: Customization Service: Processing customization request CUST-456
2026-05-29T21:40:00.765Z [ERROR]: Customization Service: Error handling customization requested: Customization is not a constructor
2026-05-29T21:40:01.186Z [INFO]: Initializing Customization Service...
2026-05-29T21:40:01.186Z [INFO]: Customization Service: Kafka producer connected
2026-05-29T21:40:01.186Z [INFO]: Customization Service: Kafka consumer connected and handlers set up
2026-05-29T21:40:01.186Z [DEBUG]: Customization Service received message on topic design.approved:
2026-05-29T21:40:01.186Z [INFO]: Customization Service: Processing design approval for CUST-456
2026-05-29T21:40:01.186Z [ERROR]: Customization Service: Error handling design approved: Customization.findOne is not a function
2026-05-29T21:40:01.212Z [INFO]: Initializing Customization Service...
2026-05-29T21:40:01.212Z [INFO]: Customization Service: Kafka producer connected
2026-05-29T21:40:01.212Z [INFO]: Customization Service: Kafka consumer connected and handlers set up
2026-05-29T21:40:01.212Z [DEBUG]: Customization Service received message on topic specification.updated:
2026-05-29T21:40:01.212Z [INFO]: Customization Service: Processing specification update for CUST-456
2026-05-29T21:40:01.212Z [ERROR]: Customization Service: Error handling specification updated: Customization.findOne is not a function
2026-05-29T21:40:01.234Z [INFO]: Initializing Customization Service...
2026-05-29T21:40:01.234Z [INFO]: Customization Service: Kafka producer connected
2026-05-29T21:40:01.234Z [INFO]: Customization Service: Kafka consumer connected and handlers set up
2026-05-29T21:40:01.234Z [DEBUG]: Customization Service received message on topic material.selected:
2026-05-29T21:40:01.234Z [INFO]: Customization Service: Processing material selection for CUST-456
2026-05-29T21:40:01.234Z [ERROR]: Customization Service: Error handling material selected: Customization.findOne is not a function
2026-05-29T21:40:01.281Z [INFO]: Initializing Customization Service...
2026-05-29T21:40:01.281Z [INFO]: Customization Service: Kafka producer connected
2026-05-29T21:40:01.281Z [INFO]: Customization Service: Kafka consumer connected and handlers set up
2026-05-29T21:40:01.281Z [DEBUG]: Customization Service received message on topic pricing.updated:
2026-05-29T21:40:01.281Z [INFO]: Customization Service: Processing pricing update for CUST-456
2026-05-29T21:40:01.281Z [ERROR]: Customization Service: Error handling pricing updated: Customization.findOne is not a function
2026-05-29T21:40:01.319Z [INFO]: Initializing Customization Service...
2026-05-29T21:40:01.319Z [INFO]: Customization Service: Kafka producer connected
2026-05-29T21:40:01.319Z [INFO]: Customization Service: Kafka consumer connected and handlers set up
2026-05-29T21:40:01.319Z [DEBUG]: Customization Service received message on topic production.ready:
2026-05-29T21:40:01.319Z [INFO]: Customization Service: Processing production ready for CUST-456
2026-05-29T21:40:01.319Z [ERROR]: Customization Service: Error handling production ready: Customization.findOne is not a function
2026-05-29T21:40:02.202Z [INFO]: Initializing Salesforce CRM Adapter...
2026-05-29T21:40:02.202Z [INFO]: Salesforce CRM Adapter: Kafka producer connected
2026-05-29T21:40:02.202Z [INFO]: Salesforce CRM Adapter started successfully
2026-05-29T21:40:02.222Z [INFO]: Initializing Salesforce CRM Adapter...
2026-05-29T21:40:02.222Z [INFO]: Salesforce CRM Adapter: Kafka producer connected
2026-05-29T21:40:02.222Z [INFO]: Salesforce CRM Adapter started successfully
2026-05-29T21:40:02.973Z [INFO]: Initializing AI Intelligence Service...
2026-05-29T21:40:02.973Z [INFO]: AI Intelligence Service: Kafka consumer connected
2026-05-29T21:40:02.973Z [INFO]: AI Intelligence Service started successfully
2026-05-29T21:40:03.066Z [INFO]: Initializing AI Intelligence Service...
2026-05-29T21:40:03.066Z [INFO]: AI Intelligence Service: Kafka consumer connected
2026-05-29T21:40:03.066Z [INFO]: AI Intelligence Service started successfully
2026-05-29T21:40:03.087Z [INFO]: Initializing AI Intelligence Service...
2026-05-29T21:40:03.087Z [INFO]: AI Intelligence Service: Kafka consumer connected
2026-05-29T21:40:03.087Z [INFO]: AI Intelligence Service started successfully
2026-05-29T21:40:03.087Z [DEBUG]: AI Intelligence: Processing product.updated
2026-05-29T21:40:03.087Z [DEBUG]: AI Intelligence: Generated product_insight insight
2026-05-29T21:40:03.110Z [INFO]: Initializing AI Intelligence Service...
2026-05-29T21:40:03.110Z [INFO]: AI Intelligence Service: Kafka consumer connected
2026-05-29T21:40:03.110Z [INFO]: AI Intelligence Service started successfully
2026-05-29T21:40:03.110Z [DEBUG]: AI Intelligence: Processing order.created
2026-05-29T21:40:03.356Z [INFO]: Initializing Sourcing Service...
2026-05-29T21:40:03.356Z [INFO]: Sourcing Service: Seeded 8 suppliers into knowledge base
2026-05-29T21:40:03.356Z [INFO]: Sourcing Service: Kafka producer connected
2026-05-29T21:40:03.356Z [INFO]: Sourcing Service: Kafka consumer connected and handlers set up
2026-05-29T21:40:03.410Z [INFO]: Initializing Sourcing Service...
2026-05-29T21:40:03.410Z [INFO]: Sourcing Service: Seeded 8 suppliers into knowledge base
2026-05-29T21:40:03.410Z [INFO]: Sourcing Service: Kafka producer connected
2026-05-29T21:40:03.410Z [INFO]: Sourcing Service: Kafka consumer connected and handlers set up
2026-05-29T21:40:03.425Z [INFO]: Initializing Sourcing Service...
2026-05-29T21:40:03.425Z [INFO]: Sourcing Service: Seeded 8 suppliers into knowledge base
2026-05-29T21:40:03.425Z [INFO]: Sourcing Service: Kafka producer connected
2026-05-29T21:40:03.425Z [INFO]: Sourcing Service: Kafka consumer connected and handlers set up
2026-05-29T21:40:03.425Z [DEBUG]: Sourcing Service received message on topic product.query.received:
2026-05-29T21:40:03.425Z [INFO]: Sourcing Service: Processing product query QUERY-456
2026-05-29T21:40:03.425Z [ERROR]: Sourcing Service: Error handling product query received: Sourcing is not a constructor
2026-05-29T21:40:03.525Z [INFO]: Initializing Sourcing Service...
2026-05-29T21:40:03.525Z [INFO]: Sourcing Service: Seeded 8 suppliers into knowledge base
2026-05-29T21:40:03.525Z [INFO]: Sourcing Service: Kafka producer connected
2026-05-29T21:40:03.525Z [INFO]: Sourcing Service: Kafka consumer connected and handlers set up
2026-05-29T21:40:03.525Z [DEBUG]: Sourcing Service received message on topic product.catalog.updated:
2026-05-29T21:40:03.525Z [INFO]: Sourcing Service: Processing catalog update for product PROD-123
2026-05-29T21:40:03.544Z [INFO]: Initializing Sourcing Service...
2026-05-29T21:40:03.544Z [INFO]: Sourcing Service: Seeded 8 suppliers into knowledge base
2026-05-29T21:40:03.544Z [INFO]: Sourcing Service: Kafka producer connected
2026-05-29T21:40:03.544Z [INFO]: Sourcing Service: Kafka consumer connected and handlers set up
2026-05-29T21:40:03.544Z [DEBUG]: Sourcing Service received message on topic supplier.profile.updated:
2026-05-29T21:40:03.544Z [INFO]: Sourcing Service: Processing supplier profile update for SUP-789
2026-05-29T21:40:03.561Z [INFO]: Initializing Sourcing Service...
2026-05-29T21:40:03.561Z [INFO]: Sourcing Service: Seeded 8 suppliers into knowledge base
2026-05-29T21:40:03.561Z [INFO]: Sourcing Service: Kafka producer connected
2026-05-29T21:40:03.561Z [INFO]: Sourcing Service: Kafka consumer connected and handlers set up
2026-05-29T21:40:03.561Z [DEBUG]: Sourcing Service received message on topic market.trend.updated:
2026-05-29T21:40:03.561Z [INFO]: Sourcing Service: Processing market trend update for textiles
2026-05-29T21:42:54.535Z [INFO]: Initializing Workflow Automation Service...
2026-05-29T21:42:55.228Z [INFO]: Initializing ShipBob Logistics Adapter...
2026-05-29T21:42:54.535Z [INFO]: Workflow Automation Service: Kafka connections established
2026-05-29T21:42:54.535Z [INFO]: Workflow Automation Service started successfully
2026-05-29T21:42:54.607Z [INFO]: Initializing Workflow Automation Service...
2026-05-29T21:42:54.607Z [INFO]: Workflow Automation Service: Kafka connections established
2026-05-29T21:42:54.607Z [INFO]: Workflow Automation Service started successfully
2026-05-29T21:42:54.641Z [INFO]: Initializing Workflow Automation Service...
2026-05-29T21:42:54.641Z [INFO]: Workflow Automation Service: Kafka connections established
2026-05-29T21:42:54.641Z [INFO]: Workflow Automation Service started successfully
2026-05-29T21:42:54.641Z [DEBUG]: Workflow Automation: Processing order.created
2026-05-29T21:42:54.641Z [INFO]: Workflow Automation: Processing order ORDER-456
2026-05-29T21:42:54.641Z [INFO]: Workflow Automation: Executing step credit-check for workflow order-fulfillment
2026-05-29T21:42:54.705Z [INFO]: Initializing Workflow Automation Service...
2026-05-29T21:42:54.705Z [INFO]: Workflow Automation Service: Kafka connections established
2026-05-29T21:42:54.705Z [INFO]: Workflow Automation Service started successfully
2026-05-29T21:42:54.705Z [DEBUG]: Workflow Automation: Processing inventory.changed
2026-05-29T21:42:54.705Z [INFO]: Workflow Automation: Processing inventory change for PROD-123
2026-05-29T21:42:54.705Z [INFO]: Workflow Automation: Executing step check-supplier-availability for workflow inventory-replenishment
2026-05-29T21:42:54.731Z [INFO]: Initializing Workflow Automation Service...
2026-05-29T21:42:54.731Z [INFO]: Workflow Automation Service: Kafka connections established
2026-05-29T21:42:54.731Z [INFO]: Workflow Automation Service started successfully
2026-05-29T21:42:54.731Z [DEBUG]: Workflow Automation: Processing supplier.risk.updated
2026-05-29T21:42:54.731Z [INFO]: Workflow Automation: Processing supplier risk update for SUP-789
2026-05-29T21:42:54.731Z [INFO]: Workflow Automation: Executing step assess-risk for workflow supplier-evaluation
2026-05-29T21:42:55.907Z [INFO]: Initializing REST API Adapter...
2026-05-29T21:42:55.228Z [INFO]: ShipBob Logistics Adapter: Kafka producer connected
2026-05-29T21:42:55.228Z [INFO]: ShipBob Logistics Adapter started successfully
2026-05-29T21:42:55.274Z [INFO]: Initializing ShipBob Logistics Adapter...
2026-05-29T21:42:55.274Z [INFO]: ShipBob Logistics Adapter: Kafka producer connected
2026-05-29T21:42:55.274Z [INFO]: ShipBob Logistics Adapter started successfully
2026-05-29T21:42:55.293Z [INFO]: Initializing ShipBob Logistics Adapter...
2026-05-29T21:42:55.293Z [INFO]: ShipBob Logistics Adapter: Kafka producer connected
2026-05-29T21:42:55.293Z [INFO]: ShipBob Logistics Adapter started successfully
2026-05-29T21:42:56.074Z [INFO]: Initializing Oracle Product Adapter...
2026-05-29T21:42:56.074Z [INFO]: Oracle Product Adapter: Kafka producer connected
2026-05-29T21:42:56.074Z [INFO]: Oracle Product Adapter started successfully
2026-05-29T21:42:56.117Z [INFO]: Initializing Oracle Product Adapter...
2026-05-29T21:42:56.117Z [INFO]: Oracle Product Adapter: Kafka producer connected
2026-05-29T21:42:56.117Z [INFO]: Oracle Product Adapter started successfully
2026-05-29T21:42:56.609Z [INFO]: Initializing SAP Product Adapter...
2026-05-29T21:42:56.609Z [INFO]: SAP Product Adapter: Kafka producer connected
2026-05-29T21:42:56.609Z [INFO]: SAP Product Adapter started successfully
2026-05-29T21:42:56.622Z [INFO]: Initializing SAP Product Adapter...
2026-05-29T21:42:56.622Z [INFO]: SAP Product Adapter: Kafka producer connected
2026-05-29T21:42:56.622Z [INFO]: SAP Product Adapter started successfully
2026-05-29T21:42:55.643Z [INFO]: Initializing Customization Service...
2026-05-29T21:42:55.643Z [INFO]: Customization Service: Kafka producer connected
2026-05-29T21:42:55.643Z [INFO]: Customization Service: Kafka consumer connected and handlers set up
2026-05-29T21:42:55.657Z [INFO]: Initializing Customization Service...
2026-05-29T21:42:55.657Z [INFO]: Customization Service: Kafka producer connected
2026-05-29T21:42:55.657Z [INFO]: Customization Service: Kafka consumer connected and handlers set up
2026-05-29T21:42:55.670Z [INFO]: Initializing Customization Service...
2026-05-29T21:42:55.670Z [INFO]: Customization Service: Kafka producer connected
2026-05-29T21:42:55.670Z [INFO]: Customization Service: Kafka consumer connected and handlers set up
2026-05-29T21:42:55.670Z [DEBUG]: Customization Service received message on topic customization.requested:
2026-05-29T21:42:55.670Z [INFO]: Customization Service: Processing customization request CUST-456
2026-05-29T21:42:55.670Z [ERROR]: Customization Service: Error handling customization requested: Customization is not a constructor
2026-05-29T21:42:55.887Z [INFO]: Initializing Customization Service...
2026-05-29T21:42:55.887Z [INFO]: Customization Service: Kafka producer connected
2026-05-29T21:42:55.887Z [INFO]: Customization Service: Kafka consumer connected and handlers set up
2026-05-29T21:42:55.887Z [DEBUG]: Customization Service received message on topic design.approved:
2026-05-29T21:42:55.887Z [INFO]: Customization Service: Processing design approval for CUST-456
2026-05-29T21:42:55.887Z [ERROR]: Customization Service: Error handling design approved: Customization.findOne is not a function
2026-05-29T21:42:55.903Z [INFO]: Initializing Customization Service...
2026-05-29T21:42:55.903Z [INFO]: Customization Service: Kafka producer connected
2026-05-29T21:42:55.903Z [INFO]: Customization Service: Kafka consumer connected and handlers set up
2026-05-29T21:42:55.903Z [DEBUG]: Customization Service received message on topic specification.updated:
2026-05-29T21:42:55.903Z [INFO]: Customization Service: Processing specification update for CUST-456
2026-05-29T21:42:55.903Z [ERROR]: Customization Service: Error handling specification updated: Customization.findOne is not a function
2026-05-29T21:42:55.929Z [INFO]: Initializing Customization Service...
2026-05-29T21:42:55.929Z [INFO]: Customization Service: Kafka producer connected
2026-05-29T21:42:55.929Z [INFO]: Customization Service: Kafka consumer connected and handlers set up
2026-05-29T21:42:55.929Z [DEBUG]: Customization Service received message on topic material.selected:
2026-05-29T21:42:55.929Z [INFO]: Customization Service: Processing material selection for CUST-456
2026-05-29T21:42:55.929Z [ERROR]: Customization Service: Error handling material selected: Customization.findOne is not a function
2026-05-29T21:42:55.937Z [INFO]: Initializing Customization Service...
2026-05-29T21:42:55.937Z [INFO]: Customization Service: Kafka producer connected
2026-05-29T21:42:55.937Z [INFO]: Customization Service: Kafka consumer connected and handlers set up
2026-05-29T21:42:55.937Z [DEBUG]: Customization Service received message on topic pricing.updated:
2026-05-29T21:42:55.937Z [INFO]: Customization Service: Processing pricing update for CUST-456
2026-05-29T21:42:55.937Z [ERROR]: Customization Service: Error handling pricing updated: Customization.findOne is not a function
2026-05-29T21:42:55.954Z [INFO]: Initializing Customization Service...
2026-05-29T21:42:55.954Z [INFO]: Customization Service: Kafka producer connected
2026-05-29T21:42:55.954Z [INFO]: Customization Service: Kafka consumer connected and handlers set up
2026-05-29T21:42:55.954Z [DEBUG]: Customization Service received message on topic production.ready:
2026-05-29T21:42:55.954Z [INFO]: Customization Service: Processing production ready for CUST-456
2026-05-29T21:42:55.954Z [ERROR]: Customization Service: Error handling production ready: Customization.findOne is not a function
2026-05-29T21:42:56.652Z [INFO]: Initializing HubSpot CRM Adapter...
2026-05-29T21:42:56.652Z [INFO]: HubSpot CRM Adapter: Kafka producer connected
2026-05-29T21:42:56.652Z [INFO]: HubSpot CRM Adapter started successfully
2026-05-29T21:42:56.673Z [INFO]: Initializing HubSpot CRM Adapter...
2026-05-29T21:42:56.673Z [INFO]: HubSpot CRM Adapter: Kafka producer connected
2026-05-29T21:42:56.673Z [INFO]: HubSpot CRM Adapter started successfully
2026-05-29T21:42:55.500Z [INFO]: Initializing Flexport Logistics Adapter...
2026-05-29T21:42:56.738Z [INFO]: Initializing Document Processing Pipeline...
2026-05-29T21:42:55.500Z [INFO]: Flexport Logistics Adapter: Kafka producer connected
2026-05-29T21:42:55.500Z [INFO]: Flexport Logistics Adapter started successfully
2026-05-29T21:42:55.612Z [INFO]: Initializing Flexport Logistics Adapter...
2026-05-29T21:42:55.612Z [INFO]: Flexport Logistics Adapter: Kafka producer connected
2026-05-29T21:42:55.612Z [INFO]: Flexport Logistics Adapter started successfully
2026-05-29T21:42:55.648Z [INFO]: Initializing Flexport Logistics Adapter...
2026-05-29T21:42:55.648Z [INFO]: Flexport Logistics Adapter: Kafka producer connected
2026-05-29T21:42:55.648Z [INFO]: Flexport Logistics Adapter started successfully
2026-05-29T21:42:56.738Z [INFO]: Document Processing Pipeline: Kafka producer connected
2026-05-29T21:42:56.738Z [INFO]: Document Processing Pipeline started successfully
2026-05-29T21:42:56.755Z [INFO]: Initializing Document Processing Pipeline...
2026-05-29T21:42:56.755Z [INFO]: Document Processing Pipeline: Kafka producer connected
2026-05-29T21:42:56.755Z [INFO]: Document Processing Pipeline started successfully
2026-05-29T21:42:55.907Z [INFO]: REST API Adapter: Kafka producer connected
2026-05-29T21:42:55.907Z [INFO]: REST API Adapter started successfully
2026-05-29T21:42:55.939Z [INFO]: Initializing REST API Adapter...
2026-05-29T21:42:55.939Z [INFO]: REST API Adapter: Kafka producer connected
2026-05-29T21:42:55.939Z [INFO]: REST API Adapter started successfully
2026-05-29T21:42:55.959Z [INFO]: Initializing REST API Adapter...
2026-05-29T21:42:55.959Z [INFO]: REST API Adapter: Kafka producer connected
2026-05-29T21:42:55.959Z [INFO]: REST API Adapter started successfully
2026-05-29T21:42:56.841Z [INFO]: Initializing Salesforce CRM Adapter...
2026-05-29T21:42:56.841Z [INFO]: Salesforce CRM Adapter: Kafka producer connected
2026-05-29T21:42:56.841Z [INFO]: Salesforce CRM Adapter started successfully
2026-05-29T21:42:56.862Z [INFO]: Initializing Salesforce CRM Adapter...
2026-05-29T21:42:56.862Z [INFO]: Salesforce CRM Adapter: Kafka producer connected
2026-05-29T21:42:56.862Z [INFO]: Salesforce CRM Adapter started successfully
2026-05-29T21:42:57.083Z [INFO]: Initializing Sourcing Service...
2026-05-29T21:42:57.083Z [INFO]: Sourcing Service: Seeded 8 suppliers into knowledge base
2026-05-29T21:42:57.083Z [INFO]: Sourcing Service: Kafka producer connected
2026-05-29T21:42:57.083Z [INFO]: Sourcing Service: Kafka consumer connected and handlers set up
2026-05-29T21:42:57.124Z [INFO]: Initializing Sourcing Service...
2026-05-29T21:42:57.124Z [INFO]: Sourcing Service: Seeded 8 suppliers into knowledge base
2026-05-29T21:42:57.124Z [INFO]: Sourcing Service: Kafka producer connected
2026-05-29T21:42:57.124Z [INFO]: Sourcing Service: Kafka consumer connected and handlers set up
2026-05-29T21:42:57.144Z [INFO]: Initializing Sourcing Service...
2026-05-29T21:42:57.144Z [INFO]: Sourcing Service: Seeded 8 suppliers into knowledge base
2026-05-29T21:42:57.144Z [INFO]: Sourcing Service: Kafka producer connected
2026-05-29T21:42:57.144Z [INFO]: Sourcing Service: Kafka consumer connected and handlers set up
2026-05-29T21:42:57.144Z [DEBUG]: Sourcing Service received message on topic product.query.received:
2026-05-29T21:42:57.144Z [INFO]: Sourcing Service: Processing product query QUERY-456
2026-05-29T21:42:57.144Z [ERROR]: Sourcing Service: Error handling product query received: Sourcing is not a constructor
2026-05-29T21:42:57.332Z [INFO]: Initializing Sourcing Service...
2026-05-29T21:42:57.332Z [INFO]: Sourcing Service: Seeded 8 suppliers into knowledge base
2026-05-29T21:42:57.332Z [INFO]: Sourcing Service: Kafka producer connected
2026-05-29T21:42:57.332Z [INFO]: Sourcing Service: Kafka consumer connected and handlers set up
2026-05-29T21:42:57.332Z [DEBUG]: Sourcing Service received message on topic product.catalog.updated:
2026-05-29T21:42:57.332Z [INFO]: Sourcing Service: Processing catalog update for product PROD-123
2026-05-29T21:42:57.408Z [INFO]: Initializing Sourcing Service...
2026-05-29T21:42:57.408Z [INFO]: Sourcing Service: Seeded 8 suppliers into knowledge base
2026-05-29T21:42:57.408Z [INFO]: Sourcing Service: Kafka producer connected
2026-05-29T21:42:57.408Z [INFO]: Sourcing Service: Kafka consumer connected and handlers set up
2026-05-29T21:42:57.408Z [DEBUG]: Sourcing Service received message on topic supplier.profile.updated:
2026-05-29T21:42:57.408Z [INFO]: Sourcing Service: Processing supplier profile update for SUP-789
2026-05-29T21:42:57.420Z [INFO]: Initializing Sourcing Service...
2026-05-29T21:42:57.420Z [INFO]: Sourcing Service: Seeded 8 suppliers into knowledge base
2026-05-29T21:42:57.420Z [INFO]: Sourcing Service: Kafka producer connected
2026-05-29T21:42:57.420Z [INFO]: Sourcing Service: Kafka consumer connected and handlers set up
2026-05-29T21:42:57.420Z [DEBUG]: Sourcing Service received message on topic market.trend.updated:
2026-05-29T21:42:57.420Z [INFO]: Sourcing Service: Processing market trend update for textiles
2026-05-29T21:42:57.797Z [INFO]: Initializing AI Intelligence Service...
2026-05-29T21:42:57.797Z [INFO]: AI Intelligence Service: Kafka consumer connected
2026-05-29T21:42:57.797Z [INFO]: AI Intelligence Service started successfully
2026-05-29T21:42:57.831Z [INFO]: Initializing AI Intelligence Service...
2026-05-29T21:42:57.831Z [INFO]: AI Intelligence Service: Kafka consumer connected
2026-05-29T21:42:57.831Z [INFO]: AI Intelligence Service started successfully
2026-05-29T21:42:57.857Z [INFO]: Initializing AI Intelligence Service...
2026-05-29T21:42:57.857Z [INFO]: AI Intelligence Service: Kafka consumer connected
2026-05-29T21:42:57.857Z [INFO]: AI Intelligence Service started successfully
2026-05-29T21:42:57.857Z [DEBUG]: AI Intelligence: Processing product.updated
2026-05-29T21:42:57.857Z [DEBUG]: AI Intelligence: Generated product_insight insight
2026-05-29T21:42:57.890Z [INFO]: Initializing AI Intelligence Service...
2026-05-29T21:42:57.890Z [INFO]: AI Intelligence Service: Kafka consumer connected
2026-05-29T21:42:57.890Z [INFO]: AI Intelligence Service started successfully
2026-05-29T21:42:57.890Z [DEBUG]: AI Intelligence: Processing order.created
2026-05-29T21:44:38.479Z [INFO]: Initializing Workflow Automation Service...
2026-05-29T21:44:38.796Z [INFO]: Initializing Flexport Logistics Adapter...
2026-05-29T21:44:38.824Z [INFO]: Initializing ShipBob Logistics Adapter...
2026-05-29T21:44:38.824Z [INFO]: ShipBob Logistics Adapter: Kafka producer connected
2026-05-29T21:44:38.824Z [INFO]: ShipBob Logistics Adapter started successfully
2026-05-29T21:44:38.907Z [INFO]: Initializing ShipBob Logistics Adapter...
2026-05-29T21:44:38.907Z [INFO]: ShipBob Logistics Adapter: Kafka producer connected
2026-05-29T21:44:38.907Z [INFO]: ShipBob Logistics Adapter started successfully
2026-05-29T21:44:38.956Z [INFO]: Initializing ShipBob Logistics Adapter...
2026-05-29T21:44:38.956Z [INFO]: ShipBob Logistics Adapter: Kafka producer connected
2026-05-29T21:44:38.956Z [INFO]: ShipBob Logistics Adapter started successfully
2026-05-29T21:44:39.434Z [INFO]: Initializing Salesforce CRM Adapter...
2026-05-29T21:44:39.434Z [INFO]: Salesforce CRM Adapter: Kafka producer connected
2026-05-29T21:44:39.434Z [INFO]: Salesforce CRM Adapter started successfully
2026-05-29T21:44:39.459Z [INFO]: Initializing Salesforce CRM Adapter...
2026-05-29T21:44:39.459Z [INFO]: Salesforce CRM Adapter: Kafka producer connected
2026-05-29T21:44:39.459Z [INFO]: Salesforce CRM Adapter started successfully
2026-05-29T21:44:39.884Z [INFO]: Initializing HubSpot CRM Adapter...
2026-05-29T21:44:38.796Z [INFO]: Flexport Logistics Adapter: Kafka producer connected
2026-05-29T21:44:38.796Z [INFO]: Flexport Logistics Adapter started successfully
2026-05-29T21:44:38.859Z [INFO]: Initializing Flexport Logistics Adapter...
2026-05-29T21:44:38.859Z [INFO]: Flexport Logistics Adapter: Kafka producer connected
2026-05-29T21:44:38.859Z [INFO]: Flexport Logistics Adapter started successfully
2026-05-29T21:44:38.906Z [INFO]: Initializing Flexport Logistics Adapter...
2026-05-29T21:44:38.906Z [INFO]: Flexport Logistics Adapter: Kafka producer connected
2026-05-29T21:44:38.906Z [INFO]: Flexport Logistics Adapter started successfully
2026-05-29T21:44:39.917Z [INFO]: Initializing Document Processing Pipeline...
2026-05-29T21:44:39.917Z [INFO]: Document Processing Pipeline: Kafka producer connected
2026-05-29T21:44:39.917Z [INFO]: Document Processing Pipeline started successfully
2026-05-29T21:44:39.935Z [INFO]: Initializing Document Processing Pipeline...
2026-05-29T21:44:39.935Z [INFO]: Document Processing Pipeline: Kafka producer connected
2026-05-29T21:44:39.935Z [INFO]: Document Processing Pipeline started successfully
2026-05-29T21:44:38.954Z [INFO]: Initializing REST API Adapter...
2026-05-29T21:44:39.832Z [INFO]: Initializing Oracle Product Adapter...
2026-05-29T21:44:38.954Z [INFO]: REST API Adapter: Kafka producer connected
2026-05-29T21:44:38.954Z [INFO]: REST API Adapter started successfully
2026-05-29T21:44:39.006Z [INFO]: Initializing REST API Adapter...
2026-05-29T21:44:39.006Z [INFO]: REST API Adapter: Kafka producer connected
2026-05-29T21:44:39.006Z [INFO]: REST API Adapter started successfully
2026-05-29T21:44:39.027Z [INFO]: Initializing REST API Adapter...
2026-05-29T21:44:39.027Z [INFO]: REST API Adapter: Kafka producer connected
2026-05-29T21:44:39.027Z [INFO]: REST API Adapter started successfully
2026-05-29T21:44:39.832Z [INFO]: Oracle Product Adapter: Kafka producer connected
2026-05-29T21:44:39.832Z [INFO]: Oracle Product Adapter started successfully
2026-05-29T21:44:39.863Z [INFO]: Initializing Oracle Product Adapter...
2026-05-29T21:44:39.863Z [INFO]: Oracle Product Adapter: Kafka producer connected
2026-05-29T21:44:39.863Z [INFO]: Oracle Product Adapter started successfully
2026-05-29T21:44:38.479Z [INFO]: Workflow Automation Service: Kafka connections established
2026-05-29T21:44:38.479Z [INFO]: Workflow Automation Service started successfully
2026-05-29T21:44:38.603Z [INFO]: Initializing Workflow Automation Service...
2026-05-29T21:44:38.603Z [INFO]: Workflow Automation Service: Kafka connections established
2026-05-29T21:44:38.603Z [INFO]: Workflow Automation Service started successfully
2026-05-29T21:44:38.653Z [INFO]: Initializing Workflow Automation Service...
2026-05-29T21:44:38.653Z [INFO]: Workflow Automation Service: Kafka connections established
2026-05-29T21:44:38.653Z [INFO]: Workflow Automation Service started successfully
2026-05-29T21:44:38.653Z [DEBUG]: Workflow Automation: Processing order.created
2026-05-29T21:44:38.653Z [INFO]: Workflow Automation: Processing order ORDER-456
2026-05-29T21:44:38.653Z [INFO]: Workflow Automation: Executing step credit-check for workflow order-fulfillment
2026-05-29T21:44:38.706Z [INFO]: Initializing Workflow Automation Service...
2026-05-29T21:44:38.706Z [INFO]: Workflow Automation Service: Kafka connections established
2026-05-29T21:44:38.706Z [INFO]: Workflow Automation Service started successfully
2026-05-29T21:44:38.706Z [DEBUG]: Workflow Automation: Processing inventory.changed
2026-05-29T21:44:38.706Z [INFO]: Workflow Automation: Processing inventory change for PROD-123
2026-05-29T21:44:38.706Z [INFO]: Workflow Automation: Executing step check-supplier-availability for workflow inventory-replenishment
2026-05-29T21:44:38.758Z [INFO]: Initializing Workflow Automation Service...
2026-05-29T21:44:38.758Z [INFO]: Workflow Automation Service: Kafka connections established
2026-05-29T21:44:38.758Z [INFO]: Workflow Automation Service started successfully
2026-05-29T21:44:38.758Z [DEBUG]: Workflow Automation: Processing supplier.risk.updated
2026-05-29T21:44:38.758Z [INFO]: Workflow Automation: Processing supplier risk update for SUP-789
2026-05-29T21:44:38.758Z [INFO]: Workflow Automation: Executing step assess-risk for workflow supplier-evaluation
2026-05-29T21:44:39.697Z [INFO]: Initializing Customization Service...
2026-05-29T21:44:39.697Z [INFO]: Customization Service: Kafka producer connected
2026-05-29T21:44:39.697Z [INFO]: Customization Service: Kafka consumer connected and handlers set up
2026-05-29T21:44:39.718Z [INFO]: Initializing Customization Service...
2026-05-29T21:44:39.718Z [INFO]: Customization Service: Kafka producer connected
2026-05-29T21:44:39.718Z [INFO]: Customization Service: Kafka consumer connected and handlers set up
2026-05-29T21:44:39.733Z [INFO]: Initializing Customization Service...
2026-05-29T21:44:39.733Z [INFO]: Customization Service: Kafka producer connected
2026-05-29T21:44:39.733Z [INFO]: Customization Service: Kafka consumer connected and handlers set up
2026-05-29T21:44:39.733Z [DEBUG]: Customization Service received message on topic customization.requested:
2026-05-29T21:44:39.733Z [INFO]: Customization Service: Processing customization request CUST-456
2026-05-29T21:44:39.733Z [ERROR]: Customization Service: Error handling customization requested: Customization is not a constructor
2026-05-29T21:44:40.033Z [INFO]: Initializing Customization Service...
2026-05-29T21:44:40.033Z [INFO]: Customization Service: Kafka producer connected
2026-05-29T21:44:40.033Z [INFO]: Customization Service: Kafka consumer connected and handlers set up
2026-05-29T21:44:40.033Z [DEBUG]: Customization Service received message on topic design.approved:
2026-05-29T21:44:40.033Z [INFO]: Customization Service: Processing design approval for CUST-456
2026-05-29T21:44:40.033Z [ERROR]: Customization Service: Error handling design approved: Customization.findOne is not a function
2026-05-29T21:44:40.063Z [INFO]: Initializing Customization Service...
2026-05-29T21:44:40.063Z [INFO]: Customization Service: Kafka producer connected
2026-05-29T21:44:40.063Z [INFO]: Customization Service: Kafka consumer connected and handlers set up
2026-05-29T21:44:40.063Z [DEBUG]: Customization Service received message on topic specification.updated:
2026-05-29T21:44:40.063Z [INFO]: Customization Service: Processing specification update for CUST-456
2026-05-29T21:44:40.063Z [ERROR]: Customization Service: Error handling specification updated: Customization.findOne is not a function
2026-05-29T21:44:40.107Z [INFO]: Initializing Customization Service...
2026-05-29T21:44:40.107Z [INFO]: Customization Service: Kafka producer connected
2026-05-29T21:44:40.107Z [INFO]: Customization Service: Kafka consumer connected and handlers set up
2026-05-29T21:44:40.107Z [DEBUG]: Customization Service received message on topic material.selected:
2026-05-29T21:44:40.107Z [INFO]: Customization Service: Processing material selection for CUST-456
2026-05-29T21:44:40.107Z [ERROR]: Customization Service: Error handling material selected: Customization.findOne is not a function
2026-05-29T21:44:40.140Z [INFO]: Initializing Customization Service...
2026-05-29T21:44:40.140Z [INFO]: Customization Service: Kafka producer connected
2026-05-29T21:44:40.140Z [INFO]: Customization Service: Kafka consumer connected and handlers set up
2026-05-29T21:44:40.140Z [DEBUG]: Customization Service received message on topic pricing.updated:
2026-05-29T21:44:40.140Z [INFO]: Customization Service: Processing pricing update for CUST-456
2026-05-29T21:44:40.140Z [ERROR]: Customization Service: Error handling pricing updated: Customization.findOne is not a function
2026-05-29T21:44:40.153Z [INFO]: Initializing Customization Service...
2026-05-29T21:44:40.153Z [INFO]: Customization Service: Kafka producer connected
2026-05-29T21:44:40.153Z [INFO]: Customization Service: Kafka consumer connected and handlers set up
2026-05-29T21:44:40.153Z [DEBUG]: Customization Service received message on topic production.ready:
2026-05-29T21:44:40.153Z [INFO]: Customization Service: Processing production ready for CUST-456
2026-05-29T21:44:40.153Z [ERROR]: Customization Service: Error handling production ready: Customization.findOne is not a function
2026-05-29T21:44:39.884Z [INFO]: HubSpot CRM Adapter: Kafka producer connected
2026-05-29T21:44:39.884Z [INFO]: HubSpot CRM Adapter started successfully
2026-05-29T21:44:39.892Z [INFO]: Initializing HubSpot CRM Adapter...
2026-05-29T21:44:39.892Z [INFO]: HubSpot CRM Adapter: Kafka producer connected
2026-05-29T21:44:39.892Z [INFO]: HubSpot CRM Adapter started successfully
2026-05-29T21:44:40.450Z [INFO]: Initializing SAP Product Adapter...
2026-05-29T21:44:40.450Z [INFO]: SAP Product Adapter: Kafka producer connected
2026-05-29T21:44:40.450Z [INFO]: SAP Product Adapter started successfully
2026-05-29T21:44:40.457Z [INFO]: Initializing SAP Product Adapter...
2026-05-29T21:44:40.457Z [INFO]: SAP Product Adapter: Kafka producer connected
2026-05-29T21:44:40.457Z [INFO]: SAP Product Adapter started successfully
2026-05-29T21:44:40.433Z [INFO]: Initializing Sourcing Service...
2026-05-29T21:44:40.433Z [INFO]: Sourcing Service: Seeded 8 suppliers into knowledge base
2026-05-29T21:44:40.433Z [INFO]: Sourcing Service: Kafka producer connected
2026-05-29T21:44:40.433Z [INFO]: Sourcing Service: Kafka consumer connected and handlers set up
2026-05-29T21:44:40.469Z [INFO]: Initializing Sourcing Service...
2026-05-29T21:44:40.469Z [INFO]: Sourcing Service: Seeded 8 suppliers into knowledge base
2026-05-29T21:44:40.469Z [INFO]: Sourcing Service: Kafka producer connected
2026-05-29T21:44:40.469Z [INFO]: Sourcing Service: Kafka consumer connected and handlers set up
2026-05-29T21:44:40.483Z [INFO]: Initializing Sourcing Service...
2026-05-29T21:44:40.483Z [INFO]: Sourcing Service: Seeded 8 suppliers into knowledge base
2026-05-29T21:44:40.483Z [INFO]: Sourcing Service: Kafka producer connected
2026-05-29T21:44:40.483Z [INFO]: Sourcing Service: Kafka consumer connected and handlers set up
2026-05-29T21:44:40.483Z [DEBUG]: Sourcing Service received message on topic product.query.received:
2026-05-29T21:44:40.483Z [INFO]: Sourcing Service: Processing product query QUERY-456
2026-05-29T21:44:40.483Z [ERROR]: Sourcing Service: Error handling product query received: Sourcing is not a constructor
2026-05-29T21:44:40.612Z [INFO]: Initializing Sourcing Service...
2026-05-29T21:44:40.612Z [INFO]: Sourcing Service: Seeded 8 suppliers into knowledge base
2026-05-29T21:44:40.612Z [INFO]: Sourcing Service: Kafka producer connected
2026-05-29T21:44:40.612Z [INFO]: Sourcing Service: Kafka consumer connected and handlers set up
2026-05-29T21:44:40.612Z [DEBUG]: Sourcing Service received message on topic product.catalog.updated:
2026-05-29T21:44:40.612Z [INFO]: Sourcing Service: Processing catalog update for product PROD-123
2026-05-29T21:44:40.624Z [INFO]: Initializing Sourcing Service...
2026-05-29T21:44:40.624Z [INFO]: Sourcing Service: Seeded 8 suppliers into knowledge base
2026-05-29T21:44:40.624Z [INFO]: Sourcing Service: Kafka producer connected
2026-05-29T21:44:40.624Z [INFO]: Sourcing Service: Kafka consumer connected and handlers set up
2026-05-29T21:44:40.624Z [DEBUG]: Sourcing Service received message on topic supplier.profile.updated:
2026-05-29T21:44:40.624Z [INFO]: Sourcing Service: Processing supplier profile update for SUP-789
2026-05-29T21:44:40.635Z [INFO]: Initializing Sourcing Service...
2026-05-29T21:44:40.635Z [INFO]: Sourcing Service: Seeded 8 suppliers into knowledge base
2026-05-29T21:44:40.635Z [INFO]: Sourcing Service: Kafka producer connected
2026-05-29T21:44:40.635Z [INFO]: Sourcing Service: Kafka consumer connected and handlers set up
2026-05-29T21:44:40.635Z [DEBUG]: Sourcing Service received message on topic market.trend.updated:
2026-05-29T21:44:40.635Z [INFO]: Sourcing Service: Processing market trend update for textiles
2026-05-29T21:44:41.009Z [INFO]: Initializing AI Intelligence Service...
2026-05-29T21:44:41.009Z [INFO]: AI Intelligence Service: Kafka consumer connected
2026-05-29T21:44:41.009Z [INFO]: AI Intelligence Service started successfully
2026-05-29T21:44:41.049Z [INFO]: Initializing AI Intelligence Service...
2026-05-29T21:44:41.049Z [INFO]: AI Intelligence Service: Kafka consumer connected
2026-05-29T21:44:41.049Z [INFO]: AI Intelligence Service started successfully
2026-05-29T21:44:41.063Z [INFO]: Initializing AI Intelligence Service...
2026-05-29T21:44:41.063Z [INFO]: AI Intelligence Service: Kafka consumer connected
2026-05-29T21:44:41.063Z [INFO]: AI Intelligence Service started successfully
2026-05-29T21:44:41.063Z [DEBUG]: AI Intelligence: Processing product.updated
2026-05-29T21:44:41.063Z [DEBUG]: AI Intelligence: Generated product_insight insight
2026-05-29T21:44:41.077Z [INFO]: Initializing AI Intelligence Service...
2026-05-29T21:44:41.077Z [INFO]: AI Intelligence Service: Kafka consumer connected
2026-05-29T21:44:41.077Z [INFO]: AI Intelligence Service started successfully
2026-05-29T21:44:41.077Z [DEBUG]: AI Intelligence: Processing order.created
2026-05-29T21:52:16.935Z [INFO]: Initializing Workflow Automation Service...
2026-05-29T21:52:16.935Z [INFO]: Workflow Automation Service: Kafka connections established
2026-05-29T21:52:16.935Z [INFO]: Workflow Automation Service started successfully
2026-05-29T21:52:16.976Z [INFO]: Initializing Workflow Automation Service...
2026-05-29T21:52:16.976Z [INFO]: Workflow Automation Service: Kafka connections established
2026-05-29T21:52:16.976Z [INFO]: Workflow Automation Service started successfully
2026-05-29T21:52:17.007Z [INFO]: Initializing Workflow Automation Service...
2026-05-29T21:52:17.007Z [INFO]: Workflow Automation Service: Kafka connections established
2026-05-29T21:52:17.007Z [INFO]: Workflow Automation Service started successfully
2026-05-29T21:52:17.007Z [DEBUG]: Workflow Automation: Processing order.created
2026-05-29T21:52:17.007Z [INFO]: Workflow Automation: Processing order ORDER-456
2026-05-29T21:52:17.007Z [INFO]: Workflow Automation: Executing step credit-check for workflow order-fulfillment
2026-05-29T21:52:17.049Z [INFO]: Initializing Workflow Automation Service...
2026-05-29T21:52:17.049Z [INFO]: Workflow Automation Service: Kafka connections established
2026-05-29T21:52:17.049Z [INFO]: Workflow Automation Service started successfully
2026-05-29T21:52:17.049Z [DEBUG]: Workflow Automation: Processing inventory.changed
2026-05-29T21:52:17.049Z [INFO]: Workflow Automation: Processing inventory change for PROD-123
2026-05-29T21:52:17.049Z [INFO]: Workflow Automation: Executing step check-supplier-availability for workflow inventory-replenishment
2026-05-29T21:52:17.064Z [INFO]: Initializing Workflow Automation Service...
2026-05-29T21:52:17.064Z [INFO]: Workflow Automation Service: Kafka connections established
2026-05-29T21:52:17.064Z [INFO]: Workflow Automation Service started successfully
2026-05-29T21:52:17.064Z [DEBUG]: Workflow Automation: Processing supplier.risk.updated
2026-05-29T21:52:17.064Z [INFO]: Workflow Automation: Processing supplier risk update for SUP-789
2026-05-29T21:52:17.064Z [INFO]: Workflow Automation: Executing step assess-risk for workflow supplier-evaluation
2026-05-29T21:52:17.066Z [INFO]: Initializing Flexport Logistics Adapter...
2026-05-29T21:52:17.089Z [INFO]: Initializing REST API Adapter...
2026-05-29T21:52:17.105Z [INFO]: Initializing ShipBob Logistics Adapter...
2026-05-29T21:52:17.066Z [INFO]: Flexport Logistics Adapter: Kafka producer connected
2026-05-29T21:52:17.066Z [INFO]: Flexport Logistics Adapter started successfully
2026-05-29T21:52:17.101Z [INFO]: Initializing Flexport Logistics Adapter...
2026-05-29T21:52:17.101Z [INFO]: Flexport Logistics Adapter: Kafka producer connected
2026-05-29T21:52:17.101Z [INFO]: Flexport Logistics Adapter started successfully
2026-05-29T21:52:17.111Z [INFO]: Initializing Flexport Logistics Adapter...
2026-05-29T21:52:17.111Z [INFO]: Flexport Logistics Adapter: Kafka producer connected
2026-05-29T21:52:17.111Z [INFO]: Flexport Logistics Adapter started successfully
2026-05-29T21:52:17.597Z [INFO]: Initializing Document Processing Pipeline...
2026-05-29T21:52:17.089Z [INFO]: REST API Adapter: Kafka producer connected
2026-05-29T21:52:17.089Z [INFO]: REST API Adapter started successfully
2026-05-29T21:52:17.126Z [INFO]: Initializing REST API Adapter...
2026-05-29T21:52:17.126Z [INFO]: REST API Adapter: Kafka producer connected
2026-05-29T21:52:17.126Z [INFO]: REST API Adapter started successfully
2026-05-29T21:52:17.175Z [INFO]: Initializing REST API Adapter...
2026-05-29T21:52:17.175Z [INFO]: REST API Adapter: Kafka producer connected
2026-05-29T21:52:17.175Z [INFO]: REST API Adapter started successfully
2026-05-29T21:52:17.105Z [INFO]: ShipBob Logistics Adapter: Kafka producer connected
2026-05-29T21:52:17.105Z [INFO]: ShipBob Logistics Adapter started successfully
2026-05-29T21:52:17.139Z [INFO]: Initializing ShipBob Logistics Adapter...
2026-05-29T21:52:17.139Z [INFO]: ShipBob Logistics Adapter: Kafka producer connected
2026-05-29T21:52:17.139Z [INFO]: ShipBob Logistics Adapter started successfully
2026-05-29T21:52:17.166Z [INFO]: Initializing ShipBob Logistics Adapter...
2026-05-29T21:52:17.166Z [INFO]: ShipBob Logistics Adapter: Kafka producer connected
2026-05-29T21:52:17.166Z [INFO]: ShipBob Logistics Adapter started successfully
2026-05-29T21:52:17.671Z [INFO]: Initializing SAP Product Adapter...
2026-05-29T21:52:17.696Z [INFO]: Initializing Oracle Product Adapter...
2026-05-29T21:52:17.696Z [INFO]: Oracle Product Adapter: Kafka producer connected
2026-05-29T21:52:17.696Z [INFO]: Oracle Product Adapter started successfully
2026-05-29T21:52:17.706Z [INFO]: Initializing Oracle Product Adapter...
2026-05-29T21:52:17.706Z [INFO]: Oracle Product Adapter: Kafka producer connected
2026-05-29T21:52:17.706Z [INFO]: Oracle Product Adapter started successfully
2026-05-29T21:52:17.686Z [INFO]: Initializing Customization Service...
2026-05-29T21:52:17.686Z [INFO]: Customization Service: Kafka producer connected
2026-05-29T21:52:17.686Z [INFO]: Customization Service: Kafka consumer connected and handlers set up
2026-05-29T21:52:17.726Z [INFO]: Initializing Customization Service...
2026-05-29T21:52:17.726Z [INFO]: Customization Service: Kafka producer connected
2026-05-29T21:52:17.726Z [INFO]: Customization Service: Kafka consumer connected and handlers set up
2026-05-29T21:52:17.731Z [INFO]: Initializing Customization Service...
2026-05-29T21:52:17.731Z [INFO]: Customization Service: Kafka producer connected
2026-05-29T21:52:17.731Z [INFO]: Customization Service: Kafka consumer connected and handlers set up
2026-05-29T21:52:17.731Z [DEBUG]: Customization Service received message on topic customization.requested:
2026-05-29T21:52:17.731Z [INFO]: Customization Service: Processing customization request CUST-456
2026-05-29T21:52:17.731Z [ERROR]: Customization Service: Error handling customization requested: Customization is not a constructor
2026-05-29T21:52:17.850Z [INFO]: Initializing Customization Service...
2026-05-29T21:52:17.850Z [INFO]: Customization Service: Kafka producer connected
2026-05-29T21:52:17.850Z [INFO]: Customization Service: Kafka consumer connected and handlers set up
2026-05-29T21:52:17.850Z [DEBUG]: Customization Service received message on topic design.approved:
2026-05-29T21:52:17.850Z [INFO]: Customization Service: Processing design approval for CUST-456
2026-05-29T21:52:17.850Z [ERROR]: Customization Service: Error handling design approved: Customization.findOne is not a function
2026-05-29T21:52:17.860Z [INFO]: Initializing Customization Service...
2026-05-29T21:52:17.860Z [INFO]: Customization Service: Kafka producer connected
2026-05-29T21:52:17.860Z [INFO]: Customization Service: Kafka consumer connected and handlers set up
2026-05-29T21:52:17.860Z [DEBUG]: Customization Service received message on topic specification.updated:
2026-05-29T21:52:17.860Z [INFO]: Customization Service: Processing specification update for CUST-456
2026-05-29T21:52:17.860Z [ERROR]: Customization Service: Error handling specification updated: Customization.findOne is not a function
2026-05-29T21:52:17.870Z [INFO]: Initializing Customization Service...
2026-05-29T21:52:17.870Z [INFO]: Customization Service: Kafka producer connected
2026-05-29T21:52:17.870Z [INFO]: Customization Service: Kafka consumer connected and handlers set up
2026-05-29T21:52:17.870Z [DEBUG]: Customization Service received message on topic material.selected:
2026-05-29T21:52:17.870Z [INFO]: Customization Service: Processing material selection for CUST-456
2026-05-29T21:52:17.870Z [ERROR]: Customization Service: Error handling material selected: Customization.findOne is not a function
2026-05-29T21:52:17.877Z [INFO]: Initializing Customization Service...
2026-05-29T21:52:17.877Z [INFO]: Customization Service: Kafka producer connected
2026-05-29T21:52:17.877Z [INFO]: Customization Service: Kafka consumer connected and handlers set up
2026-05-29T21:52:17.877Z [DEBUG]: Customization Service received message on topic pricing.updated:
2026-05-29T21:52:17.877Z [INFO]: Customization Service: Processing pricing update for CUST-456
2026-05-29T21:52:17.877Z [ERROR]: Customization Service: Error handling pricing updated: Customization.findOne is not a function
2026-05-29T21:52:17.885Z [INFO]: Initializing Customization Service...
2026-05-29T21:52:17.885Z [INFO]: Customization Service: Kafka producer connected
2026-05-29T21:52:17.885Z [INFO]: Customization Service: Kafka consumer connected and handlers set up
2026-05-29T21:52:17.885Z [DEBUG]: Customization Service received message on topic production.ready:
2026-05-29T21:52:17.885Z [INFO]: Customization Service: Processing production ready for CUST-456
2026-05-29T21:52:17.885Z [ERROR]: Customization Service: Error handling production ready: Customization.findOne is not a function
2026-05-29T21:52:17.597Z [INFO]: Document Processing Pipeline: Kafka producer connected
2026-05-29T21:52:17.597Z [INFO]: Document Processing Pipeline started successfully
2026-05-29T21:52:17.610Z [INFO]: Initializing Document Processing Pipeline...
2026-05-29T21:52:17.610Z [INFO]: Document Processing Pipeline: Kafka producer connected
2026-05-29T21:52:17.610Z [INFO]: Document Processing Pipeline started successfully
2026-05-29T21:52:17.956Z [INFO]: Initializing Salesforce CRM Adapter...
2026-05-29T21:52:17.956Z [INFO]: Salesforce CRM Adapter: Kafka producer connected
2026-05-29T21:52:17.956Z [INFO]: Salesforce CRM Adapter started successfully
2026-05-29T21:52:17.963Z [INFO]: Initializing Salesforce CRM Adapter...
2026-05-29T21:52:17.963Z [INFO]: Salesforce CRM Adapter: Kafka producer connected
2026-05-29T21:52:17.963Z [INFO]: Salesforce CRM Adapter started successfully
2026-05-29T21:52:17.671Z [INFO]: SAP Product Adapter: Kafka producer connected
2026-05-29T21:52:17.671Z [INFO]: SAP Product Adapter started successfully
2026-05-29T21:52:17.683Z [INFO]: Initializing SAP Product Adapter...
2026-05-29T21:52:17.683Z [INFO]: SAP Product Adapter: Kafka producer connected
2026-05-29T21:52:17.683Z [INFO]: SAP Product Adapter started successfully
2026-05-29T21:52:17.998Z [INFO]: Initializing HubSpot CRM Adapter...
2026-05-29T21:52:17.998Z [INFO]: HubSpot CRM Adapter: Kafka producer connected
2026-05-29T21:52:17.998Z [INFO]: HubSpot CRM Adapter started successfully
2026-05-29T21:52:18.004Z [INFO]: Initializing HubSpot CRM Adapter...
2026-05-29T21:52:18.004Z [INFO]: HubSpot CRM Adapter: Kafka producer connected
2026-05-29T21:52:18.004Z [INFO]: HubSpot CRM Adapter started successfully
2026-05-29T21:52:18.699Z [INFO]: Initializing AI Intelligence Service...
2026-05-29T21:52:18.699Z [INFO]: AI Intelligence Service: Kafka consumer connected
2026-05-29T21:52:18.699Z [INFO]: AI Intelligence Service started successfully
2026-05-29T21:52:18.721Z [INFO]: Initializing AI Intelligence Service...
2026-05-29T21:52:18.721Z [INFO]: AI Intelligence Service: Kafka consumer connected
2026-05-29T21:52:18.721Z [INFO]: AI Intelligence Service started successfully
2026-05-29T21:52:18.731Z [INFO]: Initializing AI Intelligence Service...
2026-05-29T21:52:18.731Z [INFO]: AI Intelligence Service: Kafka consumer connected
2026-05-29T21:52:18.731Z [INFO]: AI Intelligence Service started successfully
2026-05-29T21:52:18.731Z [DEBUG]: AI Intelligence: Processing product.updated
2026-05-29T21:52:18.731Z [DEBUG]: AI Intelligence: Generated product_insight insight
2026-05-29T21:52:18.741Z [INFO]: Initializing AI Intelligence Service...
2026-05-29T21:52:18.741Z [INFO]: AI Intelligence Service: Kafka consumer connected
2026-05-29T21:52:18.741Z [INFO]: AI Intelligence Service started successfully
2026-05-29T21:52:18.741Z [DEBUG]: AI Intelligence: Processing order.created
2026-05-29T21:52:18.653Z [INFO]: Initializing Sourcing Service...
2026-05-29T21:52:18.653Z [INFO]: Sourcing Service: Seeded 8 suppliers into knowledge base
2026-05-29T21:52:18.653Z [INFO]: Sourcing Service: Kafka producer connected
2026-05-29T21:52:18.653Z [INFO]: Sourcing Service: Kafka consumer connected and handlers set up
2026-05-29T21:52:18.682Z [INFO]: Initializing Sourcing Service...
2026-05-29T21:52:18.682Z [INFO]: Sourcing Service: Seeded 8 suppliers into knowledge base
2026-05-29T21:52:18.682Z [INFO]: Sourcing Service: Kafka producer connected
2026-05-29T21:52:18.682Z [INFO]: Sourcing Service: Kafka consumer connected and handlers set up
2026-05-29T21:52:18.692Z [INFO]: Initializing Sourcing Service...
2026-05-29T21:52:18.692Z [INFO]: Sourcing Service: Seeded 8 suppliers into knowledge base
2026-05-29T21:52:18.692Z [INFO]: Sourcing Service: Kafka producer connected
2026-05-29T21:52:18.692Z [INFO]: Sourcing Service: Kafka consumer connected and handlers set up
2026-05-29T21:52:18.692Z [DEBUG]: Sourcing Service received message on topic product.query.received:
2026-05-29T21:52:18.692Z [INFO]: Sourcing Service: Processing product query QUERY-456
2026-05-29T21:52:18.692Z [ERROR]: Sourcing Service: Error handling product query received: Sourcing is not a constructor
2026-05-29T21:52:18.754Z [INFO]: Initializing Sourcing Service...
2026-05-29T21:52:18.754Z [INFO]: Sourcing Service: Seeded 8 suppliers into knowledge base
2026-05-29T21:52:18.754Z [INFO]: Sourcing Service: Kafka producer connected
2026-05-29T21:52:18.754Z [INFO]: Sourcing Service: Kafka consumer connected and handlers set up
2026-05-29T21:52:18.754Z [DEBUG]: Sourcing Service received message on topic product.catalog.updated:
2026-05-29T21:52:18.754Z [INFO]: Sourcing Service: Processing catalog update for product PROD-123
2026-05-29T21:52:18.761Z [INFO]: Initializing Sourcing Service...
2026-05-29T21:52:18.761Z [INFO]: Sourcing Service: Seeded 8 suppliers into knowledge base
2026-05-29T21:52:18.761Z [INFO]: Sourcing Service: Kafka producer connected
2026-05-29T21:52:18.761Z [INFO]: Sourcing Service: Kafka consumer connected and handlers set up
2026-05-29T21:52:18.761Z [DEBUG]: Sourcing Service received message on topic supplier.profile.updated:
2026-05-29T21:52:18.761Z [INFO]: Sourcing Service: Processing supplier profile update for SUP-789
2026-05-29T21:52:18.767Z [INFO]: Initializing Sourcing Service...
2026-05-29T21:52:18.767Z [INFO]: Sourcing Service: Seeded 8 suppliers into knowledge base
2026-05-29T21:52:18.767Z [INFO]: Sourcing Service: Kafka producer connected
2026-05-29T21:52:18.767Z [INFO]: Sourcing Service: Kafka consumer connected and handlers set up
2026-05-29T21:52:18.767Z [DEBUG]: Sourcing Service received message on topic market.trend.updated:
2026-05-29T21:52:18.767Z [INFO]: Sourcing Service: Processing market trend update for textiles
2026-05-29T21:54:23.097Z [INFO]: Initializing REST API Adapter...
2026-05-29T21:54:23.329Z [INFO]: Initializing Workflow Automation Service...
2026-05-29T21:54:23.329Z [INFO]: Workflow Automation Service: Kafka connections established
2026-05-29T21:54:23.329Z [INFO]: Workflow Automation Service started successfully
2026-05-29T21:54:23.371Z [INFO]: Initializing Workflow Automation Service...
2026-05-29T21:54:23.371Z [INFO]: Workflow Automation Service: Kafka connections established
2026-05-29T21:54:23.371Z [INFO]: Workflow Automation Service started successfully
2026-05-29T21:54:23.390Z [INFO]: Initializing Workflow Automation Service...
2026-05-29T21:54:23.390Z [INFO]: Workflow Automation Service: Kafka connections established
2026-05-29T21:54:23.390Z [INFO]: Workflow Automation Service started successfully
2026-05-29T21:54:23.390Z [DEBUG]: Workflow Automation: Processing order.created
2026-05-29T21:54:23.390Z [INFO]: Workflow Automation: Processing order ORDER-456
2026-05-29T21:54:23.390Z [INFO]: Workflow Automation: Executing step credit-check for workflow order-fulfillment
2026-05-29T21:54:23.453Z [INFO]: Initializing Workflow Automation Service...
2026-05-29T21:54:23.453Z [INFO]: Workflow Automation Service: Kafka connections established
2026-05-29T21:54:23.453Z [INFO]: Workflow Automation Service started successfully
2026-05-29T21:54:23.453Z [DEBUG]: Workflow Automation: Processing inventory.changed
2026-05-29T21:54:23.453Z [INFO]: Workflow Automation: Processing inventory change for PROD-123
2026-05-29T21:54:23.453Z [INFO]: Workflow Automation: Executing step check-supplier-availability for workflow inventory-replenishment
2026-05-29T21:54:23.474Z [INFO]: Initializing Workflow Automation Service...
2026-05-29T21:54:23.474Z [INFO]: Workflow Automation Service: Kafka connections established
2026-05-29T21:54:23.474Z [INFO]: Workflow Automation Service started successfully
2026-05-29T21:54:23.474Z [DEBUG]: Workflow Automation: Processing supplier.risk.updated
2026-05-29T21:54:23.474Z [INFO]: Workflow Automation: Processing supplier risk update for SUP-789
2026-05-29T21:54:23.474Z [INFO]: Workflow Automation: Executing step assess-risk for workflow supplier-evaluation
2026-05-29T21:54:24.638Z [INFO]: Initializing Oracle Product Adapter...
2026-05-29T21:54:23.379Z [INFO]: Initializing Flexport Logistics Adapter...
2026-05-29T21:54:24.346Z [INFO]: Initializing Document Processing Pipeline...
2026-05-29T21:54:23.379Z [INFO]: Flexport Logistics Adapter: Kafka producer connected
2026-05-29T21:54:23.379Z [INFO]: Flexport Logistics Adapter started successfully
2026-05-29T21:54:23.465Z [INFO]: Initializing Flexport Logistics Adapter...
2026-05-29T21:54:23.465Z [INFO]: Flexport Logistics Adapter: Kafka producer connected
2026-05-29T21:54:23.465Z [INFO]: Flexport Logistics Adapter started successfully
2026-05-29T21:54:23.488Z [INFO]: Initializing Flexport Logistics Adapter...
2026-05-29T21:54:23.488Z [INFO]: Flexport Logistics Adapter: Kafka producer connected
2026-05-29T21:54:23.488Z [INFO]: Flexport Logistics Adapter started successfully
2026-05-29T21:54:24.346Z [INFO]: Document Processing Pipeline: Kafka producer connected
2026-05-29T21:54:24.346Z [INFO]: Document Processing Pipeline started successfully
2026-05-29T21:54:24.373Z [INFO]: Initializing Document Processing Pipeline...
2026-05-29T21:54:24.373Z [INFO]: Document Processing Pipeline: Kafka producer connected
2026-05-29T21:54:24.373Z [INFO]: Document Processing Pipeline started successfully
2026-05-29T21:54:24.866Z [INFO]: Initializing Salesforce CRM Adapter...
2026-05-29T21:54:24.866Z [INFO]: Salesforce CRM Adapter: Kafka producer connected
2026-05-29T21:54:24.866Z [INFO]: Salesforce CRM Adapter started successfully
2026-05-29T21:54:24.878Z [INFO]: Initializing Salesforce CRM Adapter...
2026-05-29T21:54:24.878Z [INFO]: Salesforce CRM Adapter: Kafka producer connected
2026-05-29T21:54:24.878Z [INFO]: Salesforce CRM Adapter started successfully
2026-05-29T21:54:23.598Z [INFO]: Initializing ShipBob Logistics Adapter...
2026-05-29T21:54:24.965Z [INFO]: Initializing SAP Product Adapter...
2026-05-29T21:54:23.598Z [INFO]: ShipBob Logistics Adapter: Kafka producer connected
2026-05-29T21:54:23.598Z [INFO]: ShipBob Logistics Adapter started successfully
2026-05-29T21:54:23.642Z [INFO]: Initializing ShipBob Logistics Adapter...
2026-05-29T21:54:23.642Z [INFO]: ShipBob Logistics Adapter: Kafka producer connected
2026-05-29T21:54:23.642Z [INFO]: ShipBob Logistics Adapter started successfully
2026-05-29T21:54:23.721Z [INFO]: Initializing ShipBob Logistics Adapter...
2026-05-29T21:54:23.721Z [INFO]: ShipBob Logistics Adapter: Kafka producer connected
2026-05-29T21:54:23.721Z [INFO]: ShipBob Logistics Adapter started successfully
2026-05-29T21:54:24.965Z [INFO]: SAP Product Adapter: Kafka producer connected
2026-05-29T21:54:24.965Z [INFO]: SAP Product Adapter started successfully
2026-05-29T21:54:24.974Z [INFO]: Initializing SAP Product Adapter...
2026-05-29T21:54:24.974Z [INFO]: SAP Product Adapter: Kafka producer connected
2026-05-29T21:54:24.974Z [INFO]: SAP Product Adapter started successfully
2026-05-29T21:54:24.638Z [INFO]: Oracle Product Adapter: Kafka producer connected
2026-05-29T21:54:24.638Z [INFO]: Oracle Product Adapter started successfully
2026-05-29T21:54:24.654Z [INFO]: Initializing Oracle Product Adapter...
2026-05-29T21:54:24.654Z [INFO]: Oracle Product Adapter: Kafka producer connected
2026-05-29T21:54:24.654Z [INFO]: Oracle Product Adapter started successfully
2026-05-29T21:54:25.148Z [INFO]: Initializing HubSpot CRM Adapter...
2026-05-29T21:54:25.148Z [INFO]: HubSpot CRM Adapter: Kafka producer connected
2026-05-29T21:54:25.148Z [INFO]: HubSpot CRM Adapter started successfully
2026-05-29T21:54:25.157Z [INFO]: Initializing HubSpot CRM Adapter...
2026-05-29T21:54:25.157Z [INFO]: HubSpot CRM Adapter: Kafka producer connected
2026-05-29T21:54:25.157Z [INFO]: HubSpot CRM Adapter started successfully
2026-05-29T21:54:23.097Z [INFO]: REST API Adapter: Kafka producer connected
2026-05-29T21:54:23.097Z [INFO]: REST API Adapter started successfully
2026-05-29T21:54:23.147Z [INFO]: Initializing REST API Adapter...
2026-05-29T21:54:23.147Z [INFO]: REST API Adapter: Kafka producer connected
2026-05-29T21:54:23.147Z [INFO]: REST API Adapter started successfully
2026-05-29T21:54:23.180Z [INFO]: Initializing REST API Adapter...
2026-05-29T21:54:23.180Z [INFO]: REST API Adapter: Kafka producer connected
2026-05-29T21:54:23.180Z [INFO]: REST API Adapter started successfully
2026-05-29T21:54:25.595Z [INFO]: Initializing Customization Service...
2026-05-29T21:54:25.595Z [INFO]: Customization Service: Kafka producer connected
2026-05-29T21:54:25.595Z [INFO]: Customization Service: Kafka consumer connected and handlers set up
2026-05-29T21:54:25.624Z [INFO]: Initializing Customization Service...
2026-05-29T21:54:25.624Z [INFO]: Customization Service: Kafka producer connected
2026-05-29T21:54:25.624Z [INFO]: Customization Service: Kafka consumer connected and handlers set up
2026-05-29T21:54:25.638Z [INFO]: Initializing Customization Service...
2026-05-29T21:54:25.638Z [INFO]: Customization Service: Kafka producer connected
2026-05-29T21:54:25.638Z [INFO]: Customization Service: Kafka consumer connected and handlers set up
2026-05-29T21:54:25.638Z [DEBUG]: Customization Service received message on topic customization.requested:
2026-05-29T21:54:25.638Z [INFO]: Customization Service: Processing customization request CUST-456
2026-05-29T21:54:25.638Z [ERROR]: Customization Service: Error handling customization requested: Customization is not a constructor
2026-05-29T21:54:25.749Z [INFO]: Initializing Customization Service...
2026-05-29T21:54:25.749Z [INFO]: Customization Service: Kafka producer connected
2026-05-29T21:54:25.749Z [INFO]: Customization Service: Kafka consumer connected and handlers set up
2026-05-29T21:54:25.749Z [DEBUG]: Customization Service received message on topic design.approved:
2026-05-29T21:54:25.749Z [INFO]: Customization Service: Processing design approval for CUST-456
2026-05-29T21:54:25.749Z [ERROR]: Customization Service: Error handling design approved: Customization.findOne is not a function
2026-05-29T21:54:25.774Z [INFO]: Initializing Customization Service...
2026-05-29T21:54:25.774Z [INFO]: Customization Service: Kafka producer connected
2026-05-29T21:54:25.774Z [INFO]: Customization Service: Kafka consumer connected and handlers set up
2026-05-29T21:54:25.774Z [DEBUG]: Customization Service received message on topic specification.updated:
2026-05-29T21:54:25.774Z [INFO]: Customization Service: Processing specification update for CUST-456
2026-05-29T21:54:25.774Z [ERROR]: Customization Service: Error handling specification updated: Customization.findOne is not a function
2026-05-29T21:54:25.814Z [INFO]: Initializing Customization Service...
2026-05-29T21:54:25.814Z [INFO]: Customization Service: Kafka producer connected
2026-05-29T21:54:25.814Z [INFO]: Customization Service: Kafka consumer connected and handlers set up
2026-05-29T21:54:25.814Z [DEBUG]: Customization Service received message on topic material.selected:
2026-05-29T21:54:25.814Z [INFO]: Customization Service: Processing material selection for CUST-456
2026-05-29T21:54:25.814Z [ERROR]: Customization Service: Error handling material selected: Customization.findOne is not a function
2026-05-29T21:54:25.835Z [INFO]: Initializing Customization Service...
2026-05-29T21:54:25.835Z [INFO]: Customization Service: Kafka producer connected
2026-05-29T21:54:25.835Z [INFO]: Customization Service: Kafka consumer connected and handlers set up
2026-05-29T21:54:25.835Z [DEBUG]: Customization Service received message on topic pricing.updated:
2026-05-29T21:54:25.835Z [INFO]: Customization Service: Processing pricing update for CUST-456
2026-05-29T21:54:25.835Z [ERROR]: Customization Service: Error handling pricing updated: Customization.findOne is not a function
2026-05-29T21:54:25.853Z [INFO]: Initializing Customization Service...
2026-05-29T21:54:25.853Z [INFO]: Customization Service: Kafka producer connected
2026-05-29T21:54:25.853Z [INFO]: Customization Service: Kafka consumer connected and handlers set up
2026-05-29T21:54:25.853Z [DEBUG]: Customization Service received message on topic production.ready:
2026-05-29T21:54:25.853Z [INFO]: Customization Service: Processing production ready for CUST-456
2026-05-29T21:54:25.853Z [ERROR]: Customization Service: Error handling production ready: Customization.findOne is not a function
2026-05-29T21:54:25.866Z [INFO]: Initializing Sourcing Service...
2026-05-29T21:54:25.866Z [INFO]: Sourcing Service: Seeded 8 suppliers into knowledge base
2026-05-29T21:54:25.866Z [INFO]: Sourcing Service: Kafka producer connected
2026-05-29T21:54:25.866Z [INFO]: Sourcing Service: Kafka consumer connected and handlers set up
2026-05-29T21:54:25.908Z [INFO]: Initializing Sourcing Service...
2026-05-29T21:54:25.908Z [INFO]: Sourcing Service: Seeded 8 suppliers into knowledge base
2026-05-29T21:54:25.908Z [INFO]: Sourcing Service: Kafka producer connected
2026-05-29T21:54:25.908Z [INFO]: Sourcing Service: Kafka consumer connected and handlers set up
2026-05-29T21:54:25.921Z [INFO]: Initializing Sourcing Service...
2026-05-29T21:54:25.921Z [INFO]: Sourcing Service: Seeded 8 suppliers into knowledge base
2026-05-29T21:54:25.921Z [INFO]: Sourcing Service: Kafka producer connected
2026-05-29T21:54:25.921Z [INFO]: Sourcing Service: Kafka consumer connected and handlers set up
2026-05-29T21:54:25.921Z [DEBUG]: Sourcing Service received message on topic product.query.received:
2026-05-29T21:54:25.921Z [INFO]: Sourcing Service: Processing product query QUERY-456
2026-05-29T21:54:25.921Z [ERROR]: Sourcing Service: Error handling product query received: Sourcing is not a constructor
2026-05-29T21:54:26.048Z [INFO]: Initializing Sourcing Service...
2026-05-29T21:54:26.048Z [INFO]: Sourcing Service: Seeded 8 suppliers into knowledge base
2026-05-29T21:54:26.048Z [INFO]: Sourcing Service: Kafka producer connected
2026-05-29T21:54:26.048Z [INFO]: Sourcing Service: Kafka consumer connected and handlers set up
2026-05-29T21:54:26.048Z [DEBUG]: Sourcing Service received message on topic product.catalog.updated:
2026-05-29T21:54:26.048Z [INFO]: Sourcing Service: Processing catalog update for product PROD-123
2026-05-29T21:54:26.062Z [INFO]: Initializing Sourcing Service...
2026-05-29T21:54:26.062Z [INFO]: Sourcing Service: Seeded 8 suppliers into knowledge base
2026-05-29T21:54:26.062Z [INFO]: Sourcing Service: Kafka producer connected
2026-05-29T21:54:26.062Z [INFO]: Sourcing Service: Kafka consumer connected and handlers set up
2026-05-29T21:54:26.062Z [DEBUG]: Sourcing Service received message on topic supplier.profile.updated:
2026-05-29T21:54:26.062Z [INFO]: Sourcing Service: Processing supplier profile update for SUP-789
2026-05-29T21:54:26.076Z [INFO]: Initializing Sourcing Service...
2026-05-29T21:54:26.076Z [INFO]: Sourcing Service: Seeded 8 suppliers into knowledge base
2026-05-29T21:54:26.076Z [INFO]: Sourcing Service: Kafka producer connected
2026-05-29T21:54:26.076Z [INFO]: Sourcing Service: Kafka consumer connected and handlers set up
2026-05-29T21:54:26.076Z [DEBUG]: Sourcing Service received message on topic market.trend.updated:
2026-05-29T21:54:26.076Z [INFO]: Sourcing Service: Processing market trend update for textiles
2026-05-29T21:54:26.200Z [INFO]: Initializing AI Intelligence Service...
2026-05-29T21:54:26.200Z [INFO]: AI Intelligence Service: Kafka consumer connected
2026-05-29T21:54:26.200Z [INFO]: AI Intelligence Service started successfully
2026-05-29T21:54:26.240Z [INFO]: Initializing AI Intelligence Service...
2026-05-29T21:54:26.240Z [INFO]: AI Intelligence Service: Kafka consumer connected
2026-05-29T21:54:26.240Z [INFO]: AI Intelligence Service started successfully
2026-05-29T21:54:26.278Z [INFO]: Initializing AI Intelligence Service...
2026-05-29T21:54:26.278Z [INFO]: AI Intelligence Service: Kafka consumer connected
2026-05-29T21:54:26.278Z [INFO]: AI Intelligence Service started successfully
2026-05-29T21:54:26.278Z [DEBUG]: AI Intelligence: Processing product.updated
2026-05-29T21:54:26.278Z [DEBUG]: AI Intelligence: Generated product_insight insight
2026-05-29T21:54:26.301Z [INFO]: Initializing AI Intelligence Service...
2026-05-29T21:54:26.301Z [INFO]: AI Intelligence Service: Kafka consumer connected
2026-05-29T21:54:26.301Z [INFO]: AI Intelligence Service started successfully
2026-05-29T21:54:26.301Z [DEBUG]: AI Intelligence: Processing order.created
2026-05-29T21:55:32.744Z [INFO]: Initializing Flexport Logistics Adapter...
2026-05-29T21:55:32.744Z [INFO]: Flexport Logistics Adapter: Kafka producer connected
2026-05-29T21:55:32.744Z [INFO]: Flexport Logistics Adapter started successfully
2026-05-29T21:55:32.800Z [INFO]: Initializing Flexport Logistics Adapter...
2026-05-29T21:55:32.800Z [INFO]: Flexport Logistics Adapter: Kafka producer connected
2026-05-29T21:55:32.800Z [INFO]: Flexport Logistics Adapter started successfully
2026-05-29T21:55:32.821Z [INFO]: Initializing Flexport Logistics Adapter...
2026-05-29T21:55:32.821Z [INFO]: Flexport Logistics Adapter: Kafka producer connected
2026-05-29T21:55:32.821Z [INFO]: Flexport Logistics Adapter started successfully
2026-05-29T21:55:32.741Z [INFO]: Initializing ShipBob Logistics Adapter...
2026-05-29T21:55:32.782Z [INFO]: Initializing Workflow Automation Service...
2026-05-29T21:55:32.741Z [INFO]: ShipBob Logistics Adapter: Kafka producer connected
2026-05-29T21:55:32.741Z [INFO]: ShipBob Logistics Adapter started successfully
2026-05-29T21:55:32.801Z [INFO]: Initializing ShipBob Logistics Adapter...
2026-05-29T21:55:32.801Z [INFO]: ShipBob Logistics Adapter: Kafka producer connected
2026-05-29T21:55:32.801Z [INFO]: ShipBob Logistics Adapter started successfully
2026-05-29T21:55:32.821Z [INFO]: Initializing ShipBob Logistics Adapter...
2026-05-29T21:55:32.821Z [INFO]: ShipBob Logistics Adapter: Kafka producer connected
2026-05-29T21:55:32.821Z [INFO]: ShipBob Logistics Adapter started successfully
2026-05-29T21:55:32.782Z [INFO]: Workflow Automation Service: Kafka connections established
2026-05-29T21:55:32.782Z [INFO]: Workflow Automation Service started successfully
2026-05-29T21:55:32.876Z [INFO]: Initializing Workflow Automation Service...
2026-05-29T21:55:32.876Z [INFO]: Workflow Automation Service: Kafka connections established
2026-05-29T21:55:32.876Z [INFO]: Workflow Automation Service started successfully
2026-05-29T21:55:32.901Z [INFO]: Initializing Workflow Automation Service...
2026-05-29T21:55:32.901Z [INFO]: Workflow Automation Service: Kafka connections established
2026-05-29T21:55:32.901Z [INFO]: Workflow Automation Service started successfully
2026-05-29T21:55:32.901Z [DEBUG]: Workflow Automation: Processing order.created
2026-05-29T21:55:32.901Z [INFO]: Workflow Automation: Processing order ORDER-456
2026-05-29T21:55:32.901Z [INFO]: Workflow Automation: Executing step credit-check for workflow order-fulfillment
2026-05-29T21:55:32.931Z [INFO]: Initializing Workflow Automation Service...
2026-05-29T21:55:32.931Z [INFO]: Workflow Automation Service: Kafka connections established
2026-05-29T21:55:32.931Z [INFO]: Workflow Automation Service started successfully
2026-05-29T21:55:32.931Z [DEBUG]: Workflow Automation: Processing inventory.changed
2026-05-29T21:55:32.931Z [INFO]: Workflow Automation: Processing inventory change for PROD-123
2026-05-29T21:55:32.931Z [INFO]: Workflow Automation: Executing step check-supplier-availability for workflow inventory-replenishment
2026-05-29T21:55:32.948Z [INFO]: Initializing Workflow Automation Service...
2026-05-29T21:55:32.948Z [INFO]: Workflow Automation Service: Kafka connections established
2026-05-29T21:55:32.948Z [INFO]: Workflow Automation Service started successfully
2026-05-29T21:55:32.948Z [DEBUG]: Workflow Automation: Processing supplier.risk.updated
2026-05-29T21:55:32.948Z [INFO]: Workflow Automation: Processing supplier risk update for SUP-789
2026-05-29T21:55:32.948Z [INFO]: Workflow Automation: Executing step assess-risk for workflow supplier-evaluation
2026-05-29T21:55:33.602Z [INFO]: Initializing Oracle Product Adapter...
2026-05-29T21:55:33.462Z [INFO]: Initializing Customization Service...
2026-05-29T21:55:33.462Z [INFO]: Customization Service: Kafka producer connected
2026-05-29T21:55:33.462Z [INFO]: Customization Service: Kafka consumer connected and handlers set up
2026-05-29T21:55:33.477Z [INFO]: Initializing Customization Service...
2026-05-29T21:55:33.477Z [INFO]: Customization Service: Kafka producer connected
2026-05-29T21:55:33.477Z [INFO]: Customization Service: Kafka consumer connected and handlers set up
2026-05-29T21:55:33.508Z [INFO]: Initializing Customization Service...
2026-05-29T21:55:33.508Z [INFO]: Customization Service: Kafka producer connected
2026-05-29T21:55:33.508Z [INFO]: Customization Service: Kafka consumer connected and handlers set up
2026-05-29T21:55:33.508Z [DEBUG]: Customization Service received message on topic customization.requested:
2026-05-29T21:55:33.508Z [INFO]: Customization Service: Processing customization request CUST-456
2026-05-29T21:55:33.508Z [ERROR]: Customization Service: Error handling customization requested: Customization is not a constructor
2026-05-29T21:55:33.746Z [INFO]: Initializing Customization Service...
2026-05-29T21:55:33.746Z [INFO]: Customization Service: Kafka producer connected
2026-05-29T21:55:33.746Z [INFO]: Customization Service: Kafka consumer connected and handlers set up
2026-05-29T21:55:33.746Z [DEBUG]: Customization Service received message on topic design.approved:
2026-05-29T21:55:33.746Z [INFO]: Customization Service: Processing design approval for CUST-456
2026-05-29T21:55:33.746Z [ERROR]: Customization Service: Error handling design approved: Customization.findOne is not a function
2026-05-29T21:55:33.769Z [INFO]: Initializing Customization Service...
2026-05-29T21:55:33.769Z [INFO]: Customization Service: Kafka producer connected
2026-05-29T21:55:33.769Z [INFO]: Customization Service: Kafka consumer connected and handlers set up
2026-05-29T21:55:33.769Z [DEBUG]: Customization Service received message on topic specification.updated:
2026-05-29T21:55:33.769Z [INFO]: Customization Service: Processing specification update for CUST-456
2026-05-29T21:55:33.769Z [ERROR]: Customization Service: Error handling specification updated: Customization.findOne is not a function
2026-05-29T21:55:33.786Z [INFO]: Initializing Customization Service...
2026-05-29T21:55:33.786Z [INFO]: Customization Service: Kafka producer connected
2026-05-29T21:55:33.786Z [INFO]: Customization Service: Kafka consumer connected and handlers set up
2026-05-29T21:55:33.786Z [DEBUG]: Customization Service received message on topic material.selected:
2026-05-29T21:55:33.786Z [INFO]: Customization Service: Processing material selection for CUST-456
2026-05-29T21:55:33.786Z [ERROR]: Customization Service: Error handling material selected: Customization.findOne is not a function
2026-05-29T21:55:33.802Z [INFO]: Initializing Customization Service...
2026-05-29T21:55:33.802Z [INFO]: Customization Service: Kafka producer connected
2026-05-29T21:55:33.802Z [INFO]: Customization Service: Kafka consumer connected and handlers set up
2026-05-29T21:55:33.802Z [DEBUG]: Customization Service received message on topic pricing.updated:
2026-05-29T21:55:33.802Z [INFO]: Customization Service: Processing pricing update for CUST-456
2026-05-29T21:55:33.802Z [ERROR]: Customization Service: Error handling pricing updated: Customization.findOne is not a function
2026-05-29T21:55:33.818Z [INFO]: Initializing Customization Service...
2026-05-29T21:55:33.818Z [INFO]: Customization Service: Kafka producer connected
2026-05-29T21:55:33.818Z [INFO]: Customization Service: Kafka consumer connected and handlers set up
2026-05-29T21:55:33.818Z [DEBUG]: Customization Service received message on topic production.ready:
2026-05-29T21:55:33.818Z [INFO]: Customization Service: Processing production ready for CUST-456
2026-05-29T21:55:33.818Z [ERROR]: Customization Service: Error handling production ready: Customization.findOne is not a function
2026-05-29T21:55:33.446Z [INFO]: Initializing SAP Product Adapter...
2026-05-29T21:55:33.446Z [INFO]: SAP Product Adapter: Kafka producer connected
2026-05-29T21:55:33.446Z [INFO]: SAP Product Adapter started successfully
2026-05-29T21:55:33.466Z [INFO]: Initializing SAP Product Adapter...
2026-05-29T21:55:33.466Z [INFO]: SAP Product Adapter: Kafka producer connected
2026-05-29T21:55:33.466Z [INFO]: SAP Product Adapter started successfully
2026-05-29T21:55:33.809Z [INFO]: Initializing HubSpot CRM Adapter...
2026-05-29T21:55:33.809Z [INFO]: HubSpot CRM Adapter: Kafka producer connected
2026-05-29T21:55:33.809Z [INFO]: HubSpot CRM Adapter started successfully
2026-05-29T21:55:33.817Z [INFO]: Initializing HubSpot CRM Adapter...
2026-05-29T21:55:33.817Z [INFO]: HubSpot CRM Adapter: Kafka producer connected
2026-05-29T21:55:33.817Z [INFO]: HubSpot CRM Adapter started successfully
2026-05-29T21:55:33.236Z [INFO]: Initializing REST API Adapter...
2026-05-29T21:55:33.809Z [INFO]: Initializing Document Processing Pipeline...
2026-05-29T21:55:33.236Z [INFO]: REST API Adapter: Kafka producer connected
2026-05-29T21:55:33.236Z [INFO]: REST API Adapter started successfully
2026-05-29T21:55:33.307Z [INFO]: Initializing REST API Adapter...
2026-05-29T21:55:33.307Z [INFO]: REST API Adapter: Kafka producer connected
2026-05-29T21:55:33.307Z [INFO]: REST API Adapter started successfully
2026-05-29T21:55:33.322Z [INFO]: Initializing REST API Adapter...
2026-05-29T21:55:33.322Z [INFO]: REST API Adapter: Kafka producer connected
2026-05-29T21:55:33.322Z [INFO]: REST API Adapter started successfully
2026-05-29T21:55:33.809Z [INFO]: Document Processing Pipeline: Kafka producer connected
2026-05-29T21:55:33.809Z [INFO]: Document Processing Pipeline started successfully
2026-05-29T21:55:33.819Z [INFO]: Initializing Document Processing Pipeline...
2026-05-29T21:55:33.819Z [INFO]: Document Processing Pipeline: Kafka producer connected
2026-05-29T21:55:33.819Z [INFO]: Document Processing Pipeline started successfully
2026-05-29T21:55:33.602Z [INFO]: Oracle Product Adapter: Kafka producer connected
2026-05-29T21:55:33.602Z [INFO]: Oracle Product Adapter started successfully
2026-05-29T21:55:33.621Z [INFO]: Initializing Oracle Product Adapter...
2026-05-29T21:55:33.621Z [INFO]: Oracle Product Adapter: Kafka producer connected
2026-05-29T21:55:33.621Z [INFO]: Oracle Product Adapter started successfully
2026-05-29T21:55:34.012Z [INFO]: Initializing Salesforce CRM Adapter...
2026-05-29T21:55:34.012Z [INFO]: Salesforce CRM Adapter: Kafka producer connected
2026-05-29T21:55:34.012Z [INFO]: Salesforce CRM Adapter started successfully
2026-05-29T21:55:34.016Z [INFO]: Initializing Salesforce CRM Adapter...
2026-05-29T21:55:34.016Z [INFO]: Salesforce CRM Adapter: Kafka producer connected
2026-05-29T21:55:34.016Z [INFO]: Salesforce CRM Adapter started successfully
2026-05-29T21:55:34.670Z [INFO]: Initializing AI Intelligence Service...
2026-05-29T21:55:34.670Z [INFO]: AI Intelligence Service: Kafka consumer connected
2026-05-29T21:55:34.670Z [INFO]: AI Intelligence Service started successfully
2026-05-29T21:55:34.705Z [INFO]: Initializing AI Intelligence Service...
2026-05-29T21:55:34.705Z [INFO]: AI Intelligence Service: Kafka consumer connected
2026-05-29T21:55:34.705Z [INFO]: AI Intelligence Service started successfully
2026-05-29T21:55:34.724Z [INFO]: Initializing AI Intelligence Service...
2026-05-29T21:55:34.724Z [INFO]: AI Intelligence Service: Kafka consumer connected
2026-05-29T21:55:34.724Z [INFO]: AI Intelligence Service started successfully
2026-05-29T21:55:34.724Z [DEBUG]: AI Intelligence: Processing product.updated
2026-05-29T21:55:34.724Z [DEBUG]: AI Intelligence: Generated product_insight insight
2026-05-29T21:55:34.761Z [INFO]: Initializing AI Intelligence Service...
2026-05-29T21:55:34.761Z [INFO]: AI Intelligence Service: Kafka consumer connected
2026-05-29T21:55:34.761Z [INFO]: AI Intelligence Service started successfully
2026-05-29T21:55:34.761Z [DEBUG]: AI Intelligence: Processing order.created
2026-05-29T21:55:34.568Z [INFO]: Initializing Sourcing Service...
2026-05-29T21:55:34.568Z [INFO]: Sourcing Service: Seeded 8 suppliers into knowledge base
2026-05-29T21:55:34.568Z [INFO]: Sourcing Service: Kafka producer connected
2026-05-29T21:55:34.568Z [INFO]: Sourcing Service: Kafka consumer connected and handlers set up
2026-05-29T21:55:34.631Z [INFO]: Initializing Sourcing Service...
2026-05-29T21:55:34.631Z [INFO]: Sourcing Service: Seeded 8 suppliers into knowledge base
2026-05-29T21:55:34.631Z [INFO]: Sourcing Service: Kafka producer connected
2026-05-29T21:55:34.631Z [INFO]: Sourcing Service: Kafka consumer connected and handlers set up
2026-05-29T21:55:34.649Z [INFO]: Initializing Sourcing Service...
2026-05-29T21:55:34.649Z [INFO]: Sourcing Service: Seeded 8 suppliers into knowledge base
2026-05-29T21:55:34.649Z [INFO]: Sourcing Service: Kafka producer connected
2026-05-29T21:55:34.649Z [INFO]: Sourcing Service: Kafka consumer connected and handlers set up
2026-05-29T21:55:34.649Z [DEBUG]: Sourcing Service received message on topic product.query.received:
2026-05-29T21:55:34.649Z [INFO]: Sourcing Service: Processing product query QUERY-456
2026-05-29T21:55:34.649Z [ERROR]: Sourcing Service: Error handling product query received: Sourcing is not a constructor
2026-05-29T21:55:34.750Z [INFO]: Initializing Sourcing Service...
2026-05-29T21:55:34.750Z [INFO]: Sourcing Service: Seeded 8 suppliers into knowledge base
2026-05-29T21:55:34.750Z [INFO]: Sourcing Service: Kafka producer connected
2026-05-29T21:55:34.750Z [INFO]: Sourcing Service: Kafka consumer connected and handlers set up
2026-05-29T21:55:34.750Z [DEBUG]: Sourcing Service received message on topic product.catalog.updated:
2026-05-29T21:55:34.750Z [INFO]: Sourcing Service: Processing catalog update for product PROD-123
2026-05-29T21:55:34.775Z [INFO]: Initializing Sourcing Service...
2026-05-29T21:55:34.775Z [INFO]: Sourcing Service: Seeded 8 suppliers into knowledge base
2026-05-29T21:55:34.775Z [INFO]: Sourcing Service: Kafka producer connected
2026-05-29T21:55:34.775Z [INFO]: Sourcing Service: Kafka consumer connected and handlers set up
2026-05-29T21:55:34.775Z [DEBUG]: Sourcing Service received message on topic supplier.profile.updated:
2026-05-29T21:55:34.775Z [INFO]: Sourcing Service: Processing supplier profile update for SUP-789
2026-05-29T21:55:34.784Z [INFO]: Initializing Sourcing Service...
2026-05-29T21:55:34.784Z [INFO]: Sourcing Service: Seeded 8 suppliers into knowledge base
2026-05-29T21:55:34.784Z [INFO]: Sourcing Service: Kafka producer connected
2026-05-29T21:55:34.784Z [INFO]: Sourcing Service: Kafka consumer connected and handlers set up
2026-05-29T21:55:34.784Z [DEBUG]: Sourcing Service received message on topic market.trend.updated:
2026-05-29T21:55:34.784Z [INFO]: Sourcing Service: Processing market trend update for textiles
2026-05-29T21:55:35.193Z [INFO]: Self-Improving Loop: Engine stopped
2026-05-29T21:56:40.820Z [INFO]: Initializing REST API Adapter...
2026-05-29T21:56:41.467Z [INFO]: Initializing Workflow Automation Service...
2026-05-29T21:56:42.086Z [INFO]: Initializing Flexport Logistics Adapter...
2026-05-29T21:56:40.820Z [INFO]: REST API Adapter: Kafka producer connected
2026-05-29T21:56:40.820Z [INFO]: REST API Adapter started successfully
2026-05-29T21:56:40.894Z [INFO]: Initializing REST API Adapter...
2026-05-29T21:56:40.894Z [INFO]: REST API Adapter: Kafka producer connected
2026-05-29T21:56:40.894Z [INFO]: REST API Adapter started successfully
2026-05-29T21:56:40.921Z [INFO]: Initializing REST API Adapter...
2026-05-29T21:56:40.921Z [INFO]: REST API Adapter: Kafka producer connected
2026-05-29T21:56:40.921Z [INFO]: REST API Adapter started successfully
2026-05-29T21:56:41.869Z [INFO]: Initializing Customization Service...
2026-05-29T21:56:41.467Z [INFO]: Workflow Automation Service: Kafka connections established
2026-05-29T21:56:41.467Z [INFO]: Workflow Automation Service started successfully
2026-05-29T21:56:41.539Z [INFO]: Initializing Workflow Automation Service...
2026-05-29T21:56:41.539Z [INFO]: Workflow Automation Service: Kafka connections established
2026-05-29T21:56:41.539Z [INFO]: Workflow Automation Service started successfully
2026-05-29T21:56:41.587Z [INFO]: Initializing Workflow Automation Service...
2026-05-29T21:56:41.587Z [INFO]: Workflow Automation Service: Kafka connections established
2026-05-29T21:56:41.587Z [INFO]: Workflow Automation Service started successfully
2026-05-29T21:56:41.587Z [DEBUG]: Workflow Automation: Processing order.created
2026-05-29T21:56:41.587Z [INFO]: Workflow Automation: Processing order ORDER-456
2026-05-29T21:56:41.587Z [INFO]: Workflow Automation: Executing step credit-check for workflow order-fulfillment
2026-05-29T21:56:41.619Z [INFO]: Initializing Workflow Automation Service...
2026-05-29T21:56:41.619Z [INFO]: Workflow Automation Service: Kafka connections established
2026-05-29T21:56:41.619Z [INFO]: Workflow Automation Service started successfully
2026-05-29T21:56:41.619Z [DEBUG]: Workflow Automation: Processing inventory.changed
2026-05-29T21:56:41.619Z [INFO]: Workflow Automation: Processing inventory change for PROD-123
2026-05-29T21:56:41.619Z [INFO]: Workflow Automation: Executing step check-supplier-availability for workflow inventory-replenishment
2026-05-29T21:56:41.656Z [INFO]: Initializing Workflow Automation Service...
2026-05-29T21:56:41.656Z [INFO]: Workflow Automation Service: Kafka connections established
2026-05-29T21:56:41.656Z [INFO]: Workflow Automation Service started successfully
2026-05-29T21:56:41.656Z [DEBUG]: Workflow Automation: Processing supplier.risk.updated
2026-05-29T21:56:41.656Z [INFO]: Workflow Automation: Processing supplier risk update for SUP-789
2026-05-29T21:56:41.656Z [INFO]: Workflow Automation: Executing step assess-risk for workflow supplier-evaluation
2026-05-29T21:56:42.406Z [INFO]: Initializing SAP Product Adapter...
2026-05-29T21:56:41.440Z [INFO]: Initializing ShipBob Logistics Adapter...
2026-05-29T21:56:42.404Z [INFO]: Initializing Oracle Product Adapter...
2026-05-29T21:56:41.440Z [INFO]: ShipBob Logistics Adapter: Kafka producer connected
2026-05-29T21:56:41.440Z [INFO]: ShipBob Logistics Adapter started successfully
2026-05-29T21:56:41.527Z [INFO]: Initializing ShipBob Logistics Adapter...
2026-05-29T21:56:41.527Z [INFO]: ShipBob Logistics Adapter: Kafka producer connected
2026-05-29T21:56:41.527Z [INFO]: ShipBob Logistics Adapter started successfully
2026-05-29T21:56:41.556Z [INFO]: Initializing ShipBob Logistics Adapter...
2026-05-29T21:56:41.556Z [INFO]: ShipBob Logistics Adapter: Kafka producer connected
2026-05-29T21:56:41.556Z [INFO]: ShipBob Logistics Adapter started successfully
2026-05-29T21:56:42.404Z [INFO]: Oracle Product Adapter: Kafka producer connected
2026-05-29T21:56:42.404Z [INFO]: Oracle Product Adapter started successfully
2026-05-29T21:56:42.433Z [INFO]: Initializing Oracle Product Adapter...
2026-05-29T21:56:42.433Z [INFO]: Oracle Product Adapter: Kafka producer connected
2026-05-29T21:56:42.433Z [INFO]: Oracle Product Adapter started successfully
2026-05-29T21:56:41.869Z [INFO]: Customization Service: Kafka producer connected
2026-05-29T21:56:41.869Z [INFO]: Customization Service: Kafka consumer connected and handlers set up
2026-05-29T21:56:41.884Z [INFO]: Initializing Customization Service...
2026-05-29T21:56:41.884Z [INFO]: Customization Service: Kafka producer connected
2026-05-29T21:56:41.884Z [INFO]: Customization Service: Kafka consumer connected and handlers set up
2026-05-29T21:56:41.909Z [INFO]: Initializing Customization Service...
2026-05-29T21:56:41.909Z [INFO]: Customization Service: Kafka producer connected
2026-05-29T21:56:41.909Z [INFO]: Customization Service: Kafka consumer connected and handlers set up
2026-05-29T21:56:41.909Z [DEBUG]: Customization Service received message on topic customization.requested:
2026-05-29T21:56:41.909Z [INFO]: Customization Service: Processing customization request CUST-456
2026-05-29T21:56:41.909Z [ERROR]: Customization Service: Error handling customization requested: Customization is not a constructor
2026-05-29T21:56:42.248Z [INFO]: Initializing Customization Service...
2026-05-29T21:56:42.248Z [INFO]: Customization Service: Kafka producer connected
2026-05-29T21:56:42.248Z [INFO]: Customization Service: Kafka consumer connected and handlers set up
2026-05-29T21:56:42.248Z [DEBUG]: Customization Service received message on topic design.approved:
2026-05-29T21:56:42.248Z [INFO]: Customization Service: Processing design approval for CUST-456
2026-05-29T21:56:42.248Z [ERROR]: Customization Service: Error handling design approved: Customization.findOne is not a function
2026-05-29T21:56:42.280Z [INFO]: Initializing Customization Service...
2026-05-29T21:56:42.280Z [INFO]: Customization Service: Kafka producer connected
2026-05-29T21:56:42.280Z [INFO]: Customization Service: Kafka consumer connected and handlers set up
2026-05-29T21:56:42.280Z [DEBUG]: Customization Service received message on topic specification.updated:
2026-05-29T21:56:42.280Z [INFO]: Customization Service: Processing specification update for CUST-456
2026-05-29T21:56:42.280Z [ERROR]: Customization Service: Error handling specification updated: Customization.findOne is not a function
2026-05-29T21:56:42.305Z [INFO]: Initializing Customization Service...
2026-05-29T21:56:42.305Z [INFO]: Customization Service: Kafka producer connected
2026-05-29T21:56:42.305Z [INFO]: Customization Service: Kafka consumer connected and handlers set up
2026-05-29T21:56:42.305Z [DEBUG]: Customization Service received message on topic material.selected:
2026-05-29T21:56:42.305Z [INFO]: Customization Service: Processing material selection for CUST-456
2026-05-29T21:56:42.305Z [ERROR]: Customization Service: Error handling material selected: Customization.findOne is not a function
2026-05-29T21:56:42.325Z [INFO]: Initializing Customization Service...
2026-05-29T21:56:42.325Z [INFO]: Customization Service: Kafka producer connected
2026-05-29T21:56:42.325Z [INFO]: Customization Service: Kafka consumer connected and handlers set up
2026-05-29T21:56:42.325Z [DEBUG]: Customization Service received message on topic pricing.updated:
2026-05-29T21:56:42.325Z [INFO]: Customization Service: Processing pricing update for CUST-456
2026-05-29T21:56:42.325Z [ERROR]: Customization Service: Error handling pricing updated: Customization.findOne is not a function
2026-05-29T21:56:42.338Z [INFO]: Initializing Customization Service...
2026-05-29T21:56:42.338Z [INFO]: Customization Service: Kafka producer connected
2026-05-29T21:56:42.338Z [INFO]: Customization Service: Kafka consumer connected and handlers set up
2026-05-29T21:56:42.338Z [DEBUG]: Customization Service received message on topic production.ready:
2026-05-29T21:56:42.338Z [INFO]: Customization Service: Processing production ready for CUST-456
2026-05-29T21:56:42.338Z [ERROR]: Customization Service: Error handling production ready: Customization.findOne is not a function
2026-05-29T21:56:42.849Z [INFO]: Initializing HubSpot CRM Adapter...
2026-05-29T21:56:42.849Z [INFO]: HubSpot CRM Adapter: Kafka producer connected
2026-05-29T21:56:42.849Z [INFO]: HubSpot CRM Adapter started successfully
2026-05-29T21:56:42.872Z [INFO]: Initializing HubSpot CRM Adapter...
2026-05-29T21:56:42.872Z [INFO]: HubSpot CRM Adapter: Kafka producer connected
2026-05-29T21:56:42.872Z [INFO]: HubSpot CRM Adapter started successfully
2026-05-29T21:56:42.086Z [INFO]: Flexport Logistics Adapter: Kafka producer connected
2026-05-29T21:56:42.086Z [INFO]: Flexport Logistics Adapter started successfully
2026-05-29T21:56:42.130Z [INFO]: Initializing Flexport Logistics Adapter...
2026-05-29T21:56:42.130Z [INFO]: Flexport Logistics Adapter: Kafka producer connected
2026-05-29T21:56:42.130Z [INFO]: Flexport Logistics Adapter started successfully
2026-05-29T21:56:42.167Z [INFO]: Initializing Flexport Logistics Adapter...
2026-05-29T21:56:42.167Z [INFO]: Flexport Logistics Adapter: Kafka producer connected
2026-05-29T21:56:42.167Z [INFO]: Flexport Logistics Adapter started successfully
2026-05-29T21:56:42.910Z [INFO]: Initializing Document Processing Pipeline...
2026-05-29T21:56:42.910Z [INFO]: Document Processing Pipeline: Kafka producer connected
2026-05-29T21:56:42.910Z [INFO]: Document Processing Pipeline started successfully
2026-05-29T21:56:42.920Z [INFO]: Initializing Document Processing Pipeline...
2026-05-29T21:56:42.920Z [INFO]: Document Processing Pipeline: Kafka producer connected
2026-05-29T21:56:42.920Z [INFO]: Document Processing Pipeline started successfully
2026-05-29T21:56:42.406Z [INFO]: SAP Product Adapter: Kafka producer connected
2026-05-29T21:56:42.406Z [INFO]: SAP Product Adapter started successfully
2026-05-29T21:56:42.434Z [INFO]: Initializing SAP Product Adapter...
2026-05-29T21:56:42.434Z [INFO]: SAP Product Adapter: Kafka producer connected
2026-05-29T21:56:42.434Z [INFO]: SAP Product Adapter started successfully
2026-05-29T21:56:43.061Z [INFO]: Initializing Salesforce CRM Adapter...
2026-05-29T21:56:43.061Z [INFO]: Salesforce CRM Adapter: Kafka producer connected
2026-05-29T21:56:43.061Z [INFO]: Salesforce CRM Adapter started successfully
2026-05-29T21:56:43.072Z [INFO]: Initializing Salesforce CRM Adapter...
2026-05-29T21:56:43.072Z [INFO]: Salesforce CRM Adapter: Kafka producer connected
2026-05-29T21:56:43.072Z [INFO]: Salesforce CRM Adapter started successfully
2026-05-29T21:56:43.722Z [INFO]: Initializing Sourcing Service...
2026-05-29T21:56:43.722Z [INFO]: Sourcing Service: Seeded 8 suppliers into knowledge base
2026-05-29T21:56:43.722Z [INFO]: Sourcing Service: Kafka producer connected
2026-05-29T21:56:43.722Z [INFO]: Sourcing Service: Kafka consumer connected and handlers set up
2026-05-29T21:56:43.779Z [INFO]: Initializing Sourcing Service...
2026-05-29T21:56:43.779Z [INFO]: Sourcing Service: Seeded 8 suppliers into knowledge base
2026-05-29T21:56:43.779Z [INFO]: Sourcing Service: Kafka producer connected
2026-05-29T21:56:43.779Z [INFO]: Sourcing Service: Kafka consumer connected and handlers set up
2026-05-29T21:56:43.803Z [INFO]: Initializing Sourcing Service...
2026-05-29T21:56:43.803Z [INFO]: Sourcing Service: Seeded 8 suppliers into knowledge base
2026-05-29T21:56:43.803Z [INFO]: Sourcing Service: Kafka producer connected
2026-05-29T21:56:43.803Z [INFO]: Sourcing Service: Kafka consumer connected and handlers set up
2026-05-29T21:56:43.803Z [DEBUG]: Sourcing Service received message on topic product.query.received:
2026-05-29T21:56:43.803Z [INFO]: Sourcing Service: Processing product query QUERY-456
2026-05-29T21:56:43.803Z [ERROR]: Sourcing Service: Error handling product query received: Sourcing is not a constructor
2026-05-29T21:56:43.982Z [INFO]: Initializing Sourcing Service...
2026-05-29T21:56:43.982Z [INFO]: Sourcing Service: Seeded 8 suppliers into knowledge base
2026-05-29T21:56:43.982Z [INFO]: Sourcing Service: Kafka producer connected
2026-05-29T21:56:43.982Z [INFO]: Sourcing Service: Kafka consumer connected and handlers set up
2026-05-29T21:56:43.982Z [DEBUG]: Sourcing Service received message on topic product.catalog.updated:
2026-05-29T21:56:43.982Z [INFO]: Sourcing Service: Processing catalog update for product PROD-123
2026-05-29T21:56:44.005Z [INFO]: Initializing Sourcing Service...
2026-05-29T21:56:44.005Z [INFO]: Sourcing Service: Seeded 8 suppliers into knowledge base
2026-05-29T21:56:44.005Z [INFO]: Sourcing Service: Kafka producer connected
2026-05-29T21:56:44.005Z [INFO]: Sourcing Service: Kafka consumer connected and handlers set up
2026-05-29T21:56:44.005Z [DEBUG]: Sourcing Service received message on topic supplier.profile.updated:
2026-05-29T21:56:44.005Z [INFO]: Sourcing Service: Processing supplier profile update for SUP-789
2026-05-29T21:56:44.023Z [INFO]: Initializing Sourcing Service...
2026-05-29T21:56:44.023Z [INFO]: Sourcing Service: Seeded 8 suppliers into knowledge base
2026-05-29T21:56:44.023Z [INFO]: Sourcing Service: Kafka producer connected
2026-05-29T21:56:44.023Z [INFO]: Sourcing Service: Kafka consumer connected and handlers set up
2026-05-29T21:56:44.023Z [DEBUG]: Sourcing Service received message on topic market.trend.updated:
2026-05-29T21:56:44.023Z [INFO]: Sourcing Service: Processing market trend update for textiles
2026-05-29T21:56:44.364Z [INFO]: Initializing AI Intelligence Service...
2026-05-29T21:56:44.364Z [INFO]: AI Intelligence Service: Kafka consumer connected
2026-05-29T21:56:44.364Z [INFO]: AI Intelligence Service started successfully
2026-05-29T21:56:44.402Z [INFO]: Initializing AI Intelligence Service...
2026-05-29T21:56:44.402Z [INFO]: AI Intelligence Service: Kafka consumer connected
2026-05-29T21:56:44.402Z [INFO]: AI Intelligence Service started successfully
2026-05-29T21:56:44.420Z [INFO]: Initializing AI Intelligence Service...
2026-05-29T21:56:44.420Z [INFO]: AI Intelligence Service: Kafka consumer connected
2026-05-29T21:56:44.420Z [INFO]: AI Intelligence Service started successfully
2026-05-29T21:56:44.420Z [DEBUG]: AI Intelligence: Processing product.updated
2026-05-29T21:56:44.420Z [DEBUG]: AI Intelligence: Generated product_insight insight
2026-05-29T21:56:44.451Z [INFO]: Initializing AI Intelligence Service...
2026-05-29T21:56:44.451Z [INFO]: AI Intelligence Service: Kafka consumer connected
2026-05-29T21:56:44.451Z [INFO]: AI Intelligence Service started successfully
2026-05-29T21:56:44.451Z [DEBUG]: AI Intelligence: Processing order.created
2026-05-29T22:36:52.394Z [INFO]: Initializing Flexport Logistics Adapter...
2026-05-29T22:36:52.574Z [INFO]: Initializing Workflow Automation Service...
2026-05-29T22:36:52.638Z [INFO]: Initializing REST API Adapter...
2026-05-29T22:36:53.077Z [INFO]: Initializing ShipBob Logistics Adapter...
2026-05-29T22:36:52.394Z [INFO]: Flexport Logistics Adapter: Kafka producer connected
2026-05-29T22:36:52.394Z [INFO]: Flexport Logistics Adapter started successfully
2026-05-29T22:36:52.489Z [INFO]: Initializing Flexport Logistics Adapter...
2026-05-29T22:36:52.489Z [INFO]: Flexport Logistics Adapter: Kafka producer connected
2026-05-29T22:36:52.489Z [INFO]: Flexport Logistics Adapter started successfully
2026-05-29T22:36:52.517Z [INFO]: Initializing Flexport Logistics Adapter...
2026-05-29T22:36:52.517Z [INFO]: Flexport Logistics Adapter: Kafka producer connected
2026-05-29T22:36:52.517Z [INFO]: Flexport Logistics Adapter started successfully
2026-05-29T22:36:53.191Z [INFO]: Initializing Customization Service...
2026-05-29T22:36:52.574Z [INFO]: Workflow Automation Service: Kafka connections established
2026-05-29T22:36:52.574Z [INFO]: Workflow Automation Service started successfully
2026-05-29T22:36:52.640Z [INFO]: Initializing Workflow Automation Service...
2026-05-29T22:36:52.640Z [INFO]: Workflow Automation Service: Kafka connections established
2026-05-29T22:36:52.640Z [INFO]: Workflow Automation Service started successfully
2026-05-29T22:36:52.664Z [INFO]: Initializing Workflow Automation Service...
2026-05-29T22:36:52.664Z [INFO]: Workflow Automation Service: Kafka connections established
2026-05-29T22:36:52.664Z [INFO]: Workflow Automation Service started successfully
2026-05-29T22:36:52.664Z [DEBUG]: Workflow Automation: Processing order.created
2026-05-29T22:36:52.664Z [INFO]: Workflow Automation: Processing order ORDER-456
2026-05-29T22:36:52.664Z [INFO]: Workflow Automation: Executing step credit-check for workflow order-fulfillment
2026-05-29T22:36:52.703Z [INFO]: Initializing Workflow Automation Service...
2026-05-29T22:36:52.703Z [INFO]: Workflow Automation Service: Kafka connections established
2026-05-29T22:36:52.703Z [INFO]: Workflow Automation Service started successfully
2026-05-29T22:36:52.703Z [DEBUG]: Workflow Automation: Processing inventory.changed
2026-05-29T22:36:52.703Z [INFO]: Workflow Automation: Processing inventory change for PROD-123
2026-05-29T22:36:52.703Z [INFO]: Workflow Automation: Executing step check-supplier-availability for workflow inventory-replenishment
2026-05-29T22:36:52.720Z [INFO]: Initializing Workflow Automation Service...
2026-05-29T22:36:52.720Z [INFO]: Workflow Automation Service: Kafka connections established
2026-05-29T22:36:52.720Z [INFO]: Workflow Automation Service started successfully
2026-05-29T22:36:52.720Z [DEBUG]: Workflow Automation: Processing supplier.risk.updated
2026-05-29T22:36:52.720Z [INFO]: Workflow Automation: Processing supplier risk update for SUP-789
2026-05-29T22:36:52.720Z [INFO]: Workflow Automation: Executing step assess-risk for workflow supplier-evaluation
2026-05-29T22:36:53.463Z [INFO]: Initializing Oracle Product Adapter...
2026-05-29T22:36:52.638Z [INFO]: REST API Adapter: Kafka producer connected
2026-05-29T22:36:52.638Z [INFO]: REST API Adapter started successfully
2026-05-29T22:36:52.678Z [INFO]: Initializing REST API Adapter...
2026-05-29T22:36:52.678Z [INFO]: REST API Adapter: Kafka producer connected
2026-05-29T22:36:52.678Z [INFO]: REST API Adapter started successfully
2026-05-29T22:36:52.699Z [INFO]: Initializing REST API Adapter...
2026-05-29T22:36:52.699Z [INFO]: REST API Adapter: Kafka producer connected
2026-05-29T22:36:52.699Z [INFO]: REST API Adapter started successfully
2026-05-29T22:36:53.538Z [INFO]: Initializing Document Processing Pipeline...
2026-05-29T22:36:53.538Z [INFO]: Document Processing Pipeline: Kafka producer connected
2026-05-29T22:36:53.538Z [INFO]: Document Processing Pipeline started successfully
2026-05-29T22:36:53.563Z [INFO]: Initializing Document Processing Pipeline...
2026-05-29T22:36:53.563Z [INFO]: Document Processing Pipeline: Kafka producer connected
2026-05-29T22:36:53.563Z [INFO]: Document Processing Pipeline started successfully
2026-05-29T22:36:53.191Z [INFO]: Customization Service: Kafka producer connected
2026-05-29T22:36:53.191Z [INFO]: Customization Service: Kafka consumer connected and handlers set up
2026-05-29T22:36:53.203Z [INFO]: Initializing Customization Service...
2026-05-29T22:36:53.203Z [INFO]: Customization Service: Kafka producer connected
2026-05-29T22:36:53.203Z [INFO]: Customization Service: Kafka consumer connected and handlers set up
2026-05-29T22:36:53.225Z [INFO]: Initializing Customization Service...
2026-05-29T22:36:53.225Z [INFO]: Customization Service: Kafka producer connected
2026-05-29T22:36:53.225Z [INFO]: Customization Service: Kafka consumer connected and handlers set up
2026-05-29T22:36:53.225Z [DEBUG]: Customization Service received message on topic customization.requested:
2026-05-29T22:36:53.225Z [INFO]: Customization Service: Processing customization request CUST-456
2026-05-29T22:36:53.225Z [ERROR]: Customization Service: Error handling customization requested: Customization is not a constructor
2026-05-29T22:36:53.370Z [INFO]: Initializing Customization Service...
2026-05-29T22:36:53.370Z [INFO]: Customization Service: Kafka producer connected
2026-05-29T22:36:53.370Z [INFO]: Customization Service: Kafka consumer connected and handlers set up
2026-05-29T22:36:53.370Z [DEBUG]: Customization Service received message on topic design.approved:
2026-05-29T22:36:53.370Z [INFO]: Customization Service: Processing design approval for CUST-456
2026-05-29T22:36:53.370Z [ERROR]: Customization Service: Error handling design approved: Customization.findOne is not a function
2026-05-29T22:36:53.382Z [INFO]: Initializing Customization Service...
2026-05-29T22:36:53.382Z [INFO]: Customization Service: Kafka producer connected
2026-05-29T22:36:53.382Z [INFO]: Customization Service: Kafka consumer connected and handlers set up
2026-05-29T22:36:53.382Z [DEBUG]: Customization Service received message on topic specification.updated:
2026-05-29T22:36:53.382Z [INFO]: Customization Service: Processing specification update for CUST-456
2026-05-29T22:36:53.382Z [ERROR]: Customization Service: Error handling specification updated: Customization.findOne is not a function
2026-05-29T22:36:53.395Z [INFO]: Initializing Customization Service...
2026-05-29T22:36:53.395Z [INFO]: Customization Service: Kafka producer connected
2026-05-29T22:36:53.395Z [INFO]: Customization Service: Kafka consumer connected and handlers set up
2026-05-29T22:36:53.395Z [DEBUG]: Customization Service received message on topic material.selected:
2026-05-29T22:36:53.395Z [INFO]: Customization Service: Processing material selection for CUST-456
2026-05-29T22:36:53.395Z [ERROR]: Customization Service: Error handling material selected: Customization.findOne is not a function
2026-05-29T22:36:53.412Z [INFO]: Initializing Customization Service...
2026-05-29T22:36:53.412Z [INFO]: Customization Service: Kafka producer connected
2026-05-29T22:36:53.412Z [INFO]: Customization Service: Kafka consumer connected and handlers set up
2026-05-29T22:36:53.412Z [DEBUG]: Customization Service received message on topic pricing.updated:
2026-05-29T22:36:53.412Z [INFO]: Customization Service: Processing pricing update for CUST-456
2026-05-29T22:36:53.412Z [ERROR]: Customization Service: Error handling pricing updated: Customization.findOne is not a function
2026-05-29T22:36:53.428Z [INFO]: Initializing Customization Service...
2026-05-29T22:36:53.428Z [INFO]: Customization Service: Kafka producer connected
2026-05-29T22:36:53.428Z [INFO]: Customization Service: Kafka consumer connected and handlers set up
2026-05-29T22:36:53.428Z [DEBUG]: Customization Service received message on topic production.ready:
2026-05-29T22:36:53.428Z [INFO]: Customization Service: Processing production ready for CUST-456
2026-05-29T22:36:53.428Z [ERROR]: Customization Service: Error handling production ready: Customization.findOne is not a function
2026-05-29T22:36:53.923Z [INFO]: Initializing HubSpot CRM Adapter...
2026-05-29T22:36:53.923Z [INFO]: HubSpot CRM Adapter: Kafka producer connected
2026-05-29T22:36:53.923Z [INFO]: HubSpot CRM Adapter started successfully
2026-05-29T22:36:53.934Z [INFO]: Initializing HubSpot CRM Adapter...
2026-05-29T22:36:53.934Z [INFO]: HubSpot CRM Adapter: Kafka producer connected
2026-05-29T22:36:53.934Z [INFO]: HubSpot CRM Adapter started successfully
2026-05-29T22:36:53.463Z [INFO]: Oracle Product Adapter: Kafka producer connected
2026-05-29T22:36:53.463Z [INFO]: Oracle Product Adapter started successfully
2026-05-29T22:36:53.475Z [INFO]: Initializing Oracle Product Adapter...
2026-05-29T22:36:53.475Z [INFO]: Oracle Product Adapter: Kafka producer connected
2026-05-29T22:36:53.475Z [INFO]: Oracle Product Adapter started successfully
2026-05-29T22:36:53.956Z [INFO]: Initializing Salesforce CRM Adapter...
2026-05-29T22:36:53.956Z [INFO]: Salesforce CRM Adapter: Kafka producer connected
2026-05-29T22:36:53.956Z [INFO]: Salesforce CRM Adapter started successfully
2026-05-29T22:36:53.972Z [INFO]: Initializing Salesforce CRM Adapter...
2026-05-29T22:36:53.972Z [INFO]: Salesforce CRM Adapter: Kafka producer connected
2026-05-29T22:36:53.972Z [INFO]: Salesforce CRM Adapter started successfully
2026-05-29T22:36:53.077Z [INFO]: ShipBob Logistics Adapter: Kafka producer connected
2026-05-29T22:36:53.077Z [INFO]: ShipBob Logistics Adapter started successfully
2026-05-29T22:36:53.173Z [INFO]: Initializing ShipBob Logistics Adapter...
2026-05-29T22:36:53.173Z [INFO]: ShipBob Logistics Adapter: Kafka producer connected
2026-05-29T22:36:53.173Z [INFO]: ShipBob Logistics Adapter started successfully
2026-05-29T22:36:53.193Z [INFO]: Initializing ShipBob Logistics Adapter...
2026-05-29T22:36:53.193Z [INFO]: ShipBob Logistics Adapter: Kafka producer connected
2026-05-29T22:36:53.193Z [INFO]: ShipBob Logistics Adapter started successfully
2026-05-29T22:36:53.993Z [INFO]: Initializing SAP Product Adapter...
2026-05-29T22:36:53.993Z [INFO]: SAP Product Adapter: Kafka producer connected
2026-05-29T22:36:53.993Z [INFO]: SAP Product Adapter started successfully
2026-05-29T22:36:54.006Z [INFO]: Initializing SAP Product Adapter...
2026-05-29T22:36:54.006Z [INFO]: SAP Product Adapter: Kafka producer connected
2026-05-29T22:36:54.006Z [INFO]: SAP Product Adapter started successfully
2026-05-29T22:36:54.574Z [INFO]: Initializing AI Intelligence Service...
2026-05-29T22:36:54.574Z [INFO]: AI Intelligence Service: Kafka consumer connected
2026-05-29T22:36:54.574Z [INFO]: AI Intelligence Service started successfully
2026-05-29T22:36:54.617Z [INFO]: Initializing AI Intelligence Service...
2026-05-29T22:36:54.617Z [INFO]: AI Intelligence Service: Kafka consumer connected
2026-05-29T22:36:54.617Z [INFO]: AI Intelligence Service started successfully
2026-05-29T22:36:54.633Z [INFO]: Initializing AI Intelligence Service...
2026-05-29T22:36:54.633Z [INFO]: AI Intelligence Service: Kafka consumer connected
2026-05-29T22:36:54.633Z [INFO]: AI Intelligence Service started successfully
2026-05-29T22:36:54.633Z [DEBUG]: AI Intelligence: Processing product.updated
2026-05-29T22:36:54.633Z [DEBUG]: AI Intelligence: Generated product_insight insight
2026-05-29T22:36:54.649Z [INFO]: Initializing AI Intelligence Service...
2026-05-29T22:36:54.649Z [INFO]: AI Intelligence Service: Kafka consumer connected
2026-05-29T22:36:54.649Z [INFO]: AI Intelligence Service started successfully
2026-05-29T22:36:54.649Z [DEBUG]: AI Intelligence: Processing order.created
2026-05-29T22:36:55.010Z [INFO]: Initializing Sourcing Service...
2026-05-29T22:36:55.010Z [INFO]: Sourcing Service: Seeded 8 suppliers into knowledge base
2026-05-29T22:36:55.010Z [INFO]: Sourcing Service: Kafka producer connected
2026-05-29T22:36:55.010Z [INFO]: Sourcing Service: Kafka consumer connected and handlers set up
2026-05-29T22:36:55.045Z [INFO]: Initializing Sourcing Service...
2026-05-29T22:36:55.045Z [INFO]: Sourcing Service: Seeded 8 suppliers into knowledge base
2026-05-29T22:36:55.045Z [INFO]: Sourcing Service: Kafka producer connected
2026-05-29T22:36:55.045Z [INFO]: Sourcing Service: Kafka consumer connected and handlers set up
2026-05-29T22:36:55.065Z [INFO]: Initializing Sourcing Service...
2026-05-29T22:36:55.065Z [INFO]: Sourcing Service: Seeded 8 suppliers into knowledge base
2026-05-29T22:36:55.065Z [INFO]: Sourcing Service: Kafka producer connected
2026-05-29T22:36:55.065Z [INFO]: Sourcing Service: Kafka consumer connected and handlers set up
2026-05-29T22:36:55.065Z [DEBUG]: Sourcing Service received message on topic product.query.received:
2026-05-29T22:36:55.065Z [INFO]: Sourcing Service: Processing product query QUERY-456
2026-05-29T22:36:55.065Z [ERROR]: Sourcing Service: Error handling product query received: Sourcing is not a constructor
2026-05-29T22:36:55.160Z [INFO]: Initializing Sourcing Service...
2026-05-29T22:36:55.160Z [INFO]: Sourcing Service: Seeded 8 suppliers into knowledge base
2026-05-29T22:36:55.160Z [INFO]: Sourcing Service: Kafka producer connected
2026-05-29T22:36:55.160Z [INFO]: Sourcing Service: Kafka consumer connected and handlers set up
2026-05-29T22:36:55.160Z [DEBUG]: Sourcing Service received message on topic product.catalog.updated:
2026-05-29T22:36:55.160Z [INFO]: Sourcing Service: Processing catalog update for product PROD-123
2026-05-29T22:36:55.168Z [INFO]: Initializing Sourcing Service...
2026-05-29T22:36:55.168Z [INFO]: Sourcing Service: Seeded 8 suppliers into knowledge base
2026-05-29T22:36:55.168Z [INFO]: Sourcing Service: Kafka producer connected
2026-05-29T22:36:55.168Z [INFO]: Sourcing Service: Kafka consumer connected and handlers set up
2026-05-29T22:36:55.168Z [DEBUG]: Sourcing Service received message on topic supplier.profile.updated:
2026-05-29T22:36:55.168Z [INFO]: Sourcing Service: Processing supplier profile update for SUP-789
2026-05-29T22:36:55.176Z [INFO]: Initializing Sourcing Service...
2026-05-29T22:36:55.176Z [INFO]: Sourcing Service: Seeded 8 suppliers into knowledge base
2026-05-29T22:36:55.176Z [INFO]: Sourcing Service: Kafka producer connected
2026-05-29T22:36:55.176Z [INFO]: Sourcing Service: Kafka consumer connected and handlers set up
2026-05-29T22:36:55.176Z [DEBUG]: Sourcing Service received message on topic market.trend.updated:
2026-05-29T22:36:55.176Z [INFO]: Sourcing Service: Processing market trend update for textiles
2026-05-29T22:38:59.516Z [INFO]: Initializing ShipBob Logistics Adapter...
2026-05-29T22:38:59.571Z [INFO]: Initializing Workflow Automation Service...
2026-05-29T22:39:00.342Z [INFO]: Initializing Document Processing Pipeline...
2026-05-29T22:38:59.571Z [INFO]: Workflow Automation Service: Kafka connections established
2026-05-29T22:38:59.571Z [INFO]: Workflow Automation Service started successfully
2026-05-29T22:38:59.613Z [INFO]: Initializing Workflow Automation Service...
2026-05-29T22:38:59.613Z [INFO]: Workflow Automation Service: Kafka connections established
2026-05-29T22:38:59.613Z [INFO]: Workflow Automation Service started successfully
2026-05-29T22:38:59.631Z [INFO]: Initializing Workflow Automation Service...
2026-05-29T22:38:59.631Z [INFO]: Workflow Automation Service: Kafka connections established
2026-05-29T22:38:59.631Z [INFO]: Workflow Automation Service started successfully
2026-05-29T22:38:59.631Z [DEBUG]: Workflow Automation: Processing order.created
2026-05-29T22:38:59.631Z [INFO]: Workflow Automation: Processing order ORDER-456
2026-05-29T22:38:59.631Z [INFO]: Workflow Automation: Executing step credit-check for workflow order-fulfillment
2026-05-29T22:38:59.664Z [INFO]: Initializing Workflow Automation Service...
2026-05-29T22:38:59.664Z [INFO]: Workflow Automation Service: Kafka connections established
2026-05-29T22:38:59.664Z [INFO]: Workflow Automation Service started successfully
2026-05-29T22:38:59.664Z [DEBUG]: Workflow Automation: Processing inventory.changed
2026-05-29T22:38:59.664Z [INFO]: Workflow Automation: Processing inventory change for PROD-123
2026-05-29T22:38:59.664Z [INFO]: Workflow Automation: Executing step check-supplier-availability for workflow inventory-replenishment
2026-05-29T22:38:59.676Z [INFO]: Initializing Workflow Automation Service...
2026-05-29T22:38:59.676Z [INFO]: Workflow Automation Service: Kafka connections established
2026-05-29T22:38:59.676Z [INFO]: Workflow Automation Service started successfully
2026-05-29T22:38:59.676Z [DEBUG]: Workflow Automation: Processing supplier.risk.updated
2026-05-29T22:38:59.676Z [INFO]: Workflow Automation: Processing supplier risk update for SUP-789
2026-05-29T22:38:59.676Z [INFO]: Workflow Automation: Executing step assess-risk for workflow supplier-evaluation
2026-05-29T22:39:00.342Z [INFO]: Document Processing Pipeline: Kafka producer connected
2026-05-29T22:39:00.342Z [INFO]: Document Processing Pipeline started successfully
2026-05-29T22:39:00.354Z [INFO]: Initializing Document Processing Pipeline...
2026-05-29T22:39:00.354Z [INFO]: Document Processing Pipeline: Kafka producer connected
2026-05-29T22:39:00.354Z [INFO]: Document Processing Pipeline started successfully
2026-05-29T22:38:59.516Z [INFO]: ShipBob Logistics Adapter: Kafka producer connected
2026-05-29T22:38:59.516Z [INFO]: ShipBob Logistics Adapter started successfully
2026-05-29T22:38:59.574Z [INFO]: Initializing ShipBob Logistics Adapter...
2026-05-29T22:38:59.574Z [INFO]: ShipBob Logistics Adapter: Kafka producer connected
2026-05-29T22:38:59.574Z [INFO]: ShipBob Logistics Adapter started successfully
2026-05-29T22:38:59.597Z [INFO]: Initializing ShipBob Logistics Adapter...
2026-05-29T22:38:59.597Z [INFO]: ShipBob Logistics Adapter: Kafka producer connected
2026-05-29T22:38:59.597Z [INFO]: ShipBob Logistics Adapter started successfully
2026-05-29T22:39:00.335Z [INFO]: Initializing Customization Service...
2026-05-29T22:39:00.502Z [INFO]: Initializing REST API Adapter...
2026-05-29T22:39:00.335Z [INFO]: Customization Service: Kafka producer connected
2026-05-29T22:39:00.335Z [INFO]: Customization Service: Kafka consumer connected and handlers set up
2026-05-29T22:39:00.350Z [INFO]: Initializing Customization Service...
2026-05-29T22:39:00.350Z [INFO]: Customization Service: Kafka producer connected
2026-05-29T22:39:00.350Z [INFO]: Customization Service: Kafka consumer connected and handlers set up
2026-05-29T22:39:00.362Z [INFO]: Initializing Customization Service...
2026-05-29T22:39:00.362Z [INFO]: Customization Service: Kafka producer connected
2026-05-29T22:39:00.362Z [INFO]: Customization Service: Kafka consumer connected and handlers set up
2026-05-29T22:39:00.362Z [DEBUG]: Customization Service received message on topic customization.requested:
2026-05-29T22:39:00.362Z [INFO]: Customization Service: Processing customization request CUST-456
2026-05-29T22:39:00.362Z [ERROR]: Customization Service: Error handling customization requested: Customization is not a constructor
2026-05-29T22:39:00.554Z [INFO]: Initializing Customization Service...
2026-05-29T22:39:00.554Z [INFO]: Customization Service: Kafka producer connected
2026-05-29T22:39:00.554Z [INFO]: Customization Service: Kafka consumer connected and handlers set up
2026-05-29T22:39:00.554Z [DEBUG]: Customization Service received message on topic design.approved:
2026-05-29T22:39:00.554Z [INFO]: Customization Service: Processing design approval for CUST-456
2026-05-29T22:39:00.554Z [ERROR]: Customization Service: Error handling design approved: Customization.findOne is not a function
2026-05-29T22:39:00.575Z [INFO]: Initializing Customization Service...
2026-05-29T22:39:00.575Z [INFO]: Customization Service: Kafka producer connected
2026-05-29T22:39:00.575Z [INFO]: Customization Service: Kafka consumer connected and handlers set up
2026-05-29T22:39:00.575Z [DEBUG]: Customization Service received message on topic specification.updated:
2026-05-29T22:39:00.575Z [INFO]: Customization Service: Processing specification update for CUST-456
2026-05-29T22:39:00.575Z [ERROR]: Customization Service: Error handling specification updated: Customization.findOne is not a function
2026-05-29T22:39:00.611Z [INFO]: Initializing Customization Service...
2026-05-29T22:39:00.611Z [INFO]: Customization Service: Kafka producer connected
2026-05-29T22:39:00.611Z [INFO]: Customization Service: Kafka consumer connected and handlers set up
2026-05-29T22:39:00.611Z [DEBUG]: Customization Service received message on topic material.selected:
2026-05-29T22:39:00.611Z [INFO]: Customization Service: Processing material selection for CUST-456
2026-05-29T22:39:00.611Z [ERROR]: Customization Service: Error handling material selected: Customization.findOne is not a function
2026-05-29T22:39:00.631Z [INFO]: Initializing Customization Service...
2026-05-29T22:39:00.631Z [INFO]: Customization Service: Kafka producer connected
2026-05-29T22:39:00.631Z [INFO]: Customization Service: Kafka consumer connected and handlers set up
2026-05-29T22:39:00.631Z [DEBUG]: Customization Service received message on topic pricing.updated:
2026-05-29T22:39:00.631Z [INFO]: Customization Service: Processing pricing update for CUST-456
2026-05-29T22:39:00.631Z [ERROR]: Customization Service: Error handling pricing updated: Customization.findOne is not a function
2026-05-29T22:39:00.648Z [INFO]: Initializing Customization Service...
2026-05-29T22:39:00.648Z [INFO]: Customization Service: Kafka producer connected
2026-05-29T22:39:00.648Z [INFO]: Customization Service: Kafka consumer connected and handlers set up
2026-05-29T22:39:00.648Z [DEBUG]: Customization Service received message on topic production.ready:
2026-05-29T22:39:00.648Z [INFO]: Customization Service: Processing production ready for CUST-456
2026-05-29T22:39:00.648Z [ERROR]: Customization Service: Error handling production ready: Customization.findOne is not a function
2026-05-29T22:39:00.079Z [INFO]: Initializing Flexport Logistics Adapter...
2026-05-29T22:39:00.737Z [INFO]: Initializing SAP Product Adapter...
2026-05-29T22:39:00.079Z [INFO]: Flexport Logistics Adapter: Kafka producer connected
2026-05-29T22:39:00.079Z [INFO]: Flexport Logistics Adapter started successfully
2026-05-29T22:39:00.128Z [INFO]: Initializing Flexport Logistics Adapter...
2026-05-29T22:39:00.128Z [INFO]: Flexport Logistics Adapter: Kafka producer connected
2026-05-29T22:39:00.128Z [INFO]: Flexport Logistics Adapter started successfully
2026-05-29T22:39:00.155Z [INFO]: Initializing Flexport Logistics Adapter...
2026-05-29T22:39:00.155Z [INFO]: Flexport Logistics Adapter: Kafka producer connected
2026-05-29T22:39:00.155Z [INFO]: Flexport Logistics Adapter started successfully
2026-05-29T22:39:00.737Z [INFO]: SAP Product Adapter: Kafka producer connected
2026-05-29T22:39:00.737Z [INFO]: SAP Product Adapter started successfully
2026-05-29T22:39:00.746Z [INFO]: Initializing SAP Product Adapter...
2026-05-29T22:39:00.746Z [INFO]: SAP Product Adapter: Kafka producer connected
2026-05-29T22:39:00.746Z [INFO]: SAP Product Adapter started successfully
2026-05-29T22:39:00.888Z [INFO]: Initializing Oracle Product Adapter...
2026-05-29T22:39:00.888Z [INFO]: Oracle Product Adapter: Kafka producer connected
2026-05-29T22:39:00.888Z [INFO]: Oracle Product Adapter started successfully
2026-05-29T22:39:00.901Z [INFO]: Initializing Oracle Product Adapter...
2026-05-29T22:39:00.901Z [INFO]: Oracle Product Adapter: Kafka producer connected
2026-05-29T22:39:00.901Z [INFO]: Oracle Product Adapter started successfully
2026-05-29T22:39:01.070Z [INFO]: Initializing Salesforce CRM Adapter...
2026-05-29T22:39:01.070Z [INFO]: Salesforce CRM Adapter: Kafka producer connected
2026-05-29T22:39:01.070Z [INFO]: Salesforce CRM Adapter started successfully
2026-05-29T22:39:01.079Z [INFO]: Initializing Salesforce CRM Adapter...
2026-05-29T22:39:01.079Z [INFO]: Salesforce CRM Adapter: Kafka producer connected
2026-05-29T22:39:01.079Z [INFO]: Salesforce CRM Adapter started successfully
2026-05-29T22:39:00.502Z [INFO]: REST API Adapter: Kafka producer connected
2026-05-29T22:39:00.502Z [INFO]: REST API Adapter started successfully
2026-05-29T22:39:00.583Z [INFO]: Initializing REST API Adapter...
2026-05-29T22:39:00.583Z [INFO]: REST API Adapter: Kafka producer connected
2026-05-29T22:39:00.583Z [INFO]: REST API Adapter started successfully
2026-05-29T22:39:00.620Z [INFO]: Initializing REST API Adapter...
2026-05-29T22:39:00.620Z [INFO]: REST API Adapter: Kafka producer connected
2026-05-29T22:39:00.620Z [INFO]: REST API Adapter started successfully
2026-05-29T22:39:01.198Z [INFO]: Initializing HubSpot CRM Adapter...
2026-05-29T22:39:01.198Z [INFO]: HubSpot CRM Adapter: Kafka producer connected
2026-05-29T22:39:01.198Z [INFO]: HubSpot CRM Adapter started successfully
2026-05-29T22:39:01.214Z [INFO]: Initializing HubSpot CRM Adapter...
2026-05-29T22:39:01.214Z [INFO]: HubSpot CRM Adapter: Kafka producer connected
2026-05-29T22:39:01.214Z [INFO]: HubSpot CRM Adapter started successfully
2026-05-29T22:39:01.772Z [INFO]: Initializing AI Intelligence Service...
2026-05-29T22:39:01.772Z [INFO]: AI Intelligence Service: Kafka consumer connected
2026-05-29T22:39:01.772Z [INFO]: AI Intelligence Service started successfully
2026-05-29T22:39:01.799Z [INFO]: Initializing AI Intelligence Service...
2026-05-29T22:39:01.799Z [INFO]: AI Intelligence Service: Kafka consumer connected
2026-05-29T22:39:01.799Z [INFO]: AI Intelligence Service started successfully
2026-05-29T22:39:01.815Z [INFO]: Initializing AI Intelligence Service...
2026-05-29T22:39:01.815Z [INFO]: AI Intelligence Service: Kafka consumer connected
2026-05-29T22:39:01.815Z [INFO]: AI Intelligence Service started successfully
2026-05-29T22:39:01.815Z [DEBUG]: AI Intelligence: Processing product.updated
2026-05-29T22:39:01.815Z [DEBUG]: AI Intelligence: Generated product_insight insight
2026-05-29T22:39:01.841Z [INFO]: Initializing AI Intelligence Service...
2026-05-29T22:39:01.841Z [INFO]: AI Intelligence Service: Kafka consumer connected
2026-05-29T22:39:01.841Z [INFO]: AI Intelligence Service started successfully
2026-05-29T22:39:01.841Z [DEBUG]: AI Intelligence: Processing order.created
2026-05-29T22:39:02.608Z [INFO]: Initializing Sourcing Service...
2026-05-29T22:39:02.608Z [INFO]: Sourcing Service: Seeded 8 suppliers into knowledge base
2026-05-29T22:39:02.608Z [INFO]: Sourcing Service: Kafka producer connected
2026-05-29T22:39:02.608Z [INFO]: Sourcing Service: Kafka consumer connected and handlers set up
2026-05-29T22:39:02.632Z [INFO]: Initializing Sourcing Service...
2026-05-29T22:39:02.632Z [INFO]: Sourcing Service: Seeded 8 suppliers into knowledge base
2026-05-29T22:39:02.632Z [INFO]: Sourcing Service: Kafka producer connected
2026-05-29T22:39:02.632Z [INFO]: Sourcing Service: Kafka consumer connected and handlers set up
2026-05-29T22:39:02.645Z [INFO]: Initializing Sourcing Service...
2026-05-29T22:39:02.645Z [INFO]: Sourcing Service: Seeded 8 suppliers into knowledge base
2026-05-29T22:39:02.645Z [INFO]: Sourcing Service: Kafka producer connected
2026-05-29T22:39:02.645Z [INFO]: Sourcing Service: Kafka consumer connected and handlers set up
2026-05-29T22:39:02.645Z [DEBUG]: Sourcing Service received message on topic product.query.received:
2026-05-29T22:39:02.645Z [INFO]: Sourcing Service: Processing product query QUERY-456
2026-05-29T22:39:02.645Z [ERROR]: Sourcing Service: Error handling product query received: Sourcing is not a constructor
2026-05-29T22:39:02.744Z [INFO]: Initializing Sourcing Service...
2026-05-29T22:39:02.744Z [INFO]: Sourcing Service: Seeded 8 suppliers into knowledge base
2026-05-29T22:39:02.744Z [INFO]: Sourcing Service: Kafka producer connected
2026-05-29T22:39:02.744Z [INFO]: Sourcing Service: Kafka consumer connected and handlers set up
2026-05-29T22:39:02.744Z [DEBUG]: Sourcing Service received message on topic product.catalog.updated:
2026-05-29T22:39:02.744Z [INFO]: Sourcing Service: Processing catalog update for product PROD-123
2026-05-29T22:39:02.752Z [INFO]: Initializing Sourcing Service...
2026-05-29T22:39:02.752Z [INFO]: Sourcing Service: Seeded 8 suppliers into knowledge base
2026-05-29T22:39:02.752Z [INFO]: Sourcing Service: Kafka producer connected
2026-05-29T22:39:02.752Z [INFO]: Sourcing Service: Kafka consumer connected and handlers set up
2026-05-29T22:39:02.752Z [DEBUG]: Sourcing Service received message on topic supplier.profile.updated:
2026-05-29T22:39:02.752Z [INFO]: Sourcing Service: Processing supplier profile update for SUP-789
2026-05-29T22:39:02.758Z [INFO]: Initializing Sourcing Service...
2026-05-29T22:39:02.758Z [INFO]: Sourcing Service: Seeded 8 suppliers into knowledge base
2026-05-29T22:39:02.758Z [INFO]: Sourcing Service: Kafka producer connected
2026-05-29T22:39:02.758Z [INFO]: Sourcing Service: Kafka consumer connected and handlers set up
2026-05-29T22:39:02.758Z [DEBUG]: Sourcing Service received message on topic market.trend.updated:
2026-05-29T22:39:02.758Z [INFO]: Sourcing Service: Processing market trend update for textiles
2026-05-29T22:48:18.092Z [INFO]: Initializing Flexport Logistics Adapter...
2026-05-29T22:48:18.105Z [INFO]: Initializing ShipBob Logistics Adapter...
2026-05-29T22:48:18.179Z [INFO]: Initializing Workflow Automation Service...
2026-05-29T22:48:18.179Z [INFO]: Workflow Automation Service: Kafka connections established
2026-05-29T22:48:18.179Z [INFO]: Workflow Automation Service started successfully
2026-05-29T22:48:18.247Z [INFO]: Initializing Workflow Automation Service...
2026-05-29T22:48:18.247Z [INFO]: Workflow Automation Service: Kafka connections established
2026-05-29T22:48:18.247Z [INFO]: Workflow Automation Service started successfully
2026-05-29T22:48:18.271Z [INFO]: Initializing Workflow Automation Service...
2026-05-29T22:48:18.271Z [INFO]: Workflow Automation Service: Kafka connections established
2026-05-29T22:48:18.271Z [INFO]: Workflow Automation Service started successfully
2026-05-29T22:48:18.271Z [DEBUG]: Workflow Automation: Processing order.created
2026-05-29T22:48:18.271Z [INFO]: Workflow Automation: Processing order ORDER-456
2026-05-29T22:48:18.271Z [INFO]: Workflow Automation: Executing step credit-check for workflow order-fulfillment
2026-05-29T22:48:18.309Z [INFO]: Initializing Workflow Automation Service...
2026-05-29T22:48:18.309Z [INFO]: Workflow Automation Service: Kafka connections established
2026-05-29T22:48:18.309Z [INFO]: Workflow Automation Service started successfully
2026-05-29T22:48:18.309Z [DEBUG]: Workflow Automation: Processing inventory.changed
2026-05-29T22:48:18.309Z [INFO]: Workflow Automation: Processing inventory change for PROD-123
2026-05-29T22:48:18.309Z [INFO]: Workflow Automation: Executing step check-supplier-availability for workflow inventory-replenishment
2026-05-29T22:48:18.337Z [INFO]: Initializing Workflow Automation Service...
2026-05-29T22:48:18.337Z [INFO]: Workflow Automation Service: Kafka connections established
2026-05-29T22:48:18.337Z [INFO]: Workflow Automation Service started successfully
2026-05-29T22:48:18.337Z [DEBUG]: Workflow Automation: Processing supplier.risk.updated
2026-05-29T22:48:18.337Z [INFO]: Workflow Automation: Processing supplier risk update for SUP-789
2026-05-29T22:48:18.337Z [INFO]: Workflow Automation: Executing step assess-risk for workflow supplier-evaluation
2026-05-29T22:48:19.193Z [INFO]: Initializing SAP Product Adapter...
2026-05-29T22:48:18.105Z [INFO]: ShipBob Logistics Adapter: Kafka producer connected
2026-05-29T22:48:18.105Z [INFO]: ShipBob Logistics Adapter started successfully
2026-05-29T22:48:18.192Z [INFO]: Initializing ShipBob Logistics Adapter...
2026-05-29T22:48:18.192Z [INFO]: ShipBob Logistics Adapter: Kafka producer connected
2026-05-29T22:48:18.192Z [INFO]: ShipBob Logistics Adapter started successfully
2026-05-29T22:48:18.218Z [INFO]: Initializing ShipBob Logistics Adapter...
2026-05-29T22:48:18.218Z [INFO]: ShipBob Logistics Adapter: Kafka producer connected
2026-05-29T22:48:18.218Z [INFO]: ShipBob Logistics Adapter started successfully
2026-05-29T22:48:19.238Z [INFO]: Initializing Document Processing Pipeline...
2026-05-29T22:48:18.092Z [INFO]: Flexport Logistics Adapter: Kafka producer connected
2026-05-29T22:48:18.092Z [INFO]: Flexport Logistics Adapter started successfully
2026-05-29T22:48:18.144Z [INFO]: Initializing Flexport Logistics Adapter...
2026-05-29T22:48:18.144Z [INFO]: Flexport Logistics Adapter: Kafka producer connected
2026-05-29T22:48:18.144Z [INFO]: Flexport Logistics Adapter started successfully
2026-05-29T22:48:18.180Z [INFO]: Initializing Flexport Logistics Adapter...
2026-05-29T22:48:18.180Z [INFO]: Flexport Logistics Adapter: Kafka producer connected
2026-05-29T22:48:18.180Z [INFO]: Flexport Logistics Adapter started successfully
2026-05-29T22:48:19.174Z [INFO]: Initializing Customization Service...
2026-05-29T22:48:19.174Z [INFO]: Customization Service: Kafka producer connected
2026-05-29T22:48:19.174Z [INFO]: Customization Service: Kafka consumer connected and handlers set up
2026-05-29T22:48:19.191Z [INFO]: Initializing Customization Service...
2026-05-29T22:48:19.191Z [INFO]: Customization Service: Kafka producer connected
2026-05-29T22:48:19.191Z [INFO]: Customization Service: Kafka consumer connected and handlers set up
2026-05-29T22:48:19.217Z [INFO]: Initializing Customization Service...
2026-05-29T22:48:19.217Z [INFO]: Customization Service: Kafka producer connected
2026-05-29T22:48:19.217Z [INFO]: Customization Service: Kafka consumer connected and handlers set up
2026-05-29T22:48:19.217Z [DEBUG]: Customization Service received message on topic customization.requested:
2026-05-29T22:48:19.217Z [INFO]: Customization Service: Processing customization request CUST-456
2026-05-29T22:48:19.217Z [ERROR]: Customization Service: Error handling customization requested: Customization is not a constructor
2026-05-29T22:48:19.476Z [INFO]: Initializing Customization Service...
2026-05-29T22:48:19.476Z [INFO]: Customization Service: Kafka producer connected
2026-05-29T22:48:19.476Z [INFO]: Customization Service: Kafka consumer connected and handlers set up
2026-05-29T22:48:19.476Z [DEBUG]: Customization Service received message on topic design.approved:
2026-05-29T22:48:19.476Z [INFO]: Customization Service: Processing design approval for CUST-456
2026-05-29T22:48:19.476Z [ERROR]: Customization Service: Error handling design approved: Customization.findOne is not a function
2026-05-29T22:48:19.491Z [INFO]: Initializing Customization Service...
2026-05-29T22:48:19.491Z [INFO]: Customization Service: Kafka producer connected
2026-05-29T22:48:19.491Z [INFO]: Customization Service: Kafka consumer connected and handlers set up
2026-05-29T22:48:19.491Z [DEBUG]: Customization Service received message on topic specification.updated:
2026-05-29T22:48:19.491Z [INFO]: Customization Service: Processing specification update for CUST-456
2026-05-29T22:48:19.491Z [ERROR]: Customization Service: Error handling specification updated: Customization.findOne is not a function
2026-05-29T22:48:19.503Z [INFO]: Initializing Customization Service...
2026-05-29T22:48:19.503Z [INFO]: Customization Service: Kafka producer connected
2026-05-29T22:48:19.503Z [INFO]: Customization Service: Kafka consumer connected and handlers set up
2026-05-29T22:48:19.503Z [DEBUG]: Customization Service received message on topic material.selected:
2026-05-29T22:48:19.503Z [INFO]: Customization Service: Processing material selection for CUST-456
2026-05-29T22:48:19.503Z [ERROR]: Customization Service: Error handling material selected: Customization.findOne is not a function
2026-05-29T22:48:19.521Z [INFO]: Initializing Customization Service...
2026-05-29T22:48:19.521Z [INFO]: Customization Service: Kafka producer connected
2026-05-29T22:48:19.521Z [INFO]: Customization Service: Kafka consumer connected and handlers set up
2026-05-29T22:48:19.521Z [DEBUG]: Customization Service received message on topic pricing.updated:
2026-05-29T22:48:19.521Z [INFO]: Customization Service: Processing pricing update for CUST-456
2026-05-29T22:48:19.521Z [ERROR]: Customization Service: Error handling pricing updated: Customization.findOne is not a function
2026-05-29T22:48:19.540Z [INFO]: Initializing Customization Service...
2026-05-29T22:48:19.540Z [INFO]: Customization Service: Kafka producer connected
2026-05-29T22:48:19.540Z [INFO]: Customization Service: Kafka consumer connected and handlers set up
2026-05-29T22:48:19.540Z [DEBUG]: Customization Service received message on topic production.ready:
2026-05-29T22:48:19.540Z [INFO]: Customization Service: Processing production ready for CUST-456
2026-05-29T22:48:19.540Z [ERROR]: Customization Service: Error handling production ready: Customization.findOne is not a function
2026-05-29T22:48:18.355Z [INFO]: Initializing REST API Adapter...
2026-05-29T22:48:19.516Z [INFO]: Initializing HubSpot CRM Adapter...
2026-05-29T22:48:18.355Z [INFO]: REST API Adapter: Kafka producer connected
2026-05-29T22:48:18.355Z [INFO]: REST API Adapter started successfully
2026-05-29T22:48:18.418Z [INFO]: Initializing REST API Adapter...
2026-05-29T22:48:18.418Z [INFO]: REST API Adapter: Kafka producer connected
2026-05-29T22:48:18.418Z [INFO]: REST API Adapter started successfully
2026-05-29T22:48:18.471Z [INFO]: Initializing REST API Adapter...
2026-05-29T22:48:18.471Z [INFO]: REST API Adapter: Kafka producer connected
2026-05-29T22:48:18.471Z [INFO]: REST API Adapter started successfully
2026-05-29T22:48:19.516Z [INFO]: HubSpot CRM Adapter: Kafka producer connected
2026-05-29T22:48:19.516Z [INFO]: HubSpot CRM Adapter started successfully
2026-05-29T22:48:19.534Z [INFO]: Initializing HubSpot CRM Adapter...
2026-05-29T22:48:19.534Z [INFO]: HubSpot CRM Adapter: Kafka producer connected
2026-05-29T22:48:19.534Z [INFO]: HubSpot CRM Adapter started successfully
2026-05-29T22:48:19.193Z [INFO]: SAP Product Adapter: Kafka producer connected
2026-05-29T22:48:19.193Z [INFO]: SAP Product Adapter started successfully
2026-05-29T22:48:19.219Z [INFO]: Initializing SAP Product Adapter...
2026-05-29T22:48:19.219Z [INFO]: SAP Product Adapter: Kafka producer connected
2026-05-29T22:48:19.219Z [INFO]: SAP Product Adapter started successfully
2026-05-29T22:48:19.755Z [INFO]: Initializing Oracle Product Adapter...
2026-05-29T22:48:19.755Z [INFO]: Oracle Product Adapter: Kafka producer connected
2026-05-29T22:48:19.755Z [INFO]: Oracle Product Adapter started successfully
2026-05-29T22:48:19.773Z [INFO]: Initializing Oracle Product Adapter...
2026-05-29T22:48:19.773Z [INFO]: Oracle Product Adapter: Kafka producer connected
2026-05-29T22:48:19.773Z [INFO]: Oracle Product Adapter started successfully
2026-05-29T22:48:19.238Z [INFO]: Document Processing Pipeline: Kafka producer connected
2026-05-29T22:48:19.238Z [INFO]: Document Processing Pipeline started successfully
2026-05-29T22:48:19.258Z [INFO]: Initializing Document Processing Pipeline...
2026-05-29T22:48:19.258Z [INFO]: Document Processing Pipeline: Kafka producer connected
2026-05-29T22:48:19.258Z [INFO]: Document Processing Pipeline started successfully
2026-05-29T22:48:19.900Z [INFO]: Initializing Salesforce CRM Adapter...
2026-05-29T22:48:19.900Z [INFO]: Salesforce CRM Adapter: Kafka producer connected
2026-05-29T22:48:19.900Z [INFO]: Salesforce CRM Adapter started successfully
2026-05-29T22:48:19.906Z [INFO]: Initializing Salesforce CRM Adapter...
2026-05-29T22:48:19.906Z [INFO]: Salesforce CRM Adapter: Kafka producer connected
2026-05-29T22:48:19.906Z [INFO]: Salesforce CRM Adapter started successfully
2026-05-29T22:48:20.120Z [INFO]: Initializing AI Intelligence Service...
2026-05-29T22:48:20.120Z [INFO]: AI Intelligence Service: Kafka consumer connected
2026-05-29T22:48:20.120Z [INFO]: AI Intelligence Service started successfully
2026-05-29T22:48:20.147Z [INFO]: Initializing AI Intelligence Service...
2026-05-29T22:48:20.147Z [INFO]: AI Intelligence Service: Kafka consumer connected
2026-05-29T22:48:20.147Z [INFO]: AI Intelligence Service started successfully
2026-05-29T22:48:20.160Z [INFO]: Initializing AI Intelligence Service...
2026-05-29T22:48:20.160Z [INFO]: AI Intelligence Service: Kafka consumer connected
2026-05-29T22:48:20.160Z [INFO]: AI Intelligence Service started successfully
2026-05-29T22:48:20.160Z [DEBUG]: AI Intelligence: Processing product.updated
2026-05-29T22:48:20.160Z [DEBUG]: AI Intelligence: Generated product_insight insight
2026-05-29T22:48:20.171Z [INFO]: Initializing AI Intelligence Service...
2026-05-29T22:48:20.171Z [INFO]: AI Intelligence Service: Kafka consumer connected
2026-05-29T22:48:20.171Z [INFO]: AI Intelligence Service started successfully
2026-05-29T22:48:20.171Z [DEBUG]: AI Intelligence: Processing order.created
2026-05-29T22:48:20.151Z [INFO]: Initializing Sourcing Service...
2026-05-29T22:48:20.151Z [INFO]: Sourcing Service: Seeded 8 suppliers into knowledge base
2026-05-29T22:48:20.151Z [INFO]: Sourcing Service: Kafka producer connected
2026-05-29T22:48:20.151Z [INFO]: Sourcing Service: Kafka consumer connected and handlers set up
2026-05-29T22:48:20.180Z [INFO]: Initializing Sourcing Service...
2026-05-29T22:48:20.180Z [INFO]: Sourcing Service: Seeded 8 suppliers into knowledge base
2026-05-29T22:48:20.180Z [INFO]: Sourcing Service: Kafka producer connected
2026-05-29T22:48:20.180Z [INFO]: Sourcing Service: Kafka consumer connected and handlers set up
2026-05-29T22:48:20.193Z [INFO]: Initializing Sourcing Service...
2026-05-29T22:48:20.193Z [INFO]: Sourcing Service: Seeded 8 suppliers into knowledge base
2026-05-29T22:48:20.193Z [INFO]: Sourcing Service: Kafka producer connected
2026-05-29T22:48:20.193Z [INFO]: Sourcing Service: Kafka consumer connected and handlers set up
2026-05-29T22:48:20.193Z [DEBUG]: Sourcing Service received message on topic product.query.received:
2026-05-29T22:48:20.193Z [INFO]: Sourcing Service: Processing product query QUERY-456
2026-05-29T22:48:20.193Z [ERROR]: Sourcing Service: Error handling product query received: Sourcing is not a constructor
2026-05-29T22:48:20.287Z [INFO]: Initializing Sourcing Service...
2026-05-29T22:48:20.287Z [INFO]: Sourcing Service: Seeded 8 suppliers into knowledge base
2026-05-29T22:48:20.287Z [INFO]: Sourcing Service: Kafka producer connected
2026-05-29T22:48:20.287Z [INFO]: Sourcing Service: Kafka consumer connected and handlers set up
2026-05-29T22:48:20.287Z [DEBUG]: Sourcing Service received message on topic product.catalog.updated:
2026-05-29T22:48:20.287Z [INFO]: Sourcing Service: Processing catalog update for product PROD-123
2026-05-29T22:48:20.307Z [INFO]: Initializing Sourcing Service...
2026-05-29T22:48:20.307Z [INFO]: Sourcing Service: Seeded 8 suppliers into knowledge base
2026-05-29T22:48:20.307Z [INFO]: Sourcing Service: Kafka producer connected
2026-05-29T22:48:20.307Z [INFO]: Sourcing Service: Kafka consumer connected and handlers set up
2026-05-29T22:48:20.307Z [DEBUG]: Sourcing Service received message on topic supplier.profile.updated:
2026-05-29T22:48:20.307Z [INFO]: Sourcing Service: Processing supplier profile update for SUP-789
2026-05-29T22:48:20.324Z [INFO]: Initializing Sourcing Service...
2026-05-29T22:48:20.324Z [INFO]: Sourcing Service: Seeded 8 suppliers into knowledge base
2026-05-29T22:48:20.324Z [INFO]: Sourcing Service: Kafka producer connected
2026-05-29T22:48:20.324Z [INFO]: Sourcing Service: Kafka consumer connected and handlers set up
2026-05-29T22:48:20.324Z [DEBUG]: Sourcing Service received message on topic market.trend.updated:
2026-05-29T22:48:20.324Z [INFO]: Sourcing Service: Processing market trend update for textiles
2026-05-29T22:49:40.501Z [INFO]: Initializing Workflow Automation Service...
2026-05-29T22:49:40.638Z [INFO]: Initializing REST API Adapter...
2026-05-29T22:49:40.638Z [INFO]: REST API Adapter: Kafka producer connected
2026-05-29T22:49:40.638Z [INFO]: REST API Adapter started successfully
2026-05-29T22:49:40.698Z [INFO]: Initializing REST API Adapter...
2026-05-29T22:49:40.698Z [INFO]: REST API Adapter: Kafka producer connected
2026-05-29T22:49:40.698Z [INFO]: REST API Adapter started successfully
2026-05-29T22:49:40.737Z [INFO]: Initializing REST API Adapter...
2026-05-29T22:49:40.737Z [INFO]: REST API Adapter: Kafka producer connected
2026-05-29T22:49:40.737Z [INFO]: REST API Adapter started successfully
2026-05-29T22:49:40.501Z [INFO]: Workflow Automation Service: Kafka connections established
2026-05-29T22:49:40.501Z [INFO]: Workflow Automation Service started successfully
2026-05-29T22:49:40.539Z [INFO]: Initializing Workflow Automation Service...
2026-05-29T22:49:40.539Z [INFO]: Workflow Automation Service: Kafka connections established
2026-05-29T22:49:40.539Z [INFO]: Workflow Automation Service started successfully
2026-05-29T22:49:40.555Z [INFO]: Initializing Workflow Automation Service...
2026-05-29T22:49:40.555Z [INFO]: Workflow Automation Service: Kafka connections established
2026-05-29T22:49:40.555Z [INFO]: Workflow Automation Service started successfully
2026-05-29T22:49:40.555Z [DEBUG]: Workflow Automation: Processing order.created
2026-05-29T22:49:40.555Z [INFO]: Workflow Automation: Processing order ORDER-456
2026-05-29T22:49:40.555Z [INFO]: Workflow Automation: Executing step credit-check for workflow order-fulfillment
2026-05-29T22:49:40.578Z [INFO]: Initializing Workflow Automation Service...
2026-05-29T22:49:40.578Z [INFO]: Workflow Automation Service: Kafka connections established
2026-05-29T22:49:40.578Z [INFO]: Workflow Automation Service started successfully
2026-05-29T22:49:40.578Z [DEBUG]: Workflow Automation: Processing inventory.changed
2026-05-29T22:49:40.578Z [INFO]: Workflow Automation: Processing inventory change for PROD-123
2026-05-29T22:49:40.578Z [INFO]: Workflow Automation: Executing step check-supplier-availability for workflow inventory-replenishment
2026-05-29T22:49:40.595Z [INFO]: Initializing Workflow Automation Service...
2026-05-29T22:49:40.595Z [INFO]: Workflow Automation Service: Kafka connections established
2026-05-29T22:49:40.595Z [INFO]: Workflow Automation Service started successfully
2026-05-29T22:49:40.595Z [DEBUG]: Workflow Automation: Processing supplier.risk.updated
2026-05-29T22:49:40.595Z [INFO]: Workflow Automation: Processing supplier risk update for SUP-789
2026-05-29T22:49:40.595Z [INFO]: Workflow Automation: Executing step assess-risk for workflow supplier-evaluation
2026-05-29T22:49:41.352Z [INFO]: Initializing Customization Service...
2026-05-29T22:49:41.352Z [INFO]: Customization Service: Kafka producer connected
2026-05-29T22:49:41.352Z [INFO]: Customization Service: Kafka consumer connected and handlers set up
2026-05-29T22:49:41.367Z [INFO]: Initializing Customization Service...
2026-05-29T22:49:41.367Z [INFO]: Customization Service: Kafka producer connected
2026-05-29T22:49:41.367Z [INFO]: Customization Service: Kafka consumer connected and handlers set up
2026-05-29T22:49:41.377Z [INFO]: Initializing Customization Service...
2026-05-29T22:49:41.377Z [INFO]: Customization Service: Kafka producer connected
2026-05-29T22:49:41.377Z [INFO]: Customization Service: Kafka consumer connected and handlers set up
2026-05-29T22:49:41.377Z [DEBUG]: Customization Service received message on topic customization.requested:
2026-05-29T22:49:41.377Z [INFO]: Customization Service: Processing customization request CUST-456
2026-05-29T22:49:41.377Z [ERROR]: Customization Service: Error handling customization requested: Customization is not a constructor
2026-05-29T22:49:41.670Z [INFO]: Initializing Customization Service...
2026-05-29T22:49:41.670Z [INFO]: Customization Service: Kafka producer connected
2026-05-29T22:49:41.670Z [INFO]: Customization Service: Kafka consumer connected and handlers set up
2026-05-29T22:49:41.670Z [DEBUG]: Customization Service received message on topic design.approved:
2026-05-29T22:49:41.670Z [INFO]: Customization Service: Processing design approval for CUST-456
2026-05-29T22:49:41.670Z [ERROR]: Customization Service: Error handling design approved: Customization.findOne is not a function
2026-05-29T22:49:41.696Z [INFO]: Initializing Customization Service...
2026-05-29T22:49:41.696Z [INFO]: Customization Service: Kafka producer connected
2026-05-29T22:49:41.696Z [INFO]: Customization Service: Kafka consumer connected and handlers set up
2026-05-29T22:49:41.696Z [DEBUG]: Customization Service received message on topic specification.updated:
2026-05-29T22:49:41.696Z [INFO]: Customization Service: Processing specification update for CUST-456
2026-05-29T22:49:41.696Z [ERROR]: Customization Service: Error handling specification updated: Customization.findOne is not a function
2026-05-29T22:49:41.714Z [INFO]: Initializing Customization Service...
2026-05-29T22:49:41.714Z [INFO]: Customization Service: Kafka producer connected
2026-05-29T22:49:41.714Z [INFO]: Customization Service: Kafka consumer connected and handlers set up
2026-05-29T22:49:41.714Z [DEBUG]: Customization Service received message on topic material.selected:
2026-05-29T22:49:41.714Z [INFO]: Customization Service: Processing material selection for CUST-456
2026-05-29T22:49:41.714Z [ERROR]: Customization Service: Error handling material selected: Customization.findOne is not a function
2026-05-29T22:49:41.729Z [INFO]: Initializing Customization Service...
2026-05-29T22:49:41.729Z [INFO]: Customization Service: Kafka producer connected
2026-05-29T22:49:41.729Z [INFO]: Customization Service: Kafka consumer connected and handlers set up
2026-05-29T22:49:41.729Z [DEBUG]: Customization Service received message on topic pricing.updated:
2026-05-29T22:49:41.729Z [INFO]: Customization Service: Processing pricing update for CUST-456
2026-05-29T22:49:41.729Z [ERROR]: Customization Service: Error handling pricing updated: Customization.findOne is not a function
2026-05-29T22:49:41.746Z [INFO]: Initializing Customization Service...
2026-05-29T22:49:41.746Z [INFO]: Customization Service: Kafka producer connected
2026-05-29T22:49:41.746Z [INFO]: Customization Service: Kafka consumer connected and handlers set up
2026-05-29T22:49:41.746Z [DEBUG]: Customization Service received message on topic production.ready:
2026-05-29T22:49:41.746Z [INFO]: Customization Service: Processing production ready for CUST-456
2026-05-29T22:49:41.746Z [ERROR]: Customization Service: Error handling production ready: Customization.findOne is not a function
2026-05-29T22:49:41.695Z [INFO]: Initializing HubSpot CRM Adapter...
2026-05-29T22:49:40.936Z [INFO]: Initializing ShipBob Logistics Adapter...
2026-05-29T22:49:42.101Z [INFO]: Initializing Document Processing Pipeline...
2026-05-29T22:49:40.936Z [INFO]: ShipBob Logistics Adapter: Kafka producer connected
2026-05-29T22:49:40.936Z [INFO]: ShipBob Logistics Adapter started successfully
2026-05-29T22:49:40.974Z [INFO]: Initializing ShipBob Logistics Adapter...
2026-05-29T22:49:40.974Z [INFO]: ShipBob Logistics Adapter: Kafka producer connected
2026-05-29T22:49:40.974Z [INFO]: ShipBob Logistics Adapter started successfully
2026-05-29T22:49:40.999Z [INFO]: Initializing ShipBob Logistics Adapter...
2026-05-29T22:49:40.999Z [INFO]: ShipBob Logistics Adapter: Kafka producer connected
2026-05-29T22:49:40.999Z [INFO]: ShipBob Logistics Adapter started successfully
2026-05-29T22:49:42.101Z [INFO]: Document Processing Pipeline: Kafka producer connected
2026-05-29T22:49:42.101Z [INFO]: Document Processing Pipeline started successfully
2026-05-29T22:49:42.139Z [INFO]: Initializing Document Processing Pipeline...
2026-05-29T22:49:42.139Z [INFO]: Document Processing Pipeline: Kafka producer connected
2026-05-29T22:49:42.139Z [INFO]: Document Processing Pipeline started successfully
2026-05-29T22:49:41.939Z [INFO]: Initializing Flexport Logistics Adapter...
2026-05-29T22:49:42.652Z [INFO]: Initializing Salesforce CRM Adapter...
2026-05-29T22:49:42.652Z [INFO]: Salesforce CRM Adapter: Kafka producer connected
2026-05-29T22:49:42.652Z [INFO]: Salesforce CRM Adapter started successfully
2026-05-29T22:49:42.667Z [INFO]: Initializing Salesforce CRM Adapter...
2026-05-29T22:49:42.667Z [INFO]: Salesforce CRM Adapter: Kafka producer connected
2026-05-29T22:49:42.667Z [INFO]: Salesforce CRM Adapter started successfully
2026-05-29T22:49:41.695Z [INFO]: HubSpot CRM Adapter: Kafka producer connected
2026-05-29T22:49:41.695Z [INFO]: HubSpot CRM Adapter started successfully
2026-05-29T22:49:41.731Z [INFO]: Initializing HubSpot CRM Adapter...
2026-05-29T22:49:41.731Z [INFO]: HubSpot CRM Adapter: Kafka producer connected
2026-05-29T22:49:41.731Z [INFO]: HubSpot CRM Adapter started successfully
2026-05-29T22:49:42.665Z [INFO]: Initializing SAP Product Adapter...
2026-05-29T22:49:42.665Z [INFO]: SAP Product Adapter: Kafka producer connected
2026-05-29T22:49:42.665Z [INFO]: SAP Product Adapter started successfully
2026-05-29T22:49:42.715Z [INFO]: Initializing SAP Product Adapter...
2026-05-29T22:49:42.715Z [INFO]: SAP Product Adapter: Kafka producer connected
2026-05-29T22:49:42.715Z [INFO]: SAP Product Adapter started successfully
2026-05-29T22:49:41.939Z [INFO]: Flexport Logistics Adapter: Kafka producer connected
2026-05-29T22:49:41.939Z [INFO]: Flexport Logistics Adapter started successfully
2026-05-29T22:49:42.084Z [INFO]: Initializing Flexport Logistics Adapter...
2026-05-29T22:49:42.084Z [INFO]: Flexport Logistics Adapter: Kafka producer connected
2026-05-29T22:49:42.084Z [INFO]: Flexport Logistics Adapter started successfully
2026-05-29T22:49:42.107Z [INFO]: Initializing Flexport Logistics Adapter...
2026-05-29T22:49:42.107Z [INFO]: Flexport Logistics Adapter: Kafka producer connected
2026-05-29T22:49:42.107Z [INFO]: Flexport Logistics Adapter started successfully
2026-05-29T22:49:43.133Z [INFO]: Initializing Oracle Product Adapter...
2026-05-29T22:49:43.133Z [INFO]: Oracle Product Adapter: Kafka producer connected
2026-05-29T22:49:43.133Z [INFO]: Oracle Product Adapter started successfully
2026-05-29T22:49:43.152Z [INFO]: Initializing Oracle Product Adapter...
2026-05-29T22:49:43.152Z [INFO]: Oracle Product Adapter: Kafka producer connected
2026-05-29T22:49:43.152Z [INFO]: Oracle Product Adapter started successfully
2026-05-29T22:49:43.366Z [INFO]: Initializing Sourcing Service...
2026-05-29T22:49:43.366Z [INFO]: Sourcing Service: Seeded 8 suppliers into knowledge base
2026-05-29T22:49:43.366Z [INFO]: Sourcing Service: Kafka producer connected
2026-05-29T22:49:43.366Z [INFO]: Sourcing Service: Kafka consumer connected and handlers set up
2026-05-29T22:49:43.409Z [INFO]: Initializing Sourcing Service...
2026-05-29T22:49:43.409Z [INFO]: Sourcing Service: Seeded 8 suppliers into knowledge base
2026-05-29T22:49:43.409Z [INFO]: Sourcing Service: Kafka producer connected
2026-05-29T22:49:43.409Z [INFO]: Sourcing Service: Kafka consumer connected and handlers set up
2026-05-29T22:49:43.428Z [INFO]: Initializing Sourcing Service...
2026-05-29T22:49:43.428Z [INFO]: Sourcing Service: Seeded 8 suppliers into knowledge base
2026-05-29T22:49:43.428Z [INFO]: Sourcing Service: Kafka producer connected
2026-05-29T22:49:43.428Z [INFO]: Sourcing Service: Kafka consumer connected and handlers set up
2026-05-29T22:49:43.428Z [DEBUG]: Sourcing Service received message on topic product.query.received:
2026-05-29T22:49:43.428Z [INFO]: Sourcing Service: Processing product query QUERY-456
2026-05-29T22:49:43.428Z [ERROR]: Sourcing Service: Error handling product query received: Sourcing is not a constructor
2026-05-29T22:49:43.648Z [INFO]: Initializing Sourcing Service...
2026-05-29T22:49:43.648Z [INFO]: Sourcing Service: Seeded 8 suppliers into knowledge base
2026-05-29T22:49:43.648Z [INFO]: Sourcing Service: Kafka producer connected
2026-05-29T22:49:43.648Z [INFO]: Sourcing Service: Kafka consumer connected and handlers set up
2026-05-29T22:49:43.648Z [DEBUG]: Sourcing Service received message on topic product.catalog.updated:
2026-05-29T22:49:43.648Z [INFO]: Sourcing Service: Processing catalog update for product PROD-123
2026-05-29T22:49:43.665Z [INFO]: Initializing Sourcing Service...
2026-05-29T22:49:43.665Z [INFO]: Sourcing Service: Seeded 8 suppliers into knowledge base
2026-05-29T22:49:43.665Z [INFO]: Sourcing Service: Kafka producer connected
2026-05-29T22:49:43.665Z [INFO]: Sourcing Service: Kafka consumer connected and handlers set up
2026-05-29T22:49:43.665Z [DEBUG]: Sourcing Service received message on topic supplier.profile.updated:
2026-05-29T22:49:43.665Z [INFO]: Sourcing Service: Processing supplier profile update for SUP-789
2026-05-29T22:49:43.677Z [INFO]: Initializing Sourcing Service...
2026-05-29T22:49:43.677Z [INFO]: Sourcing Service: Seeded 8 suppliers into knowledge base
2026-05-29T22:49:43.677Z [INFO]: Sourcing Service: Kafka producer connected
2026-05-29T22:49:43.677Z [INFO]: Sourcing Service: Kafka consumer connected and handlers set up
2026-05-29T22:49:43.677Z [DEBUG]: Sourcing Service received message on topic market.trend.updated:
2026-05-29T22:49:43.677Z [INFO]: Sourcing Service: Processing market trend update for textiles
2026-05-29T22:49:43.735Z [INFO]: Initializing AI Intelligence Service...
2026-05-29T22:49:43.735Z [INFO]: AI Intelligence Service: Kafka consumer connected
2026-05-29T22:49:43.735Z [INFO]: AI Intelligence Service started successfully
2026-05-29T22:49:43.811Z [INFO]: Initializing AI Intelligence Service...
2026-05-29T22:49:43.811Z [INFO]: AI Intelligence Service: Kafka consumer connected
2026-05-29T22:49:43.811Z [INFO]: AI Intelligence Service started successfully
2026-05-29T22:49:43.839Z [INFO]: Initializing AI Intelligence Service...
2026-05-29T22:49:43.839Z [INFO]: AI Intelligence Service: Kafka consumer connected
2026-05-29T22:49:43.839Z [INFO]: AI Intelligence Service started successfully
2026-05-29T22:49:43.839Z [DEBUG]: AI Intelligence: Processing product.updated
2026-05-29T22:49:43.839Z [DEBUG]: AI Intelligence: Generated product_insight insight
2026-05-29T22:49:43.870Z [INFO]: Initializing AI Intelligence Service...
2026-05-29T22:49:43.870Z [INFO]: AI Intelligence Service: Kafka consumer connected
2026-05-29T22:49:43.870Z [INFO]: AI Intelligence Service started successfully
2026-05-29T22:49:43.870Z [DEBUG]: AI Intelligence: Processing order.created
