2026-05-29T20:50:49.656Z [ERROR]: Sourcing Service: Error handling product query received: Sourcing is not a constructor
2026-05-29T20:53:15.704Z [ERROR]: Sourcing Service: Error handling product query received: Sourcing is not a constructor
2026-05-29T20:55:05.352Z [ERROR]: Sourcing Service: Error handling product query received: Sourcing is not a constructor
2026-05-29T20:55:07.301Z [ERROR]: Customization Service: Error handling customization requested: Customization is not a constructor
2026-05-29T21:17:14.355Z [ERROR]: Customization Service: Error handling customization requested: Customization is not a constructor
2026-05-29T21:17:14.563Z [ERROR]: Customization Service: Error handling design approved: Customization.findOne is not a function
2026-05-29T21:17:14.623Z [ERROR]: Customization Service: Error handling specification updated: Customization.findOne is not a function
2026-05-29T21:17:14.693Z [ERROR]: Customization Service: Error handling material selected: Customization.findOne is not a function
2026-05-29T21:17:14.737Z [ERROR]: Customization Service: Error handling pricing updated: Customization.findOne is not a function
2026-05-29T21:17:14.759Z [ERROR]: Customization Service: Error handling production ready: Customization.findOne is not a function
2026-05-29T21:17:16.196Z [ERROR]: Sourcing Service: Error handling product query received: Sourcing is not a constructor
2026-05-29T21:18:11.009Z [ERROR]: Customization Service: Error handling customization requested: Customization is not a constructor
2026-05-29T21:18:11.353Z [ERROR]: Customization Service: Error handling design approved: Customization.findOne is not a function
2026-05-29T21:18:11.382Z [ERROR]: Customization Service: Error handling specification updated: Customization.findOne is not a function
2026-05-29T21:18:11.395Z [ERROR]: Customization Service: Error handling material selected: Customization.findOne is not a function
2026-05-29T21:18:11.411Z [ERROR]: Customization Service: Error handling pricing updated: Customization.findOne is not a function
2026-05-29T21:18:11.437Z [ERROR]: Customization Service: Error handling production ready: Customization.findOne is not a function
2026-05-29T21:18:13.019Z [ERROR]: Sourcing Service: Error handling product query received: Sourcing is not a constructor
2026-05-29T21:20:09.829Z [ERROR]: AI Intelligence: Error loading feedback for training: Feedback.find(...).sort is not a function
2026-05-29T21:20:09.894Z [ERROR]: AI Intelligence: Error loading feedback for training: Feedback.find(...).sort is not a function
2026-05-29T21:20:09.930Z [ERROR]: AI Intelligence: Error loading feedback for training: Feedback.find(...).sort is not a function
2026-05-29T21:20:09.964Z [ERROR]: AI Intelligence: Error loading feedback for training: Feedback.find(...).sort is not a function
2026-05-29T21:25:36.458Z [ERROR]: AI Intelligence: Error loading feedback for training: Feedback.find(...).sort is not a function
2026-05-29T21:25:36.511Z [ERROR]: AI Intelligence: Error loading feedback for training: Feedback.find(...).sort is not a function
2026-05-29T21:25:36.522Z [ERROR]: AI Intelligence: Error loading feedback for training: Feedback.find(...).sort is not a function
2026-05-29T21:25:36.532Z [ERROR]: AI Intelligence: Error loading feedback for training: Feedback.find(...).sort is not a function
2026-05-29T21:29:14.762Z [ERROR]: AI Intelligence: Error loading feedback for training: Feedback.find(...).sort is not a function
2026-05-29T21:29:14.838Z [ERROR]: AI Intelligence: Error loading feedback for training: Feedback.find(...).sort is not a function
2026-05-29T21:29:14.870Z [ERROR]: AI Intelligence: Error loading feedback for training: Feedback.find(...).sort is not a function
2026-05-29T21:29:14.887Z [ERROR]: AI Intelligence: Error loading feedback for training: Feedback.find(...).sort is not a function
2026-05-29T21:30:28.652Z [ERROR]: Customization Service: Error handling customization requested: Customization is not a constructor
2026-05-29T21:30:29.145Z [ERROR]: AI Intelligence: Error loading feedback for training: Feedback.find(...).sort is not a function
2026-05-29T21:30:29.336Z [ERROR]: AI Intelligence: Error loading feedback for training: Feedback.find(...).sort is not a function
2026-05-29T21:30:29.377Z [ERROR]: AI Intelligence: Error loading feedback for training: Feedback.find(...).sort is not a function
2026-05-29T21:30:29.418Z [ERROR]: AI Intelligence: Error loading feedback for training: Feedback.find(...).sort is not a function
2026-05-29T21:30:28.892Z [ERROR]: Customization Service: Error handling design approved: Customization.findOne is not a function
2026-05-29T21:30:28.908Z [ERROR]: Customization Service: Error handling specification updated: Customization.findOne is not a function
2026-05-29T21:30:28.928Z [ERROR]: Customization Service: Error handling material selected: Customization.findOne is not a function
2026-05-29T21:30:28.962Z [ERROR]: Customization Service: Error handling pricing updated: Customization.findOne is not a function
2026-05-29T21:30:28.974Z [ERROR]: Customization Service: Error handling production ready: Customization.findOne is not a function
2026-05-29T21:30:31.451Z [ERROR]: AI Intelligence: Error loading feedback for training: Feedback.find(...).sort is not a function
2026-05-29T21:30:31.598Z [ERROR]: AI Intelligence: Error loading feedback for training: Feedback.find(...).sort is not a function
2026-05-29T21:30:31.625Z [ERROR]: AI Intelligence: Error loading feedback for training: Feedback.find(...).sort is not a function
2026-05-29T21:30:31.715Z [ERROR]: AI Intelligence: Error loading feedback for training: Feedback.find(...).sort is not a function
2026-05-29T21:30:32.071Z [ERROR]: Sourcing Service: Error handling product query received: Sourcing is not a constructor
2026-05-29T21:33:28.145Z [ERROR]: Customization Service: Error handling customization requested: Customization is not a constructor
2026-05-29T21:33:28.546Z [ERROR]: Customization Service: Error handling design approved: Customization.findOne is not a function
2026-05-29T21:33:28.565Z [ERROR]: Customization Service: Error handling specification updated: Customization.findOne is not a function
2026-05-29T21:33:28.593Z [ERROR]: Customization Service: Error handling material selected: Customization.findOne is not a function
2026-05-29T21:33:28.641Z [ERROR]: Customization Service: Error handling pricing updated: Customization.findOne is not a function
2026-05-29T21:33:28.676Z [ERROR]: Customization Service: Error handling production ready: Customization.findOne is not a function
2026-05-29T21:33:29.413Z [ERROR]: Sourcing Service: Error handling product query received: Sourcing is not a constructor
2026-05-29T21:38:09.578Z [ERROR]: Customization Service: Error handling customization requested: Customization is not a constructor
2026-05-29T21:38:09.894Z [ERROR]: Customization Service: Error handling design approved: Customization.findOne is not a function
2026-05-29T21:38:09.923Z [ERROR]: Customization Service: Error handling specification updated: Customization.findOne is not a function
2026-05-29T21:38:09.941Z [ERROR]: Customization Service: Error handling material selected: Customization.findOne is not a function
2026-05-29T21:38:09.958Z [ERROR]: Customization Service: Error handling pricing updated: Customization.findOne is not a function
2026-05-29T21:38:09.986Z [ERROR]: Customization Service: Error handling production ready: Customization.findOne is not a function
2026-05-29T21:38:11.577Z [ERROR]: Sourcing Service: Error handling product query received: Sourcing is not a constructor
2026-05-29T21:40:00.765Z [ERROR]: Customization Service: Error handling customization requested: Customization is not a constructor
2026-05-29T21:40:01.186Z [ERROR]: Customization Service: Error handling design approved: Customization.findOne is not a function
2026-05-29T21:40:01.212Z [ERROR]: Customization Service: Error handling specification updated: Customization.findOne is not a function
2026-05-29T21:40:01.234Z [ERROR]: Customization Service: Error handling material selected: Customization.findOne is not a function
2026-05-29T21:40:01.281Z [ERROR]: Customization Service: Error handling pricing updated: Customization.findOne is not a function
2026-05-29T21:40:01.319Z [ERROR]: Customization Service: Error handling production ready: Customization.findOne is not a function
2026-05-29T21:40:03.425Z [ERROR]: Sourcing Service: Error handling product query received: Sourcing is not a constructor
2026-05-29T21:42:55.670Z [ERROR]: Customization Service: Error handling customization requested: Customization is not a constructor
2026-05-29T21:42:55.887Z [ERROR]: Customization Service: Error handling design approved: Customization.findOne is not a function
2026-05-29T21:42:55.903Z [ERROR]: Customization Service: Error handling specification updated: Customization.findOne is not a function
2026-05-29T21:42:55.929Z [ERROR]: Customization Service: Error handling material selected: Customization.findOne is not a function
2026-05-29T21:42:55.937Z [ERROR]: Customization Service: Error handling pricing updated: Customization.findOne is not a function
2026-05-29T21:42:55.954Z [ERROR]: Customization Service: Error handling production ready: Customization.findOne is not a function
2026-05-29T21:42:57.144Z [ERROR]: Sourcing Service: Error handling product query received: Sourcing is not a constructor
2026-05-29T21:44:39.733Z [ERROR]: Customization Service: Error handling customization requested: Customization is not a constructor
2026-05-29T21:44:40.033Z [ERROR]: Customization Service: Error handling design approved: Customization.findOne is not a function
2026-05-29T21:44:40.063Z [ERROR]: Customization Service: Error handling specification updated: Customization.findOne is not a function
2026-05-29T21:44:40.107Z [ERROR]: Customization Service: Error handling material selected: Customization.findOne is not a function
2026-05-29T21:44:40.140Z [ERROR]: Customization Service: Error handling pricing updated: Customization.findOne is not a function
2026-05-29T21:44:40.153Z [ERROR]: Customization Service: Error handling production ready: Customization.findOne is not a function
2026-05-29T21:44:40.483Z [ERROR]: Sourcing Service: Error handling product query received: Sourcing is not a constructor
2026-05-29T21:52:17.731Z [ERROR]: Customization Service: Error handling customization requested: Customization is not a constructor
2026-05-29T21:52:17.850Z [ERROR]: Customization Service: Error handling design approved: Customization.findOne is not a function
2026-05-29T21:52:17.860Z [ERROR]: Customization Service: Error handling specification updated: Customization.findOne is not a function
2026-05-29T21:52:17.870Z [ERROR]: Customization Service: Error handling material selected: Customization.findOne is not a function
2026-05-29T21:52:17.877Z [ERROR]: Customization Service: Error handling pricing updated: Customization.findOne is not a function
2026-05-29T21:52:17.885Z [ERROR]: Customization Service: Error handling production ready: Customization.findOne is not a function
2026-05-29T21:52:18.692Z [ERROR]: Sourcing Service: Error handling product query received: Sourcing is not a constructor
2026-05-29T21:54:25.638Z [ERROR]: Customization Service: Error handling customization requested: Customization is not a constructor
2026-05-29T21:54:25.749Z [ERROR]: Customization Service: Error handling design approved: Customization.findOne is not a function
2026-05-29T21:54:25.774Z [ERROR]: Customization Service: Error handling specification updated: Customization.findOne is not a function
2026-05-29T21:54:25.814Z [ERROR]: Customization Service: Error handling material selected: Customization.findOne is not a function
2026-05-29T21:54:25.835Z [ERROR]: Customization Service: Error handling pricing updated: Customization.findOne is not a function
2026-05-29T21:54:25.853Z [ERROR]: Customization Service: Error handling production ready: Customization.findOne is not a function
2026-05-29T21:54:25.921Z [ERROR]: Sourcing Service: Error handling product query received: Sourcing is not a constructor
2026-05-29T21:55:33.508Z [ERROR]: Customization Service: Error handling customization requested: Customization is not a constructor
2026-05-29T21:55:33.746Z [ERROR]: Customization Service: Error handling design approved: Customization.findOne is not a function
2026-05-29T21:55:33.769Z [ERROR]: Customization Service: Error handling specification updated: Customization.findOne is not a function
2026-05-29T21:55:33.786Z [ERROR]: Customization Service: Error handling material selected: Customization.findOne is not a function
2026-05-29T21:55:33.802Z [ERROR]: Customization Service: Error handling pricing updated: Customization.findOne is not a function
2026-05-29T21:55:33.818Z [ERROR]: Customization Service: Error handling production ready: Customization.findOne is not a function
2026-05-29T21:55:34.649Z [ERROR]: Sourcing Service: Error handling product query received: Sourcing is not a constructor
2026-05-29T21:56:41.909Z [ERROR]: Customization Service: Error handling customization requested: Customization is not a constructor
2026-05-29T21:56:42.248Z [ERROR]: Customization Service: Error handling design approved: Customization.findOne is not a function
2026-05-29T21:56:42.280Z [ERROR]: Customization Service: Error handling specification updated: Customization.findOne is not a function
2026-05-29T21:56:42.305Z [ERROR]: Customization Service: Error handling material selected: Customization.findOne is not a function
2026-05-29T21:56:42.325Z [ERROR]: Customization Service: Error handling pricing updated: Customization.findOne is not a function
2026-05-29T21:56:42.338Z [ERROR]: Customization Service: Error handling production ready: Customization.findOne is not a function
2026-05-29T21:56:43.803Z [ERROR]: Sourcing Service: Error handling product query received: Sourcing is not a constructor
2026-05-29T22:36:53.225Z [ERROR]: Customization Service: Error handling customization requested: Customization is not a constructor
2026-05-29T22:36:53.370Z [ERROR]: Customization Service: Error handling design approved: Customization.findOne is not a function
2026-05-29T22:36:53.382Z [ERROR]: Customization Service: Error handling specification updated: Customization.findOne is not a function
2026-05-29T22:36:53.395Z [ERROR]: Customization Service: Error handling material selected: Customization.findOne is not a function
2026-05-29T22:36:53.412Z [ERROR]: Customization Service: Error handling pricing updated: Customization.findOne is not a function
2026-05-29T22:36:53.428Z [ERROR]: Customization Service: Error handling production ready: Customization.findOne is not a function
2026-05-29T22:36:55.065Z [ERROR]: Sourcing Service: Error handling product query received: Sourcing is not a constructor
2026-05-29T22:39:00.362Z [ERROR]: Customization Service: Error handling customization requested: Customization is not a constructor
2026-05-29T22:39:00.554Z [ERROR]: Customization Service: Error handling design approved: Customization.findOne is not a function
2026-05-29T22:39:00.575Z [ERROR]: Customization Service: Error handling specification updated: Customization.findOne is not a function
2026-05-29T22:39:00.611Z [ERROR]: Customization Service: Error handling material selected: Customization.findOne is not a function
2026-05-29T22:39:00.631Z [ERROR]: Customization Service: Error handling pricing updated: Customization.findOne is not a function
2026-05-29T22:39:00.648Z [ERROR]: Customization Service: Error handling production ready: Customization.findOne is not a function
2026-05-29T22:39:02.645Z [ERROR]: Sourcing Service: Error handling product query received: Sourcing is not a constructor
2026-05-29T22:48:19.217Z [ERROR]: Customization Service: Error handling customization requested: Customization is not a constructor
2026-05-29T22:48:19.476Z [ERROR]: Customization Service: Error handling design approved: Customization.findOne is not a function
2026-05-29T22:48:19.491Z [ERROR]: Customization Service: Error handling specification updated: Customization.findOne is not a function
2026-05-29T22:48:19.503Z [ERROR]: Customization Service: Error handling material selected: Customization.findOne is not a function
2026-05-29T22:48:19.521Z [ERROR]: Customization Service: Error handling pricing updated: Customization.findOne is not a function
2026-05-29T22:48:19.540Z [ERROR]: Customization Service: Error handling production ready: Customization.findOne is not a function
2026-05-29T22:48:20.193Z [ERROR]: Sourcing Service: Error handling product query received: Sourcing is not a constructor
2026-05-29T22:49:41.377Z [ERROR]: Customization Service: Error handling customization requested: Customization is not a constructor
2026-05-29T22:49:41.670Z [ERROR]: Customization Service: Error handling design approved: Customization.findOne is not a function
2026-05-29T22:49:41.696Z [ERROR]: Customization Service: Error handling specification updated: Customization.findOne is not a function
2026-05-29T22:49:41.714Z [ERROR]: Customization Service: Error handling material selected: Customization.findOne is not a function
2026-05-29T22:49:41.729Z [ERROR]: Customization Service: Error handling pricing updated: Customization.findOne is not a function
2026-05-29T22:49:41.746Z [ERROR]: Customization Service: Error handling production ready: Customization.findOne is not a function
2026-05-29T22:49:43.428Z [ERROR]: Sourcing Service: Error handling product query received: Sourcing is not a constructor
2026-05-30T20:18:06.507Z [ERROR]: Customization Service: Error handling customization requested: Customization is not a constructor
2026-05-30T20:18:06.622Z [ERROR]: Customization Service: Error handling design approved: Customization.findOne is not a function
2026-05-30T20:18:06.641Z [ERROR]: Customization Service: Error handling specification updated: Customization.findOne is not a function
2026-05-30T20:18:06.677Z [ERROR]: Customization Service: Error handling material selected: Customization.findOne is not a function
2026-05-30T20:18:06.712Z [ERROR]: Customization Service: Error handling pricing updated: Customization.findOne is not a function
2026-05-30T20:18:06.736Z [ERROR]: Customization Service: Error handling production ready: Customization.findOne is not a function
2026-05-30T20:18:07.917Z [ERROR]: Sourcing Service: Error handling product query received: Sourcing is not a constructor
2026-05-30T21:03:08.297Z [ERROR]: Customization Service: Error handling customization requested: Customization is not a constructor
2026-05-30T21:03:08.385Z [ERROR]: Customization Service: Error handling design approved: Customization.findOne is not a function
2026-05-30T21:03:08.407Z [ERROR]: Customization Service: Error handling specification updated: Customization.findOne is not a function
2026-05-30T21:03:08.430Z [ERROR]: Customization Service: Error handling material selected: Customization.findOne is not a function
2026-05-30T21:03:08.454Z [ERROR]: Customization Service: Error handling pricing updated: Customization.findOne is not a function
2026-05-30T21:03:08.483Z [ERROR]: Customization Service: Error handling production ready: Customization.findOne is not a function
2026-05-30T21:03:09.217Z [ERROR]: Sourcing Service: Error handling product query received: Sourcing is not a constructor
2026-05-30T21:23:38.004Z [ERROR]: Database connection failed: connect ECONNREFUSED 127.0.0.1:27017
2026-05-30T21:25:28.561Z [ERROR]: Database connection failed: connect ECONNREFUSED 127.0.0.1:27017
2026-05-30T21:25:51.691Z [ERROR]: Database connection failed: connect ECONNREFUSED 127.0.0.1:27017
2026-05-30T21:39:48.804Z [ERROR]: Customization Service: Error handling customization requested: Customization is not a constructor
2026-05-30T21:39:49.028Z [ERROR]: Customization Service: Error handling design approved: Customization.findOne is not a function
2026-05-30T21:39:49.098Z [ERROR]: Customization Service: Error handling specification updated: Customization.findOne is not a function
2026-05-30T21:39:49.158Z [ERROR]: Customization Service: Error handling material selected: Customization.findOne is not a function
2026-05-30T21:39:49.236Z [ERROR]: Customization Service: Error handling pricing updated: Customization.findOne is not a function
2026-05-30T21:39:49.301Z [ERROR]: Customization Service: Error handling production ready: Customization.findOne is not a function
2026-05-30T21:39:51.979Z [ERROR]: Sourcing Service: Error handling product query received: Sourcing is not a constructor
2026-05-30T21:41:59.191Z [ERROR]: QMe Integration: Initialization failed:
2026-05-30T21:41:59.529Z [ERROR]: QMe Integration: Initialization failed:
2026-05-30T21:43:55.174Z [ERROR]: QMe Integration: Initialization failed:
2026-05-30T22:26:22.984Z [ERROR]: Customization Service: Error handling customization requested: Customization is not a constructor
2026-05-30T22:26:23.143Z [ERROR]: Customization Service: Error handling design approved: Customization.findOne is not a function
2026-05-30T22:26:23.186Z [ERROR]: Customization Service: Error handling specification updated: Customization.findOne is not a function
2026-05-30T22:26:23.224Z [ERROR]: Customization Service: Error handling material selected: Customization.findOne is not a function
2026-05-30T22:26:23.258Z [ERROR]: Customization Service: Error handling pricing updated: Customization.findOne is not a function
2026-05-30T22:26:23.299Z [ERROR]: Customization Service: Error handling production ready: Customization.findOne is not a function
2026-05-30T22:26:25.905Z [ERROR]: Sourcing Service: Error handling product query received: Sourcing is not a constructor
2026-05-30T22:26:39.359Z [ERROR]: Customization Service: Error handling customization requested: Customization is not a constructor
2026-05-30T22:26:39.741Z [ERROR]: Customization Service: Error handling design approved: Customization.findOne is not a function
2026-05-30T22:26:39.804Z [ERROR]: Customization Service: Error handling specification updated: Customization.findOne is not a function
2026-05-30T22:26:39.855Z [ERROR]: Customization Service: Error handling material selected: Customization.findOne is not a function
2026-05-30T22:26:39.930Z [ERROR]: Customization Service: Error handling pricing updated: Customization.findOne is not a function
2026-05-30T22:26:40.056Z [ERROR]: Customization Service: Error handling production ready: Customization.findOne is not a function
2026-05-30T22:26:41.750Z [ERROR]: Sourcing Service: Error handling product query received: Sourcing is not a constructor
2026-05-30T22:40:32.369Z [ERROR]: QMe Integration: Initialization failed:
2026-05-30T23:03:06.407Z [ERROR]: QMe Integration: Initialization failed:
2026-05-30T23:13:30.394Z [ERROR]: QMe Integration: Initialization failed:
2026-05-31T08:59:47.049Z [ERROR]: QMe Integration: Initialization failed:
2026-05-31T09:25:23.693Z [ERROR]: SokogateOS: Failed to start server: connectionString must be an non-empty string.
2026-05-31T09:25:57.087Z [ERROR]: SokogateOS: Failed to start server: connectionString must be an non-empty string.
2026-05-31T09:57:24.230Z [ERROR]: Customization Service: Error handling customization requested: Customization is not a constructor
2026-05-31T09:57:24.443Z [ERROR]: Customization Service: Error handling design approved: Customization.findOne is not a function
2026-05-31T09:57:24.517Z [ERROR]: Customization Service: Error handling specification updated: Customization.findOne is not a function
2026-05-31T09:57:24.611Z [ERROR]: Customization Service: Error handling material selected: Customization.findOne is not a function
2026-05-31T09:57:24.678Z [ERROR]: Customization Service: Error handling pricing updated: Customization.findOne is not a function
2026-05-31T09:57:24.771Z [ERROR]: Customization Service: Error handling production ready: Customization.findOne is not a function
2026-05-31T09:57:26.861Z [ERROR]: Sourcing Service: Error handling product query received: Sourcing is not a constructor
2026-05-31T09:58:42.616Z [ERROR]: SAP Product Adapter: Failed to start: connectionString must be an non-empty string.
2026-05-31T10:05:44.707Z [ERROR]: SAP Product Adapter: Failed to start: connectionString must be an non-empty string.
2026-05-31T10:24:54.481Z [ERROR]: SAP Product Adapter: Failed to start: connectionString must be an non-empty string.
2026-05-31T11:47:59.112Z [ERROR]: Failed to create Kafka Producer client: connectionString must be an non-empty string.
2026-05-31T11:51:57.108Z [ERROR]: Failed to create Kafka Producer client: connectionString must be an non-empty string.
2026-05-31T11:55:38.047Z [ERROR]: Failed to create Kafka Producer client: connectionString must be an non-empty string.
2026-05-31T12:18:46.281Z [ERROR]: Failed to create Kafka Producer client: connectionString must be an non-empty string.
2026-05-31T12:18:46.761Z [ERROR]: Failed to create Kafka Producer client: connectionString must be an non-empty string.
2026-05-31T17:53:52.585Z [ERROR]: Customization Service: Error handling customization requested: Customization is not a constructor
2026-05-31T17:53:52.929Z [ERROR]: Customization Service: Error handling design approved: Customization.findOne is not a function
2026-05-31T17:53:53.028Z [ERROR]: Customization Service: Error handling specification updated: Customization.findOne is not a function
2026-05-31T17:53:53.079Z [ERROR]: Customization Service: Error handling material selected: Customization.findOne is not a function
2026-05-31T17:53:53.138Z [ERROR]: Customization Service: Error handling pricing updated: Customization.findOne is not a function
2026-05-31T17:53:53.168Z [ERROR]: Customization Service: Error handling production ready: Customization.findOne is not a function
2026-05-31T17:54:40.544Z [ERROR]: Customization Service: Error handling customization requested: Customization is not a constructor
2026-05-31T17:54:40.885Z [ERROR]: Customization Service: Error handling design approved: Customization.findOne is not a function
2026-05-31T17:54:40.941Z [ERROR]: Customization Service: Error handling specification updated: Customization.findOne is not a function
2026-05-31T17:54:40.972Z [ERROR]: Customization Service: Error handling material selected: Customization.findOne is not a function
2026-05-31T17:54:41.021Z [ERROR]: Customization Service: Error handling pricing updated: Customization.findOne is not a function
2026-05-31T17:54:41.067Z [ERROR]: Customization Service: Error handling production ready: Customization.findOne is not a function
2026-05-31T17:55:08.888Z [ERROR]: Sourcing Service: Error handling product query received: Sourcing is not a constructor
2026-05-31T18:07:46.088Z [ERROR]: Customization Service: Error handling customization requested: Customization is not a constructor
2026-05-31T18:07:46.691Z [ERROR]: Customization Service: Error handling design approved: Customization.findOne is not a function
2026-05-31T18:07:46.784Z [ERROR]: Customization Service: Error handling specification updated: Customization.findOne is not a function
2026-05-31T18:07:46.908Z [ERROR]: Customization Service: Error handling material selected: Customization.findOne is not a function
2026-05-31T18:07:47.105Z [ERROR]: Customization Service: Error handling pricing updated: Customization.findOne is not a function
2026-05-31T18:07:47.417Z [ERROR]: Customization Service: Error handling production ready: Customization.findOne is not a function
2026-05-31T18:07:53.653Z [ERROR]: Sourcing Service: Error handling product query received: Sourcing is not a constructor
2026-06-02T18:18:55.992Z [ERROR]: Customization Service: Error handling customization requested: Customization is not a constructor
2026-06-02T18:18:56.414Z [ERROR]: Customization Service: Error handling design approved: Customization.findOne is not a function
2026-06-02T18:18:56.509Z [ERROR]: Customization Service: Error handling specification updated: Customization.findOne is not a function
2026-06-02T18:18:56.571Z [ERROR]: Customization Service: Error handling material selected: Customization.findOne is not a function
2026-06-02T18:18:56.697Z [ERROR]: Customization Service: Error handling pricing updated: Customization.findOne is not a function
2026-06-02T18:18:56.932Z [ERROR]: Customization Service: Error handling production ready: Customization.findOne is not a function
2026-06-02T18:19:08.658Z [ERROR]: Sourcing Service: Error handling product query received: Sourcing is not a constructor
2026-06-02T18:21:15.555Z [ERROR]: Customization Service: Error handling customization requested: Customization is not a constructor
2026-06-02T18:21:15.945Z [ERROR]: Customization Service: Error handling design approved: Customization.findOne is not a function
2026-06-02T18:21:16.030Z [ERROR]: Customization Service: Error handling specification updated: Customization.findOne is not a function
2026-06-02T18:21:16.110Z [ERROR]: Customization Service: Error handling material selected: Customization.findOne is not a function
2026-06-02T18:21:16.135Z [ERROR]: Customization Service: Error handling pricing updated: Customization.findOne is not a function
2026-06-02T18:21:16.163Z [ERROR]: Customization Service: Error handling production ready: Customization.findOne is not a function
2026-06-02T18:21:18.661Z [ERROR]: Sourcing Service: Error handling product query received: Sourcing is not a constructor
2026-06-03T16:32:10.217Z [ERROR]: Customization Service: Error handling customization requested: Customization is not a constructor
2026-06-03T16:32:10.431Z [ERROR]: Customization Service: Error handling design approved: Customization.findOne is not a function
2026-06-03T16:32:10.492Z [ERROR]: Customization Service: Error handling specification updated: Customization.findOne is not a function
2026-06-03T16:32:10.560Z [ERROR]: Customization Service: Error handling material selected: Customization.findOne is not a function
2026-06-03T16:32:10.610Z [ERROR]: Customization Service: Error handling pricing updated: Customization.findOne is not a function
2026-06-03T16:32:10.693Z [ERROR]: Customization Service: Error handling production ready: Customization.findOne is not a function
2026-06-03T16:32:14.571Z [ERROR]: Sourcing Service: Error handling product query received: Sourcing is not a constructor
2026-06-03T16:33:51.054Z [ERROR]: Customization Service: Error handling customization requested: Customization is not a constructor
2026-06-03T16:33:51.364Z [ERROR]: Customization Service: Error handling design approved: Customization.findOne is not a function
2026-06-03T16:33:51.400Z [ERROR]: Customization Service: Error handling specification updated: Customization.findOne is not a function
2026-06-03T16:33:51.429Z [ERROR]: Customization Service: Error handling material selected: Customization.findOne is not a function
2026-06-03T16:33:51.450Z [ERROR]: Customization Service: Error handling pricing updated: Customization.findOne is not a function
2026-06-03T16:33:51.476Z [ERROR]: Customization Service: Error handling production ready: Customization.findOne is not a function
2026-06-03T16:35:36.580Z [ERROR]: Customization Service: Error handling customization requested: Customization is not a constructor
2026-06-03T16:35:36.873Z [ERROR]: Customization Service: Error handling design approved: Customization.findOne is not a function
2026-06-03T16:35:36.942Z [ERROR]: Customization Service: Error handling specification updated: Customization.findOne is not a function
2026-06-03T16:35:36.987Z [ERROR]: Customization Service: Error handling material selected: Customization.findOne is not a function
2026-06-03T16:35:37.065Z [ERROR]: Customization Service: Error handling pricing updated: Customization.findOne is not a function
2026-06-03T16:35:37.128Z [ERROR]: Customization Service: Error handling production ready: Customization.findOne is not a function
2026-06-03T16:35:40.605Z [ERROR]: Sourcing Service: Error handling product query received: Sourcing is not a constructor
2026-06-03T17:05:36.799Z [ERROR]: Customization Service: Error handling customization requested: Customization is not a constructor
2026-06-03T17:05:37.296Z [ERROR]: Customization Service: Error handling design approved: Customization.findOne is not a function
2026-06-03T17:05:37.619Z [ERROR]: Customization Service: Error handling specification updated: Customization.findOne is not a function
2026-06-03T17:05:37.782Z [ERROR]: Customization Service: Error handling material selected: Customization.findOne is not a function
2026-06-03T17:05:38.097Z [ERROR]: Customization Service: Error handling pricing updated: Customization.findOne is not a function
2026-06-03T17:05:38.413Z [ERROR]: Customization Service: Error handling production ready: Customization.findOne is not a function
2026-06-03T17:05:41.839Z [ERROR]: Sourcing Service: Error handling product query received: Sourcing is not a constructor
2026-06-03T18:04:17.128Z [ERROR]: Customization Service: Error handling customization requested: Customization is not a constructor
2026-06-03T18:04:17.512Z [ERROR]: Customization Service: Error handling design approved: Customization.findOne is not a function
2026-06-03T18:04:17.673Z [ERROR]: Customization Service: Error handling specification updated: Customization.findOne is not a function
2026-06-03T18:04:17.743Z [ERROR]: Customization Service: Error handling material selected: Customization.findOne is not a function
2026-06-03T18:04:17.854Z [ERROR]: Customization Service: Error handling pricing updated: Customization.findOne is not a function
2026-06-03T18:04:18.265Z [ERROR]: Customization Service: Error handling production ready: Customization.findOne is not a function
2026-06-03T18:04:22.359Z [ERROR]: Sourcing Service: Error handling product query received: Sourcing is not a constructor
2026-06-03T18:52:07.197Z [ERROR]: Customization Service: Error handling customization requested: Customization is not a constructor
2026-06-03T18:52:07.468Z [ERROR]: Customization Service: Error handling design approved: Customization.findOne is not a function
2026-06-03T18:52:07.531Z [ERROR]: Customization Service: Error handling specification updated: Customization.findOne is not a function
2026-06-03T18:52:07.606Z [ERROR]: Customization Service: Error handling material selected: Customization.findOne is not a function
2026-06-03T18:52:07.652Z [ERROR]: Customization Service: Error handling pricing updated: Customization.findOne is not a function
2026-06-03T18:52:07.685Z [ERROR]: Customization Service: Error handling production ready: Customization.findOne is not a function
2026-06-03T18:52:11.005Z [ERROR]: Sourcing Service: Error handling product query received: Sourcing is not a constructor
2026-06-03T18:53:27.248Z [ERROR]: Customization Service: Error handling customization requested: Customization is not a constructor
2026-06-03T18:53:27.396Z [ERROR]: Customization Service: Error handling design approved: Customization.findOne is not a function
2026-06-03T18:53:27.428Z [ERROR]: Customization Service: Error handling specification updated: Customization.findOne is not a function
2026-06-03T18:53:27.476Z [ERROR]: Customization Service: Error handling material selected: Customization.findOne is not a function
2026-06-03T18:53:27.513Z [ERROR]: Customization Service: Error handling pricing updated: Customization.findOne is not a function
2026-06-03T18:53:27.571Z [ERROR]: Customization Service: Error handling production ready: Customization.findOne is not a function
2026-06-03T18:53:28.538Z [ERROR]: Sourcing Service: Error handling product query received: Sourcing is not a constructor
2026-06-03T21:19:21.196Z [ERROR]: Failed to create Kafka Producer client: Cannot read properties of null (reading 'Client')
2026-06-03T21:19:34.541Z [ERROR]: Failed to create Kafka Consumer client: Cannot read properties of null (reading 'Client')
2026-06-03T21:20:34.205Z [ERROR]: Failed to create Kafka Consumer client: Cannot read properties of null (reading 'Client')
2026-06-05T08:06:11.375Z [ERROR]: Customization Service: Error handling customization requested: Customization is not a constructor
2026-06-05T08:06:11.537Z [ERROR]: Customization Service: Error handling design approved: Customization.findOne is not a function
2026-06-05T08:06:11.573Z [ERROR]: Customization Service: Error handling specification updated: Customization.findOne is not a function
2026-06-05T08:06:11.611Z [ERROR]: Customization Service: Error handling material selected: Customization.findOne is not a function
2026-06-05T08:06:11.642Z [ERROR]: Customization Service: Error handling pricing updated: Customization.findOne is not a function
2026-06-05T08:06:11.690Z [ERROR]: Customization Service: Error handling production ready: Customization.findOne is not a function
2026-06-05T08:06:15.933Z [ERROR]: Sourcing Service: Error handling product query received: Sourcing is not a constructor
2026-06-08T10:17:41.423Z [ERROR]: Customization Service: Error handling customization requested: Customization is not a constructor
2026-06-08T10:17:41.972Z [ERROR]: Customization Service: Error handling design approved: Customization.findOne is not a function
2026-06-08T10:17:42.054Z [ERROR]: Customization Service: Error handling specification updated: Customization.findOne is not a function
2026-06-08T10:17:42.155Z [ERROR]: Customization Service: Error handling material selected: Customization.findOne is not a function
2026-06-08T10:17:42.300Z [ERROR]: Customization Service: Error handling pricing updated: Customization.findOne is not a function
2026-06-08T10:17:42.353Z [ERROR]: Customization Service: Error handling production ready: Customization.findOne is not a function
2026-06-08T10:17:44.910Z [ERROR]: Sourcing Service: Error handling product query received: Sourcing is not a constructor
2026-06-08T10:44:00.515Z [ERROR]: Customization Service: Error handling customization requested: Customization is not a constructor
2026-06-08T10:44:01.289Z [ERROR]: Customization Service: Error handling design approved: Customization.findOne is not a function
2026-06-08T10:44:01.654Z [ERROR]: Customization Service: Error handling specification updated: Customization.findOne is not a function
2026-06-08T10:44:02.332Z [ERROR]: Customization Service: Error handling material selected: Customization.findOne is not a function
2026-06-08T10:44:02.639Z [ERROR]: Customization Service: Error handling pricing updated: Customization.findOne is not a function
2026-06-08T10:44:02.688Z [ERROR]: Customization Service: Error handling production ready: Customization.findOne is not a function
2026-06-08T10:44:06.049Z [ERROR]: Sourcing Service: Error handling product query received: Sourcing is not a constructor
2026-06-11T02:26:10.587Z [ERROR]: Customization Service: Error handling customization requested: Customization is not a constructor
2026-06-11T02:26:10.691Z [ERROR]: Customization Service: Error handling design approved: Customization.findOne is not a function
2026-06-11T02:26:10.707Z [ERROR]: Customization Service: Error handling specification updated: Customization.findOne is not a function
2026-06-11T02:26:10.723Z [ERROR]: Customization Service: Error handling material selected: Customization.findOne is not a function
2026-06-11T02:26:10.737Z [ERROR]: Customization Service: Error handling pricing updated: Customization.findOne is not a function
2026-06-11T02:26:10.752Z [ERROR]: Customization Service: Error handling production ready: Customization.findOne is not a function
2026-06-11T02:28:08.416Z [ERROR]: Customization Service: Error handling customization requested: Customization is not a constructor
2026-06-11T02:28:08.528Z [ERROR]: Customization Service: Error handling design approved: Customization.findOne is not a function
2026-06-11T02:28:08.544Z [ERROR]: Customization Service: Error handling specification updated: Customization.findOne is not a function
2026-06-11T02:28:08.570Z [ERROR]: Customization Service: Error handling material selected: Customization.findOne is not a function
2026-06-11T02:28:08.599Z [ERROR]: Customization Service: Error handling pricing updated: Customization.findOne is not a function
2026-06-11T02:28:08.611Z [ERROR]: Customization Service: Error handling production ready: Customization.findOne is not a function
2026-06-11T02:28:09.426Z [ERROR]: Sourcing Service: Error handling product query received: Sourcing is not a constructor
2026-06-11T02:30:15.790Z [ERROR]: Customization Service: Error handling customization requested: Customization is not a constructor
2026-06-11T02:30:15.920Z [ERROR]: Customization Service: Error handling design approved: Customization.findOne is not a function
2026-06-11T02:30:15.941Z [ERROR]: Customization Service: Error handling specification updated: Customization.findOne is not a function
2026-06-11T02:30:15.964Z [ERROR]: Customization Service: Error handling material selected: Customization.findOne is not a function
2026-06-11T02:30:15.996Z [ERROR]: Customization Service: Error handling pricing updated: Customization.findOne is not a function
2026-06-11T02:30:16.011Z [ERROR]: Customization Service: Error handling production ready: Customization.findOne is not a function
2026-06-11T02:30:16.823Z [ERROR]: Sourcing Service: Error handling product query received: Sourcing is not a constructor
2026-06-11T14:53:31.895Z [ERROR]: Customization Service: Error handling customization requested: Customization is not a constructor
2026-06-11T14:53:32.163Z [ERROR]: Customization Service: Error handling design approved: Customization.findOne is not a function
2026-06-11T14:53:32.203Z [ERROR]: Customization Service: Error handling specification updated: Customization.findOne is not a function
2026-06-11T14:53:32.237Z [ERROR]: Customization Service: Error handling material selected: Customization.findOne is not a function
2026-06-11T14:53:32.272Z [ERROR]: Customization Service: Error handling pricing updated: Customization.findOne is not a function
2026-06-11T14:53:32.332Z [ERROR]: Customization Service: Error handling production ready: Customization.findOne is not a function
2026-06-11T14:53:34.372Z [ERROR]: Sourcing Service: Error handling product query received: Sourcing is not a constructor
2026-06-11T18:11:37.588Z [ERROR]: Customization Service: Error handling customization requested: Customization is not a constructor
2026-06-11T18:11:37.908Z [ERROR]: Customization Service: Error handling design approved: Customization.findOne is not a function
2026-06-11T18:11:37.970Z [ERROR]: Customization Service: Error handling specification updated: Customization.findOne is not a function
2026-06-11T18:11:37.999Z [ERROR]: Customization Service: Error handling material selected: Customization.findOne is not a function
2026-06-11T18:11:38.089Z [ERROR]: Customization Service: Error handling pricing updated: Customization.findOne is not a function
2026-06-11T18:11:38.120Z [ERROR]: Customization Service: Error handling production ready: Customization.findOne is not a function
2026-06-11T18:11:41.538Z [ERROR]: Sourcing Service: Error handling product query received: Sourcing is not a constructor
2026-06-11T18:15:05.455Z [ERROR]: Failed to initialize communication system for agent logistics-test-1: Connection error: connect ECONNREFUSED 127.0.0.1:9092
2026-06-11T18:18:26.621Z [ERROR]: Customization Service: Error handling customization requested: Customization is not a constructor
2026-06-11T18:18:27.099Z [ERROR]: Customization Service: Error handling design approved: Customization.findOne is not a function
2026-06-11T18:18:27.177Z [ERROR]: Customization Service: Error handling specification updated: Customization.findOne is not a function
2026-06-11T18:18:27.258Z [ERROR]: Customization Service: Error handling material selected: Customization.findOne is not a function
2026-06-11T18:18:27.429Z [ERROR]: Customization Service: Error handling pricing updated: Customization.findOne is not a function
2026-06-11T18:18:27.462Z [ERROR]: Customization Service: Error handling production ready: Customization.findOne is not a function
2026-06-11T18:18:30.227Z [ERROR]: Sourcing Service: Error handling product query received: Sourcing is not a constructor
2026-06-11T18:21:32.904Z [ERROR]: Customization Service: Error handling customization requested: Customization is not a constructor
2026-06-11T18:21:33.543Z [ERROR]: Customization Service: Error handling design approved: Customization.findOne is not a function
2026-06-11T18:21:33.729Z [ERROR]: Customization Service: Error handling specification updated: Customization.findOne is not a function
2026-06-11T18:21:33.864Z [ERROR]: Customization Service: Error handling material selected: Customization.findOne is not a function
2026-06-11T18:21:33.979Z [ERROR]: Customization Service: Error handling pricing updated: Customization.findOne is not a function
2026-06-11T18:21:34.032Z [ERROR]: Customization Service: Error handling production ready: Customization.findOne is not a function
2026-06-11T18:21:37.918Z [ERROR]: Sourcing Service: Error handling product query received: Sourcing is not a constructor
2026-06-11T18:27:33.711Z [ERROR]: Customization Service: Error handling customization requested: Customization is not a constructor
2026-06-11T18:27:34.052Z [ERROR]: Customization Service: Error handling design approved: Customization.findOne is not a function
2026-06-11T18:27:34.133Z [ERROR]: Customization Service: Error handling specification updated: Customization.findOne is not a function
2026-06-11T18:27:34.193Z [ERROR]: Customization Service: Error handling material selected: Customization.findOne is not a function
2026-06-11T18:27:34.259Z [ERROR]: Customization Service: Error handling pricing updated: Customization.findOne is not a function
2026-06-11T18:27:34.385Z [ERROR]: Customization Service: Error handling production ready: Customization.findOne is not a function
2026-06-11T18:27:38.076Z [ERROR]: Sourcing Service: Error handling product query received: Sourcing is not a constructor
2026-06-12T08:00:23.654Z [ERROR]: Customization Service: Error handling customization requested: Customization is not a constructor
2026-06-12T08:00:24.066Z [ERROR]: Customization Service: Error handling design approved: Customization.findOne is not a function
2026-06-12T08:00:24.119Z [ERROR]: Customization Service: Error handling specification updated: Customization.findOne is not a function
2026-06-12T08:00:24.159Z [ERROR]: Customization Service: Error handling material selected: Customization.findOne is not a function
2026-06-12T08:00:24.204Z [ERROR]: Customization Service: Error handling pricing updated: Customization.findOne is not a function
2026-06-12T08:00:24.346Z [ERROR]: Customization Service: Error handling production ready: Customization.findOne is not a function
2026-06-12T08:00:31.891Z [ERROR]: Sourcing Service: Error handling product query received: Sourcing is not a constructor
2026-06-12T12:15:58.418Z [ERROR]: Customization Service: Error handling customization requested: Customization is not a constructor
2026-06-12T12:15:58.897Z [ERROR]: Customization Service: Error handling design approved: Customization.findOne is not a function
2026-06-12T12:15:59.022Z [ERROR]: Customization Service: Error handling specification updated: Customization.findOne is not a function
2026-06-12T12:15:59.153Z [ERROR]: Customization Service: Error handling material selected: Customization.findOne is not a function
2026-06-12T12:15:59.267Z [ERROR]: Customization Service: Error handling pricing updated: Customization.findOne is not a function
2026-06-12T12:15:59.395Z [ERROR]: Customization Service: Error handling production ready: Customization.findOne is not a function
2026-06-12T12:16:03.710Z [ERROR]: Sourcing Service: Error handling product query received: Sourcing is not a constructor
2026-06-12T12:59:49.564Z [ERROR]: Customization Service: Error handling customization requested: Customization is not a constructor
2026-06-12T12:59:49.787Z [ERROR]: Customization Service: Error handling design approved: Customization.findOne is not a function
2026-06-12T12:59:49.846Z [ERROR]: Customization Service: Error handling specification updated: Customization.findOne is not a function
2026-06-12T12:59:49.910Z [ERROR]: Customization Service: Error handling material selected: Customization.findOne is not a function
2026-06-12T12:59:49.978Z [ERROR]: Customization Service: Error handling pricing updated: Customization.findOne is not a function
2026-06-12T12:59:50.031Z [ERROR]: Customization Service: Error handling production ready: Customization.findOne is not a function
2026-06-12T12:59:52.160Z [ERROR]: Sourcing Service: Error handling product query received: Sourcing is not a constructor
2026-06-12T17:12:43.149Z [ERROR]: Customization Service: Error handling customization requested: Customization is not a constructor
2026-06-12T17:12:43.600Z [ERROR]: Customization Service: Error handling design approved: Customization.findOne is not a function
2026-06-12T17:12:43.672Z [ERROR]: Customization Service: Error handling specification updated: Customization.findOne is not a function
2026-06-12T17:12:43.815Z [ERROR]: Customization Service: Error handling material selected: Customization.findOne is not a function
2026-06-12T17:12:43.935Z [ERROR]: Customization Service: Error handling pricing updated: Customization.findOne is not a function
2026-06-12T17:12:44.043Z [ERROR]: Customization Service: Error handling production ready: Customization.findOne is not a function
2026-06-12T17:17:21.898Z [ERROR]: Customization Service: Error handling customization requested: Customization is not a constructor
2026-06-12T17:17:22.275Z [ERROR]: Customization Service: Error handling design approved: Customization.findOne is not a function
2026-06-12T17:17:22.322Z [ERROR]: Customization Service: Error handling specification updated: Customization.findOne is not a function
2026-06-12T17:17:22.420Z [ERROR]: Customization Service: Error handling material selected: Customization.findOne is not a function
2026-06-12T17:17:22.498Z [ERROR]: Customization Service: Error handling pricing updated: Customization.findOne is not a function
2026-06-12T17:17:22.810Z [ERROR]: Customization Service: Error handling production ready: Customization.findOne is not a function
2026-06-12T17:17:24.607Z [ERROR]: Sourcing Service: Error handling product query received: Sourcing is not a constructor
2026-06-12T21:14:35.628Z [ERROR]: Customization Service: Error handling customization requested: Customization is not a constructor
2026-06-12T21:14:36.121Z [ERROR]: Customization Service: Error handling design approved: Customization.findOne is not a function
2026-06-12T21:14:36.159Z [ERROR]: Customization Service: Error handling specification updated: Customization.findOne is not a function
2026-06-12T21:14:36.195Z [ERROR]: Customization Service: Error handling material selected: Customization.findOne is not a function
2026-06-12T21:14:36.284Z [ERROR]: Customization Service: Error handling pricing updated: Customization.findOne is not a function
2026-06-12T21:14:36.357Z [ERROR]: Customization Service: Error handling production ready: Customization.findOne is not a function
2026-06-12T21:14:42.378Z [ERROR]: Sourcing Service: Error handling product query received: Sourcing is not a constructor
2026-06-12T21:17:04.596Z [ERROR]: Customization Service: Error handling customization requested: Customization is not a constructor
2026-06-12T21:17:04.809Z [ERROR]: Customization Service: Error handling design approved: Customization.findOne is not a function
2026-06-12T21:17:04.847Z [ERROR]: Customization Service: Error handling specification updated: Customization.findOne is not a function
2026-06-12T21:17:04.894Z [ERROR]: Customization Service: Error handling material selected: Customization.findOne is not a function
2026-06-12T21:17:04.943Z [ERROR]: Customization Service: Error handling pricing updated: Customization.findOne is not a function
2026-06-12T21:17:05.011Z [ERROR]: Customization Service: Error handling production ready: Customization.findOne is not a function
2026-06-12T21:17:08.274Z [ERROR]: Sourcing Service: Error handling product query received: Sourcing is not a constructor
2026-06-13T03:33:52.670Z [ERROR]: Customization Service: Error handling customization requested: Customization is not a constructor
2026-06-13T03:33:52.923Z [ERROR]: Customization Service: Error handling design approved: Customization.findOne is not a function
2026-06-13T03:33:52.965Z [ERROR]: Customization Service: Error handling specification updated: Customization.findOne is not a function
2026-06-13T03:33:53.014Z [ERROR]: Customization Service: Error handling material selected: Customization.findOne is not a function
2026-06-13T03:33:53.150Z [ERROR]: Customization Service: Error handling pricing updated: Customization.findOne is not a function
2026-06-13T03:33:53.229Z [ERROR]: Customization Service: Error handling production ready: Customization.findOne is not a function
2026-06-13T03:33:56.065Z [ERROR]: Sourcing Service: Error handling product query received: Sourcing is not a constructor
2026-06-13T09:10:04.141Z [ERROR]: Customization Service: Error handling customization requested: Customization is not a constructor
2026-06-13T09:10:04.413Z [ERROR]: Customization Service: Error handling design approved: Customization.findOne is not a function
2026-06-13T09:10:04.448Z [ERROR]: Customization Service: Error handling specification updated: Customization.findOne is not a function
2026-06-13T09:10:04.485Z [ERROR]: Customization Service: Error handling material selected: Customization.findOne is not a function
2026-06-13T09:10:04.597Z [ERROR]: Customization Service: Error handling pricing updated: Customization.findOne is not a function
2026-06-13T09:10:04.630Z [ERROR]: Customization Service: Error handling production ready: Customization.findOne is not a function
2026-06-13T09:10:36.078Z [ERROR]: Sourcing Service: Error handling product query received: Sourcing is not a constructor
2026-06-13T09:24:36.167Z [ERROR]: Customization Service: Error handling customization requested: Customization is not a constructor
2026-06-13T09:24:36.563Z [ERROR]: Customization Service: Error handling design approved: Customization.findOne is not a function
2026-06-13T09:24:36.749Z [ERROR]: Customization Service: Error handling specification updated: Customization.findOne is not a function
2026-06-13T09:24:36.834Z [ERROR]: Customization Service: Error handling material selected: Customization.findOne is not a function
2026-06-13T09:24:36.941Z [ERROR]: Customization Service: Error handling pricing updated: Customization.findOne is not a function
2026-06-13T09:24:36.993Z [ERROR]: Customization Service: Error handling production ready: Customization.findOne is not a function
2026-06-13T09:24:39.661Z [ERROR]: Sourcing Service: Error handling product query received: Sourcing is not a constructor
2026-06-25 13:46:53.994 [ERROR]: Sourcing Service: Error handling product query received: Sourcing is not a constructor
TypeError: Sourcing is not a constructor
    at handleProductQueryReceived (/home/apop/DEV/sokogateOS/src/services/sourcingService.js:424:29)
    at Object.handleProductQueryReceived [as messageCallback] (/home/apop/DEV/sokogateOS/src/services/sourcingService.js:165:19)
    at Object.messageCallback (/home/apop/DEV/sokogateOS/tests/services/sourcingService.test.js:118:17)
    at processTicksAndRejections (node:internal/process/task_queues:104:5)
2026-06-25 13:46:54.649 [ERROR]: Customization Service: Error handling customization requested: Customization is not a constructor
TypeError: Customization is not a constructor
    at handleCustomizationRequested (/home/apop/DEV/sokogateOS/src/services/customizationService.js:251:27)
    at Object.handleCustomizationRequested [as messageCallback] (/home/apop/DEV/sokogateOS/src/services/customizationService.js:66:19)
    at Object.messageCallback (/home/apop/DEV/sokogateOS/tests/services/customizationService.test.js:125:17)
    at processTicksAndRejections (node:internal/process/task_queues:104:5)
2026-06-25 13:46:55.080 [ERROR]: Customization Service: Error handling design approved: Customization.findOne is not a function
TypeError: Customization.findOne is not a function
    at findOne (/home/apop/DEV/sokogateOS/src/services/customizationService.js:327:47)
    at Object.handleDesignApproved [as messageCallback] (/home/apop/DEV/sokogateOS/src/services/customizationService.js:69:19)
    at Object.messageCallback (/home/apop/DEV/sokogateOS/tests/services/customizationService.test.js:168:17)
    at processTicksAndRejections (node:internal/process/task_queues:104:5)
2026-06-25 13:46:55.328 [ERROR]: Customization Service: Error handling specification updated: Customization.findOne is not a function
TypeError: Customization.findOne is not a function
    at findOne (/home/apop/DEV/sokogateOS/src/services/customizationService.js:354:47)
    at Object.handleSpecificationUpdated [as messageCallback] (/home/apop/DEV/sokogateOS/src/services/customizationService.js:72:19)
    at Object.messageCallback (/home/apop/DEV/sokogateOS/tests/services/customizationService.test.js:215:17)
    at processTicksAndRejections (node:internal/process/task_queues:104:5)
2026-06-25 13:46:55.490 [ERROR]: Customization Service: Error handling material selected: Customization.findOne is not a function
TypeError: Customization.findOne is not a function
    at findOne (/home/apop/DEV/sokogateOS/src/services/customizationService.js:376:47)
    at Object.handleMaterialSelected [as messageCallback] (/home/apop/DEV/sokogateOS/src/services/customizationService.js:75:19)
    at Object.messageCallback (/home/apop/DEV/sokogateOS/tests/services/customizationService.test.js:260:17)
    at processTicksAndRejections (node:internal/process/task_queues:104:5)
2026-06-25 13:46:55.601 [ERROR]: Customization Service: Error handling pricing updated: Customization.findOne is not a function
TypeError: Customization.findOne is not a function
    at findOne (/home/apop/DEV/sokogateOS/src/services/customizationService.js:408:47)
    at Object.handlePricingUpdated [as messageCallback] (/home/apop/DEV/sokogateOS/src/services/customizationService.js:78:19)
    at Object.messageCallback (/home/apop/DEV/sokogateOS/tests/services/customizationService.test.js:306:17)
    at processTicksAndRejections (node:internal/process/task_queues:104:5)
2026-06-25 13:46:55.766 [ERROR]: Customization Service: Error handling production ready: Customization.findOne is not a function
TypeError: Customization.findOne is not a function
    at findOne (/home/apop/DEV/sokogateOS/src/services/customizationService.js:442:47)
    at Object.handleProductionReady [as messageCallback] (/home/apop/DEV/sokogateOS/src/services/customizationService.js:81:19)
    at Object.messageCallback (/home/apop/DEV/sokogateOS/tests/services/customizationService.test.js:351:17)
    at processTicksAndRejections (node:internal/process/task_queues:104:5)
2026-06-25 17:32:04.521 [ERROR]: Customization Service: Error handling customization requested: Customization is not a constructor
TypeError: Customization is not a constructor
    at handleCustomizationRequested (/home/apop/DEV/sokogateOS/src/services/customizationService.js:251:27)
    at Object.handleCustomizationRequested [as messageCallback] (/home/apop/DEV/sokogateOS/src/services/customizationService.js:66:19)
    at Object.messageCallback (/home/apop/DEV/sokogateOS/tests/services/customizationService.test.js:125:17)
    at processTicksAndRejections (node:internal/process/task_queues:104:5)
2026-06-25 17:32:04.883 [ERROR]: Customization Service: Error handling design approved: Customization.findOne is not a function
TypeError: Customization.findOne is not a function
    at findOne (/home/apop/DEV/sokogateOS/src/services/customizationService.js:327:47)
    at Object.handleDesignApproved [as messageCallback] (/home/apop/DEV/sokogateOS/src/services/customizationService.js:69:19)
    at Object.messageCallback (/home/apop/DEV/sokogateOS/tests/services/customizationService.test.js:168:17)
    at processTicksAndRejections (node:internal/process/task_queues:104:5)
2026-06-25 17:32:04.946 [ERROR]: Customization Service: Error handling specification updated: Customization.findOne is not a function
TypeError: Customization.findOne is not a function
    at findOne (/home/apop/DEV/sokogateOS/src/services/customizationService.js:354:47)
    at Object.handleSpecificationUpdated [as messageCallback] (/home/apop/DEV/sokogateOS/src/services/customizationService.js:72:19)
    at Object.messageCallback (/home/apop/DEV/sokogateOS/tests/services/customizationService.test.js:215:17)
    at processTicksAndRejections (node:internal/process/task_queues:104:5)
2026-06-25 17:32:05.052 [ERROR]: Customization Service: Error handling material selected: Customization.findOne is not a function
TypeError: Customization.findOne is not a function
    at findOne (/home/apop/DEV/sokogateOS/src/services/customizationService.js:376:47)
    at Object.handleMaterialSelected [as messageCallback] (/home/apop/DEV/sokogateOS/src/services/customizationService.js:75:19)
    at Object.messageCallback (/home/apop/DEV/sokogateOS/tests/services/customizationService.test.js:260:17)
    at processTicksAndRejections (node:internal/process/task_queues:104:5)
2026-06-25 17:32:05.132 [ERROR]: Customization Service: Error handling pricing updated: Customization.findOne is not a function
TypeError: Customization.findOne is not a function
    at findOne (/home/apop/DEV/sokogateOS/src/services/customizationService.js:408:47)
    at Object.handlePricingUpdated [as messageCallback] (/home/apop/DEV/sokogateOS/src/services/customizationService.js:78:19)
    at Object.messageCallback (/home/apop/DEV/sokogateOS/tests/services/customizationService.test.js:306:17)
    at processTicksAndRejections (node:internal/process/task_queues:104:5)
2026-06-25 17:32:05.194 [ERROR]: Customization Service: Error handling production ready: Customization.findOne is not a function
TypeError: Customization.findOne is not a function
    at findOne (/home/apop/DEV/sokogateOS/src/services/customizationService.js:442:47)
    at Object.handleProductionReady [as messageCallback] (/home/apop/DEV/sokogateOS/src/services/customizationService.js:81:19)
    at Object.messageCallback (/home/apop/DEV/sokogateOS/tests/services/customizationService.test.js:351:17)
    at processTicksAndRejections (node:internal/process/task_queues:104:5)
2026-06-25 17:32:06.709 [ERROR]: Sourcing Service: Error handling product query received: Sourcing is not a constructor
TypeError: Sourcing is not a constructor
    at handleProductQueryReceived (/home/apop/DEV/sokogateOS/src/services/sourcingService.js:424:29)
    at Object.handleProductQueryReceived [as messageCallback] (/home/apop/DEV/sokogateOS/src/services/sourcingService.js:165:19)
    at Object.messageCallback (/home/apop/DEV/sokogateOS/tests/services/sourcingService.test.js:118:17)
    at processTicksAndRejections (node:internal/process/task_queues:104:5)
2026-06-25 17:33:03.996 [ERROR]: Sourcing Service: Error handling product query received: Sourcing is not a constructor
TypeError: Sourcing is not a constructor
    at handleProductQueryReceived (/home/apop/DEV/sokogateOS/src/services/sourcingService.js:424:29)
    at Object.handleProductQueryReceived [as messageCallback] (/home/apop/DEV/sokogateOS/src/services/sourcingService.js:165:19)
    at Object.messageCallback (/home/apop/DEV/sokogateOS/tests/services/sourcingService.test.js:118:17)
    at processTicksAndRejections (node:internal/process/task_queues:104:5)
2026-06-25 17:33:04.659 [ERROR]: Customization Service: Error handling customization requested: Customization is not a constructor
TypeError: Customization is not a constructor
    at handleCustomizationRequested (/home/apop/DEV/sokogateOS/src/services/customizationService.js:251:27)
    at Object.handleCustomizationRequested [as messageCallback] (/home/apop/DEV/sokogateOS/src/services/customizationService.js:66:19)
    at Object.messageCallback (/home/apop/DEV/sokogateOS/tests/services/customizationService.test.js:125:17)
    at processTicksAndRejections (node:internal/process/task_queues:104:5)
2026-06-25 17:33:04.915 [ERROR]: Customization Service: Error handling design approved: Customization.findOne is not a function
TypeError: Customization.findOne is not a function
    at findOne (/home/apop/DEV/sokogateOS/src/services/customizationService.js:327:47)
    at Object.handleDesignApproved [as messageCallback] (/home/apop/DEV/sokogateOS/src/services/customizationService.js:69:19)
    at Object.messageCallback (/home/apop/DEV/sokogateOS/tests/services/customizationService.test.js:168:17)
    at processTicksAndRejections (node:internal/process/task_queues:104:5)
2026-06-25 17:33:04.966 [ERROR]: Customization Service: Error handling specification updated: Customization.findOne is not a function
TypeError: Customization.findOne is not a function
    at findOne (/home/apop/DEV/sokogateOS/src/services/customizationService.js:354:47)
    at Object.handleSpecificationUpdated [as messageCallback] (/home/apop/DEV/sokogateOS/src/services/customizationService.js:72:19)
    at Object.messageCallback (/home/apop/DEV/sokogateOS/tests/services/customizationService.test.js:215:17)
    at processTicksAndRejections (node:internal/process/task_queues:104:5)
2026-06-25 17:33:05.040 [ERROR]: Customization Service: Error handling material selected: Customization.findOne is not a function
TypeError: Customization.findOne is not a function
    at findOne (/home/apop/DEV/sokogateOS/src/services/customizationService.js:376:47)
    at Object.handleMaterialSelected [as messageCallback] (/home/apop/DEV/sokogateOS/src/services/customizationService.js:75:19)
    at Object.messageCallback (/home/apop/DEV/sokogateOS/tests/services/customizationService.test.js:260:17)
    at processTicksAndRejections (node:internal/process/task_queues:104:5)
2026-06-25 17:33:05.101 [ERROR]: Customization Service: Error handling pricing updated: Customization.findOne is not a function
TypeError: Customization.findOne is not a function
    at findOne (/home/apop/DEV/sokogateOS/src/services/customizationService.js:408:47)
    at Object.handlePricingUpdated [as messageCallback] (/home/apop/DEV/sokogateOS/src/services/customizationService.js:78:19)
    at Object.messageCallback (/home/apop/DEV/sokogateOS/tests/services/customizationService.test.js:306:17)
    at processTicksAndRejections (node:internal/process/task_queues:104:5)
2026-06-25 17:33:05.148 [ERROR]: Customization Service: Error handling production ready: Customization.findOne is not a function
TypeError: Customization.findOne is not a function
    at findOne (/home/apop/DEV/sokogateOS/src/services/customizationService.js:442:47)
    at Object.handleProductionReady [as messageCallback] (/home/apop/DEV/sokogateOS/src/services/customizationService.js:81:19)
    at Object.messageCallback (/home/apop/DEV/sokogateOS/tests/services/customizationService.test.js:351:17)
    at processTicksAndRejections (node:internal/process/task_queues:104:5)
2026-06-25 17:59:08.138 [ERROR]: Sourcing Service: Error handling product query received: Sourcing is not a constructor
TypeError: Sourcing is not a constructor
    at handleProductQueryReceived (/home/apop/DEV/sokogateOS/src/services/sourcingService.js:424:29)
    at Object.handleProductQueryReceived [as messageCallback] (/home/apop/DEV/sokogateOS/src/services/sourcingService.js:165:19)
    at Object.messageCallback (/home/apop/DEV/sokogateOS/tests/services/sourcingService.test.js:118:17)
    at processTicksAndRejections (node:internal/process/task_queues:104:5)
2026-06-25 17:59:09.798 [ERROR]: Customization Service: Error handling customization requested: Customization is not a constructor
TypeError: Customization is not a constructor
    at handleCustomizationRequested (/home/apop/DEV/sokogateOS/src/services/customizationService.js:251:27)
    at Object.handleCustomizationRequested [as messageCallback] (/home/apop/DEV/sokogateOS/src/services/customizationService.js:66:19)
    at Object.messageCallback (/home/apop/DEV/sokogateOS/tests/services/customizationService.test.js:125:17)
    at processTicksAndRejections (node:internal/process/task_queues:104:5)
2026-06-25 17:59:10.193 [ERROR]: Customization Service: Error handling design approved: Customization.findOne is not a function
TypeError: Customization.findOne is not a function
    at findOne (/home/apop/DEV/sokogateOS/src/services/customizationService.js:327:47)
    at Object.handleDesignApproved [as messageCallback] (/home/apop/DEV/sokogateOS/src/services/customizationService.js:69:19)
    at Object.messageCallback (/home/apop/DEV/sokogateOS/tests/services/customizationService.test.js:168:17)
    at processTicksAndRejections (node:internal/process/task_queues:104:5)
2026-06-25 17:59:10.221 [ERROR]: Customization Service: Error handling specification updated: Customization.findOne is not a function
TypeError: Customization.findOne is not a function
    at findOne (/home/apop/DEV/sokogateOS/src/services/customizationService.js:354:47)
    at Object.handleSpecificationUpdated [as messageCallback] (/home/apop/DEV/sokogateOS/src/services/customizationService.js:72:19)
    at Object.messageCallback (/home/apop/DEV/sokogateOS/tests/services/customizationService.test.js:215:17)
    at processTicksAndRejections (node:internal/process/task_queues:104:5)
2026-06-25 17:59:10.273 [ERROR]: Customization Service: Error handling material selected: Customization.findOne is not a function
TypeError: Customization.findOne is not a function
    at findOne (/home/apop/DEV/sokogateOS/src/services/customizationService.js:376:47)
    at Object.handleMaterialSelected [as messageCallback] (/home/apop/DEV/sokogateOS/src/services/customizationService.js:75:19)
    at Object.messageCallback (/home/apop/DEV/sokogateOS/tests/services/customizationService.test.js:260:17)
    at processTicksAndRejections (node:internal/process/task_queues:104:5)
2026-06-25 17:59:10.354 [ERROR]: Customization Service: Error handling pricing updated: Customization.findOne is not a function
TypeError: Customization.findOne is not a function
    at findOne (/home/apop/DEV/sokogateOS/src/services/customizationService.js:408:47)
    at Object.handlePricingUpdated [as messageCallback] (/home/apop/DEV/sokogateOS/src/services/customizationService.js:78:19)
    at Object.messageCallback (/home/apop/DEV/sokogateOS/tests/services/customizationService.test.js:306:17)
    at processTicksAndRejections (node:internal/process/task_queues:104:5)
2026-06-25 17:59:10.451 [ERROR]: Customization Service: Error handling production ready: Customization.findOne is not a function
TypeError: Customization.findOne is not a function
    at findOne (/home/apop/DEV/sokogateOS/src/services/customizationService.js:442:47)
    at Object.handleProductionReady [as messageCallback] (/home/apop/DEV/sokogateOS/src/services/customizationService.js:81:19)
    at Object.messageCallback (/home/apop/DEV/sokogateOS/tests/services/customizationService.test.js:351:17)
    at processTicksAndRejections (node:internal/process/task_queues:104:5)
2026-06-25 18:09:06.519 [ERROR]: KRW Payment Adapter: Failed to start Kakfa: Kafka unavailable
Error: Kafka unavailable
    at Object.<anonymous> (/home/apop/DEV/sokogateOS/tests/ingestion/adapters/krwPaymentAdapter.test.js:84:55)
    at Promise.then.completed (/home/apop/DEV/sokogateOS/node_modules/jest-circus/build/utils.js:298:28)
    at new Promise (<anonymous>)
    at callAsyncCircusFn (/home/apop/DEV/sokogateOS/node_modules/jest-circus/build/utils.js:231:10)
    at _callCircusTest (/home/apop/DEV/sokogateOS/node_modules/jest-circus/build/run.js:316:40)
    at processTicksAndRejections (node:internal/process/task_queues:104:5)
    at _runTest (/home/apop/DEV/sokogateOS/node_modules/jest-circus/build/run.js:252:3)
    at _runTestsForDescribeBlock (/home/apop/DEV/sokogateOS/node_modules/jest-circus/build/run.js:126:9)
    at _runTestsForDescribeBlock (/home/apop/DEV/sokogateOS/node_modules/jest-circus/build/run.js:121:9)
    at run (/home/apop/DEV/sokogateOS/node_modules/jest-circus/build/run.js:71:3)
    at runAndTransformResultsToJestFormat (/home/apop/DEV/sokogateOS/node_modules/jest-circus/build/legacy-code-todo-rewrite/jestAdapterInit.js:122:21)
    at jestAdapter (/home/apop/DEV/sokogateOS/node_modules/jest-circus/build/legacy-code-todo-rewrite/jestAdapter.js:79:19)
    at runTestInternal (/home/apop/DEV/sokogateOS/node_modules/jest-runner/build/runTest.js:367:16)
    at runTest (/home/apop/DEV/sokogateOS/node_modules/jest-runner/build/runTest.js:444:34)
    at Object.worker (/home/apop/DEV/sokogateOS/node_modules/jest-runner/build/testWorker.js:106:12)
2026-06-25 18:09:06.639 [ERROR]: Supplier Risk Adapter: Failed to start Kakfa: Kafka unavailable
Error: Kafka unavailable
    at Object.<anonymous> (/home/apop/DEV/sokogateOS/tests/ingestion/adapters/supplierRiskAdapter.test.js:75:55)
    at Promise.then.completed (/home/apop/DEV/sokogateOS/node_modules/jest-circus/build/utils.js:298:28)
    at new Promise (<anonymous>)
    at callAsyncCircusFn (/home/apop/DEV/sokogateOS/node_modules/jest-circus/build/utils.js:231:10)
    at _callCircusTest (/home/apop/DEV/sokogateOS/node_modules/jest-circus/build/run.js:316:40)
    at processTicksAndRejections (node:internal/process/task_queues:104:5)
    at _runTest (/home/apop/DEV/sokogateOS/node_modules/jest-circus/build/run.js:252:3)
    at _runTestsForDescribeBlock (/home/apop/DEV/sokogateOS/node_modules/jest-circus/build/run.js:126:9)
    at _runTestsForDescribeBlock (/home/apop/DEV/sokogateOS/node_modules/jest-circus/build/run.js:121:9)
    at run (/home/apop/DEV/sokogateOS/node_modules/jest-circus/build/run.js:71:3)
    at runAndTransformResultsToJestFormat (/home/apop/DEV/sokogateOS/node_modules/jest-circus/build/legacy-code-todo-rewrite/jestAdapterInit.js:122:21)
    at jestAdapter (/home/apop/DEV/sokogateOS/node_modules/jest-circus/build/legacy-code-todo-rewrite/jestAdapter.js:79:19)
    at runTestInternal (/home/apop/DEV/sokogateOS/node_modules/jest-runner/build/runTest.js:367:16)
    at runTest (/home/apop/DEV/sokogateOS/node_modules/jest-runner/build/runTest.js:444:34)
    at Object.worker (/home/apop/DEV/sokogateOS/node_modules/jest-runner/build/testWorker.js:106:12)
2026-06-25 18:15:35.390 [ERROR]: Supplier Risk Adapter: Failed to start Kakfa: Kafka unavailable
Error: Kafka unavailable
    at Object.<anonymous> (/home/apop/DEV/sokogateOS/tests/ingestion/adapters/supplierRiskAdapter.test.js:75:55)
    at Promise.then.completed (/home/apop/DEV/sokogateOS/node_modules/jest-circus/build/utils.js:298:28)
    at new Promise (<anonymous>)
    at callAsyncCircusFn (/home/apop/DEV/sokogateOS/node_modules/jest-circus/build/utils.js:231:10)
    at _callCircusTest (/home/apop/DEV/sokogateOS/node_modules/jest-circus/build/run.js:316:40)
    at processTicksAndRejections (node:internal/process/task_queues:104:5)
    at _runTest (/home/apop/DEV/sokogateOS/node_modules/jest-circus/build/run.js:252:3)
    at _runTestsForDescribeBlock (/home/apop/DEV/sokogateOS/node_modules/jest-circus/build/run.js:126:9)
    at _runTestsForDescribeBlock (/home/apop/DEV/sokogateOS/node_modules/jest-circus/build/run.js:121:9)
    at run (/home/apop/DEV/sokogateOS/node_modules/jest-circus/build/run.js:71:3)
    at runAndTransformResultsToJestFormat (/home/apop/DEV/sokogateOS/node_modules/jest-circus/build/legacy-code-todo-rewrite/jestAdapterInit.js:122:21)
    at jestAdapter (/home/apop/DEV/sokogateOS/node_modules/jest-circus/build/legacy-code-todo-rewrite/jestAdapter.js:79:19)
    at runTestInternal (/home/apop/DEV/sokogateOS/node_modules/jest-runner/build/runTest.js:367:16)
    at runTest (/home/apop/DEV/sokogateOS/node_modules/jest-runner/build/runTest.js:444:34)
    at Object.worker (/home/apop/DEV/sokogateOS/node_modules/jest-runner/build/testWorker.js:106:12)
2026-06-25 18:15:35.598 [ERROR]: KRW Payment Adapter: Failed to start Kakfa: Kafka unavailable
Error: Kafka unavailable
    at Object.<anonymous> (/home/apop/DEV/sokogateOS/tests/ingestion/adapters/krwPaymentAdapter.test.js:84:55)
    at Promise.then.completed (/home/apop/DEV/sokogateOS/node_modules/jest-circus/build/utils.js:298:28)
    at new Promise (<anonymous>)
    at callAsyncCircusFn (/home/apop/DEV/sokogateOS/node_modules/jest-circus/build/utils.js:231:10)
    at _callCircusTest (/home/apop/DEV/sokogateOS/node_modules/jest-circus/build/run.js:316:40)
    at processTicksAndRejections (node:internal/process/task_queues:104:5)
    at _runTest (/home/apop/DEV/sokogateOS/node_modules/jest-circus/build/run.js:252:3)
    at _runTestsForDescribeBlock (/home/apop/DEV/sokogateOS/node_modules/jest-circus/build/run.js:126:9)
    at _runTestsForDescribeBlock (/home/apop/DEV/sokogateOS/node_modules/jest-circus/build/run.js:121:9)
    at run (/home/apop/DEV/sokogateOS/node_modules/jest-circus/build/run.js:71:3)
    at runAndTransformResultsToJestFormat (/home/apop/DEV/sokogateOS/node_modules/jest-circus/build/legacy-code-todo-rewrite/jestAdapterInit.js:122:21)
    at jestAdapter (/home/apop/DEV/sokogateOS/node_modules/jest-circus/build/legacy-code-todo-rewrite/jestAdapter.js:79:19)
    at runTestInternal (/home/apop/DEV/sokogateOS/node_modules/jest-runner/build/runTest.js:367:16)
    at runTest (/home/apop/DEV/sokogateOS/node_modules/jest-runner/build/runTest.js:444:34)
    at Object.worker (/home/apop/DEV/sokogateOS/node_modules/jest-runner/build/testWorker.js:106:12)
2026-06-25 18:15:39.020 [ERROR]: Sourcing Service: Error handling product query received: Sourcing is not a constructor
TypeError: Sourcing is not a constructor
    at handleProductQueryReceived (/home/apop/DEV/sokogateOS/src/services/sourcingService.js:424:29)
    at Object.handleProductQueryReceived [as messageCallback] (/home/apop/DEV/sokogateOS/src/services/sourcingService.js:165:19)
    at Object.messageCallback (/home/apop/DEV/sokogateOS/tests/services/sourcingService.test.js:118:17)
    at processTicksAndRejections (node:internal/process/task_queues:104:5)
2026-06-25 18:15:39.519 [ERROR]: Customization Service: Error handling customization requested: Customization is not a constructor
TypeError: Customization is not a constructor
    at handleCustomizationRequested (/home/apop/DEV/sokogateOS/src/services/customizationService.js:251:27)
    at Object.handleCustomizationRequested [as messageCallback] (/home/apop/DEV/sokogateOS/src/services/customizationService.js:66:19)
    at Object.messageCallback (/home/apop/DEV/sokogateOS/tests/services/customizationService.test.js:125:17)
    at processTicksAndRejections (node:internal/process/task_queues:104:5)
2026-06-25 18:15:39.792 [ERROR]: Customization Service: Error handling design approved: Customization.findOne is not a function
TypeError: Customization.findOne is not a function
    at findOne (/home/apop/DEV/sokogateOS/src/services/customizationService.js:327:47)
    at Object.handleDesignApproved [as messageCallback] (/home/apop/DEV/sokogateOS/src/services/customizationService.js:69:19)
    at Object.messageCallback (/home/apop/DEV/sokogateOS/tests/services/customizationService.test.js:168:17)
    at processTicksAndRejections (node:internal/process/task_queues:104:5)
2026-06-25 18:15:39.851 [ERROR]: Customization Service: Error handling specification updated: Customization.findOne is not a function
TypeError: Customization.findOne is not a function
    at findOne (/home/apop/DEV/sokogateOS/src/services/customizationService.js:354:47)
    at Object.handleSpecificationUpdated [as messageCallback] (/home/apop/DEV/sokogateOS/src/services/customizationService.js:72:19)
    at Object.messageCallback (/home/apop/DEV/sokogateOS/tests/services/customizationService.test.js:215:17)
    at processTicksAndRejections (node:internal/process/task_queues:104:5)
2026-06-25 18:15:39.894 [ERROR]: Customization Service: Error handling material selected: Customization.findOne is not a function
TypeError: Customization.findOne is not a function
    at findOne (/home/apop/DEV/sokogateOS/src/services/customizationService.js:376:47)
    at Object.handleMaterialSelected [as messageCallback] (/home/apop/DEV/sokogateOS/src/services/customizationService.js:75:19)
    at Object.messageCallback (/home/apop/DEV/sokogateOS/tests/services/customizationService.test.js:260:17)
    at processTicksAndRejections (node:internal/process/task_queues:104:5)
2026-06-25 18:15:39.977 [ERROR]: Customization Service: Error handling pricing updated: Customization.findOne is not a function
TypeError: Customization.findOne is not a function
    at findOne (/home/apop/DEV/sokogateOS/src/services/customizationService.js:408:47)
    at Object.handlePricingUpdated [as messageCallback] (/home/apop/DEV/sokogateOS/src/services/customizationService.js:78:19)
    at Object.messageCallback (/home/apop/DEV/sokogateOS/tests/services/customizationService.test.js:306:17)
    at processTicksAndRejections (node:internal/process/task_queues:104:5)
2026-06-25 18:15:40.024 [ERROR]: Customization Service: Error handling production ready: Customization.findOne is not a function
TypeError: Customization.findOne is not a function
    at findOne (/home/apop/DEV/sokogateOS/src/services/customizationService.js:442:47)
    at Object.handleProductionReady [as messageCallback] (/home/apop/DEV/sokogateOS/src/services/customizationService.js:81:19)
    at Object.messageCallback (/home/apop/DEV/sokogateOS/tests/services/customizationService.test.js:351:17)
    at processTicksAndRejections (node:internal/process/task_queues:104:5)
2026-06-25 20:28:58.786 [ERROR]: Sourcing Service: Error handling product query received: Sourcing is not a constructor
TypeError: Sourcing is not a constructor
    at handleProductQueryReceived (/home/apop/DEV/sokogateOS/src/services/sourcingService.js:424:29)
    at Object.handleProductQueryReceived [as messageCallback] (/home/apop/DEV/sokogateOS/src/services/sourcingService.js:165:19)
    at Object.messageCallback (/home/apop/DEV/sokogateOS/tests/services/sourcingService.test.js:118:17)
    at processTicksAndRejections (node:internal/process/task_queues:104:5)
2026-06-25 20:29:00.612 [ERROR]: Customization Service: Error handling customization requested: Customization is not a constructor
TypeError: Customization is not a constructor
    at handleCustomizationRequested (/home/apop/DEV/sokogateOS/src/services/customizationService.js:251:27)
    at Object.handleCustomizationRequested [as messageCallback] (/home/apop/DEV/sokogateOS/src/services/customizationService.js:66:19)
    at Object.messageCallback (/home/apop/DEV/sokogateOS/tests/services/customizationService.test.js:125:17)
    at processTicksAndRejections (node:internal/process/task_queues:104:5)
2026-06-25 20:29:00.858 [ERROR]: Customization Service: Error handling design approved: Customization.findOne is not a function
TypeError: Customization.findOne is not a function
    at findOne (/home/apop/DEV/sokogateOS/src/services/customizationService.js:327:47)
    at Object.handleDesignApproved [as messageCallback] (/home/apop/DEV/sokogateOS/src/services/customizationService.js:69:19)
    at Object.messageCallback (/home/apop/DEV/sokogateOS/tests/services/customizationService.test.js:168:17)
    at processTicksAndRejections (node:internal/process/task_queues:104:5)
2026-06-25 20:29:00.905 [ERROR]: Customization Service: Error handling specification updated: Customization.findOne is not a function
TypeError: Customization.findOne is not a function
    at findOne (/home/apop/DEV/sokogateOS/src/services/customizationService.js:354:47)
    at Object.handleSpecificationUpdated [as messageCallback] (/home/apop/DEV/sokogateOS/src/services/customizationService.js:72:19)
    at Object.messageCallback (/home/apop/DEV/sokogateOS/tests/services/customizationService.test.js:215:17)
    at processTicksAndRejections (node:internal/process/task_queues:104:5)
2026-06-25 20:29:00.956 [ERROR]: Customization Service: Error handling material selected: Customization.findOne is not a function
TypeError: Customization.findOne is not a function
    at findOne (/home/apop/DEV/sokogateOS/src/services/customizationService.js:376:47)
    at Object.handleMaterialSelected [as messageCallback] (/home/apop/DEV/sokogateOS/src/services/customizationService.js:75:19)
    at Object.messageCallback (/home/apop/DEV/sokogateOS/tests/services/customizationService.test.js:260:17)
    at processTicksAndRejections (node:internal/process/task_queues:104:5)
2026-06-25 20:29:01.008 [ERROR]: Customization Service: Error handling pricing updated: Customization.findOne is not a function
TypeError: Customization.findOne is not a function
    at findOne (/home/apop/DEV/sokogateOS/src/services/customizationService.js:408:47)
    at Object.handlePricingUpdated [as messageCallback] (/home/apop/DEV/sokogateOS/src/services/customizationService.js:78:19)
    at Object.messageCallback (/home/apop/DEV/sokogateOS/tests/services/customizationService.test.js:306:17)
    at processTicksAndRejections (node:internal/process/task_queues:104:5)
2026-06-25 20:29:01.088 [ERROR]: Customization Service: Error handling production ready: Customization.findOne is not a function
TypeError: Customization.findOne is not a function
    at findOne (/home/apop/DEV/sokogateOS/src/services/customizationService.js:442:47)
    at Object.handleProductionReady [as messageCallback] (/home/apop/DEV/sokogateOS/src/services/customizationService.js:81:19)
    at Object.messageCallback (/home/apop/DEV/sokogateOS/tests/services/customizationService.test.js:351:17)
    at processTicksAndRejections (node:internal/process/task_queues:104:5)
2026-06-25 20:29:02.235 [ERROR]: Supplier Risk Adapter: Failed to start Kakfa: Kafka unavailable
Error: Kafka unavailable
    at Object.<anonymous> (/home/apop/DEV/sokogateOS/tests/ingestion/adapters/supplierRiskAdapter.test.js:75:55)
    at Promise.then.completed (/home/apop/DEV/sokogateOS/node_modules/jest-circus/build/utils.js:298:28)
    at new Promise (<anonymous>)
    at callAsyncCircusFn (/home/apop/DEV/sokogateOS/node_modules/jest-circus/build/utils.js:231:10)
    at _callCircusTest (/home/apop/DEV/sokogateOS/node_modules/jest-circus/build/run.js:316:40)
    at processTicksAndRejections (node:internal/process/task_queues:104:5)
    at _runTest (/home/apop/DEV/sokogateOS/node_modules/jest-circus/build/run.js:252:3)
    at _runTestsForDescribeBlock (/home/apop/DEV/sokogateOS/node_modules/jest-circus/build/run.js:126:9)
    at _runTestsForDescribeBlock (/home/apop/DEV/sokogateOS/node_modules/jest-circus/build/run.js:121:9)
    at run (/home/apop/DEV/sokogateOS/node_modules/jest-circus/build/run.js:71:3)
    at runAndTransformResultsToJestFormat (/home/apop/DEV/sokogateOS/node_modules/jest-circus/build/legacy-code-todo-rewrite/jestAdapterInit.js:122:21)
    at jestAdapter (/home/apop/DEV/sokogateOS/node_modules/jest-circus/build/legacy-code-todo-rewrite/jestAdapter.js:79:19)
    at runTestInternal (/home/apop/DEV/sokogateOS/node_modules/jest-runner/build/runTest.js:367:16)
    at runTest (/home/apop/DEV/sokogateOS/node_modules/jest-runner/build/runTest.js:444:34)
    at Object.worker (/home/apop/DEV/sokogateOS/node_modules/jest-runner/build/testWorker.js:106:12)
2026-06-25 20:29:02.520 [ERROR]: KRW Payment Adapter: Failed to start Kakfa: Kafka unavailable
Error: Kafka unavailable
    at Object.<anonymous> (/home/apop/DEV/sokogateOS/tests/ingestion/adapters/krwPaymentAdapter.test.js:84:55)
    at Promise.then.completed (/home/apop/DEV/sokogateOS/node_modules/jest-circus/build/utils.js:298:28)
    at new Promise (<anonymous>)
    at callAsyncCircusFn (/home/apop/DEV/sokogateOS/node_modules/jest-circus/build/utils.js:231:10)
    at _callCircusTest (/home/apop/DEV/sokogateOS/node_modules/jest-circus/build/run.js:316:40)
    at processTicksAndRejections (node:internal/process/task_queues:104:5)
    at _runTest (/home/apop/DEV/sokogateOS/node_modules/jest-circus/build/run.js:252:3)
    at _runTestsForDescribeBlock (/home/apop/DEV/sokogateOS/node_modules/jest-circus/build/run.js:126:9)
    at _runTestsForDescribeBlock (/home/apop/DEV/sokogateOS/node_modules/jest-circus/build/run.js:121:9)
    at run (/home/apop/DEV/sokogateOS/node_modules/jest-circus/build/run.js:71:3)
    at runAndTransformResultsToJestFormat (/home/apop/DEV/sokogateOS/node_modules/jest-circus/build/legacy-code-todo-rewrite/jestAdapterInit.js:122:21)
    at jestAdapter (/home/apop/DEV/sokogateOS/node_modules/jest-circus/build/legacy-code-todo-rewrite/jestAdapter.js:79:19)
    at runTestInternal (/home/apop/DEV/sokogateOS/node_modules/jest-runner/build/runTest.js:367:16)
    at runTest (/home/apop/DEV/sokogateOS/node_modules/jest-runner/build/runTest.js:444:34)
    at Object.worker (/home/apop/DEV/sokogateOS/node_modules/jest-runner/build/testWorker.js:106:12)
2026-06-25 23:20:29.600 [ERROR]: Sourcing Service: Error handling product query received: Sourcing is not a constructor
TypeError: Sourcing is not a constructor
    at handleProductQueryReceived (/home/apop/DEV/sokogateOS/src/services/sourcingService.js:424:29)
    at Object.handleProductQueryReceived [as messageCallback] (/home/apop/DEV/sokogateOS/src/services/sourcingService.js:165:19)
    at Object.messageCallback (/home/apop/DEV/sokogateOS/tests/services/sourcingService.test.js:118:17)
    at processTicksAndRejections (node:internal/process/task_queues:104:5)
2026-06-25 23:20:33.872 [ERROR]: KRW Payment Adapter: Failed to start Kakfa: Kafka unavailable
Error: Kafka unavailable
    at Object.<anonymous> (/home/apop/DEV/sokogateOS/tests/ingestion/adapters/krwPaymentAdapter.test.js:84:55)
    at Promise.then.completed (/home/apop/DEV/sokogateOS/node_modules/jest-circus/build/utils.js:298:28)
    at new Promise (<anonymous>)
    at callAsyncCircusFn (/home/apop/DEV/sokogateOS/node_modules/jest-circus/build/utils.js:231:10)
    at _callCircusTest (/home/apop/DEV/sokogateOS/node_modules/jest-circus/build/run.js:316:40)
    at processTicksAndRejections (node:internal/process/task_queues:104:5)
    at _runTest (/home/apop/DEV/sokogateOS/node_modules/jest-circus/build/run.js:252:3)
    at _runTestsForDescribeBlock (/home/apop/DEV/sokogateOS/node_modules/jest-circus/build/run.js:126:9)
    at _runTestsForDescribeBlock (/home/apop/DEV/sokogateOS/node_modules/jest-circus/build/run.js:121:9)
    at run (/home/apop/DEV/sokogateOS/node_modules/jest-circus/build/run.js:71:3)
    at runAndTransformResultsToJestFormat (/home/apop/DEV/sokogateOS/node_modules/jest-circus/build/legacy-code-todo-rewrite/jestAdapterInit.js:122:21)
    at jestAdapter (/home/apop/DEV/sokogateOS/node_modules/jest-circus/build/legacy-code-todo-rewrite/jestAdapter.js:79:19)
    at runTestInternal (/home/apop/DEV/sokogateOS/node_modules/jest-runner/build/runTest.js:367:16)
    at runTest (/home/apop/DEV/sokogateOS/node_modules/jest-runner/build/runTest.js:444:34)
    at Object.worker (/home/apop/DEV/sokogateOS/node_modules/jest-runner/build/testWorker.js:106:12)
2026-06-25 23:20:47.812 [ERROR]: Customization Service: Error handling customization requested: Customization is not a constructor
TypeError: Customization is not a constructor
    at handleCustomizationRequested (/home/apop/DEV/sokogateOS/src/services/customizationService.js:251:27)
    at Object.handleCustomizationRequested [as messageCallback] (/home/apop/DEV/sokogateOS/src/services/customizationService.js:66:19)
    at Object.messageCallback (/home/apop/DEV/sokogateOS/tests/services/customizationService.test.js:125:17)
    at processTicksAndRejections (node:internal/process/task_queues:104:5)
2026-06-25 23:20:47.959 [ERROR]: Customization Service: Error handling design approved: Customization.findOne is not a function
TypeError: Customization.findOne is not a function
    at findOne (/home/apop/DEV/sokogateOS/src/services/customizationService.js:327:47)
    at Object.handleDesignApproved [as messageCallback] (/home/apop/DEV/sokogateOS/src/services/customizationService.js:69:19)
    at Object.messageCallback (/home/apop/DEV/sokogateOS/tests/services/customizationService.test.js:168:17)
    at processTicksAndRejections (node:internal/process/task_queues:104:5)
2026-06-25 23:20:48.153 [ERROR]: Customization Service: Error handling specification updated: Customization.findOne is not a function
TypeError: Customization.findOne is not a function
    at findOne (/home/apop/DEV/sokogateOS/src/services/customizationService.js:354:47)
    at Object.handleSpecificationUpdated [as messageCallback] (/home/apop/DEV/sokogateOS/src/services/customizationService.js:72:19)
    at Object.messageCallback (/home/apop/DEV/sokogateOS/tests/services/customizationService.test.js:215:17)
    at processTicksAndRejections (node:internal/process/task_queues:104:5)
2026-06-25 23:20:48.215 [ERROR]: Customization Service: Error handling material selected: Customization.findOne is not a function
TypeError: Customization.findOne is not a function
    at findOne (/home/apop/DEV/sokogateOS/src/services/customizationService.js:376:47)
    at Object.handleMaterialSelected [as messageCallback] (/home/apop/DEV/sokogateOS/src/services/customizationService.js:75:19)
    at Object.messageCallback (/home/apop/DEV/sokogateOS/tests/services/customizationService.test.js:260:17)
    at processTicksAndRejections (node:internal/process/task_queues:104:5)
2026-06-25 23:20:48.251 [ERROR]: Customization Service: Error handling pricing updated: Customization.findOne is not a function
TypeError: Customization.findOne is not a function
    at findOne (/home/apop/DEV/sokogateOS/src/services/customizationService.js:408:47)
    at Object.handlePricingUpdated [as messageCallback] (/home/apop/DEV/sokogateOS/src/services/customizationService.js:78:19)
    at Object.messageCallback (/home/apop/DEV/sokogateOS/tests/services/customizationService.test.js:306:17)
    at processTicksAndRejections (node:internal/process/task_queues:104:5)
2026-06-25 23:20:48.286 [ERROR]: Customization Service: Error handling production ready: Customization.findOne is not a function
TypeError: Customization.findOne is not a function
    at findOne (/home/apop/DEV/sokogateOS/src/services/customizationService.js:442:47)
    at Object.handleProductionReady [as messageCallback] (/home/apop/DEV/sokogateOS/src/services/customizationService.js:81:19)
    at Object.messageCallback (/home/apop/DEV/sokogateOS/tests/services/customizationService.test.js:351:17)
    at processTicksAndRejections (node:internal/process/task_queues:104:5)
2026-06-25 23:20:48.367 [ERROR]: Supplier Risk Adapter: Failed to start Kakfa: Kafka unavailable
Error: Kafka unavailable
    at Object.<anonymous> (/home/apop/DEV/sokogateOS/tests/ingestion/adapters/supplierRiskAdapter.test.js:75:55)
    at Promise.then.completed (/home/apop/DEV/sokogateOS/node_modules/jest-circus/build/utils.js:298:28)
    at new Promise (<anonymous>)
    at callAsyncCircusFn (/home/apop/DEV/sokogateOS/node_modules/jest-circus/build/utils.js:231:10)
    at _callCircusTest (/home/apop/DEV/sokogateOS/node_modules/jest-circus/build/run.js:316:40)
    at processTicksAndRejections (node:internal/process/task_queues:104:5)
    at _runTest (/home/apop/DEV/sokogateOS/node_modules/jest-circus/build/run.js:252:3)
    at _runTestsForDescribeBlock (/home/apop/DEV/sokogateOS/node_modules/jest-circus/build/run.js:126:9)
    at _runTestsForDescribeBlock (/home/apop/DEV/sokogateOS/node_modules/jest-circus/build/run.js:121:9)
    at run (/home/apop/DEV/sokogateOS/node_modules/jest-circus/build/run.js:71:3)
    at runAndTransformResultsToJestFormat (/home/apop/DEV/sokogateOS/node_modules/jest-circus/build/legacy-code-todo-rewrite/jestAdapterInit.js:122:21)
    at jestAdapter (/home/apop/DEV/sokogateOS/node_modules/jest-circus/build/legacy-code-todo-rewrite/jestAdapter.js:79:19)
    at runTestInternal (/home/apop/DEV/sokogateOS/node_modules/jest-runner/build/runTest.js:367:16)
    at runTest (/home/apop/DEV/sokogateOS/node_modules/jest-runner/build/runTest.js:444:34)
    at Object.worker (/home/apop/DEV/sokogateOS/node_modules/jest-runner/build/testWorker.js:106:12)
2026-06-26 09:36:23.836 [ERROR]: Customization Service: Error handling customization requested: Customization is not a constructor
TypeError: Customization is not a constructor
    at handleCustomizationRequested (/home/apop/DEV/sokogateOS/src/services/customizationService.js:251:27)
    at Object.handleCustomizationRequested [as messageCallback] (/home/apop/DEV/sokogateOS/src/services/customizationService.js:66:19)
    at Object.messageCallback (/home/apop/DEV/sokogateOS/tests/services/customizationService.test.js:125:17)
    at processTicksAndRejections (node:internal/process/task_queues:104:5)
2026-06-26 09:36:24.023 [ERROR]: Customization Service: Error handling design approved: Customization.findOne is not a function
TypeError: Customization.findOne is not a function
    at findOne (/home/apop/DEV/sokogateOS/src/services/customizationService.js:327:47)
    at Object.handleDesignApproved [as messageCallback] (/home/apop/DEV/sokogateOS/src/services/customizationService.js:69:19)
    at Object.messageCallback (/home/apop/DEV/sokogateOS/tests/services/customizationService.test.js:168:17)
    at processTicksAndRejections (node:internal/process/task_queues:104:5)
2026-06-26 09:36:24.069 [ERROR]: Customization Service: Error handling specification updated: Customization.findOne is not a function
TypeError: Customization.findOne is not a function
    at findOne (/home/apop/DEV/sokogateOS/src/services/customizationService.js:354:47)
    at Object.handleSpecificationUpdated [as messageCallback] (/home/apop/DEV/sokogateOS/src/services/customizationService.js:72:19)
    at Object.messageCallback (/home/apop/DEV/sokogateOS/tests/services/customizationService.test.js:215:17)
    at processTicksAndRejections (node:internal/process/task_queues:104:5)
2026-06-26 09:36:24.112 [ERROR]: Customization Service: Error handling material selected: Customization.findOne is not a function
TypeError: Customization.findOne is not a function
    at findOne (/home/apop/DEV/sokogateOS/src/services/customizationService.js:376:47)
    at Object.handleMaterialSelected [as messageCallback] (/home/apop/DEV/sokogateOS/src/services/customizationService.js:75:19)
    at Object.messageCallback (/home/apop/DEV/sokogateOS/tests/services/customizationService.test.js:260:17)
    at processTicksAndRejections (node:internal/process/task_queues:104:5)
2026-06-26 09:36:24.161 [ERROR]: Customization Service: Error handling pricing updated: Customization.findOne is not a function
TypeError: Customization.findOne is not a function
    at findOne (/home/apop/DEV/sokogateOS/src/services/customizationService.js:408:47)
    at Object.handlePricingUpdated [as messageCallback] (/home/apop/DEV/sokogateOS/src/services/customizationService.js:78:19)
    at Object.messageCallback (/home/apop/DEV/sokogateOS/tests/services/customizationService.test.js:306:17)
    at processTicksAndRejections (node:internal/process/task_queues:104:5)
2026-06-26 09:36:24.191 [ERROR]: Customization Service: Error handling production ready: Customization.findOne is not a function
TypeError: Customization.findOne is not a function
    at findOne (/home/apop/DEV/sokogateOS/src/services/customizationService.js:442:47)
    at Object.handleProductionReady [as messageCallback] (/home/apop/DEV/sokogateOS/src/services/customizationService.js:81:19)
    at Object.messageCallback (/home/apop/DEV/sokogateOS/tests/services/customizationService.test.js:351:17)
    at processTicksAndRejections (node:internal/process/task_queues:104:5)
2026-06-26 09:36:25.754 [ERROR]: Sourcing Service: Error handling product query received: Sourcing is not a constructor
TypeError: Sourcing is not a constructor
    at handleProductQueryReceived (/home/apop/DEV/sokogateOS/src/services/sourcingService.js:424:29)
    at Object.handleProductQueryReceived [as messageCallback] (/home/apop/DEV/sokogateOS/src/services/sourcingService.js:165:19)
    at Object.messageCallback (/home/apop/DEV/sokogateOS/tests/services/sourcingService.test.js:118:17)
    at processTicksAndRejections (node:internal/process/task_queues:104:5)
2026-06-26 09:36:31.292 [ERROR]: KRW Payment Adapter: Failed to start Kakfa: Kafka unavailable
Error: Kafka unavailable
    at Object.<anonymous> (/home/apop/DEV/sokogateOS/tests/ingestion/adapters/krwPaymentAdapter.test.js:84:55)
    at Promise.then.completed (/home/apop/DEV/sokogateOS/node_modules/jest-circus/build/utils.js:298:28)
    at new Promise (<anonymous>)
    at callAsyncCircusFn (/home/apop/DEV/sokogateOS/node_modules/jest-circus/build/utils.js:231:10)
    at _callCircusTest (/home/apop/DEV/sokogateOS/node_modules/jest-circus/build/run.js:316:40)
    at processTicksAndRejections (node:internal/process/task_queues:104:5)
    at _runTest (/home/apop/DEV/sokogateOS/node_modules/jest-circus/build/run.js:252:3)
    at _runTestsForDescribeBlock (/home/apop/DEV/sokogateOS/node_modules/jest-circus/build/run.js:126:9)
    at _runTestsForDescribeBlock (/home/apop/DEV/sokogateOS/node_modules/jest-circus/build/run.js:121:9)
    at run (/home/apop/DEV/sokogateOS/node_modules/jest-circus/build/run.js:71:3)
    at runAndTransformResultsToJestFormat (/home/apop/DEV/sokogateOS/node_modules/jest-circus/build/legacy-code-todo-rewrite/jestAdapterInit.js:122:21)
    at jestAdapter (/home/apop/DEV/sokogateOS/node_modules/jest-circus/build/legacy-code-todo-rewrite/jestAdapter.js:79:19)
    at runTestInternal (/home/apop/DEV/sokogateOS/node_modules/jest-runner/build/runTest.js:367:16)
    at runTest (/home/apop/DEV/sokogateOS/node_modules/jest-runner/build/runTest.js:444:34)
    at Object.worker (/home/apop/DEV/sokogateOS/node_modules/jest-runner/build/testWorker.js:106:12)
2026-06-26 09:36:31.837 [ERROR]: Supplier Risk Adapter: Failed to start Kakfa: Kafka unavailable
Error: Kafka unavailable
    at Object.<anonymous> (/home/apop/DEV/sokogateOS/tests/ingestion/adapters/supplierRiskAdapter.test.js:75:55)
    at Promise.then.completed (/home/apop/DEV/sokogateOS/node_modules/jest-circus/build/utils.js:298:28)
    at new Promise (<anonymous>)
    at callAsyncCircusFn (/home/apop/DEV/sokogateOS/node_modules/jest-circus/build/utils.js:231:10)
    at _callCircusTest (/home/apop/DEV/sokogateOS/node_modules/jest-circus/build/run.js:316:40)
    at processTicksAndRejections (node:internal/process/task_queues:104:5)
    at _runTest (/home/apop/DEV/sokogateOS/node_modules/jest-circus/build/run.js:252:3)
    at _runTestsForDescribeBlock (/home/apop/DEV/sokogateOS/node_modules/jest-circus/build/run.js:126:9)
    at _runTestsForDescribeBlock (/home/apop/DEV/sokogateOS/node_modules/jest-circus/build/run.js:121:9)
    at run (/home/apop/DEV/sokogateOS/node_modules/jest-circus/build/run.js:71:3)
    at runAndTransformResultsToJestFormat (/home/apop/DEV/sokogateOS/node_modules/jest-circus/build/legacy-code-todo-rewrite/jestAdapterInit.js:122:21)
    at jestAdapter (/home/apop/DEV/sokogateOS/node_modules/jest-circus/build/legacy-code-todo-rewrite/jestAdapter.js:79:19)
    at runTestInternal (/home/apop/DEV/sokogateOS/node_modules/jest-runner/build/runTest.js:367:16)
    at runTest (/home/apop/DEV/sokogateOS/node_modules/jest-runner/build/runTest.js:444:34)
    at Object.worker (/home/apop/DEV/sokogateOS/node_modules/jest-runner/build/testWorker.js:106:12)
2026-06-26 09:37:45.016 [ERROR]: Customization Service: Error handling customization requested: Customization is not a constructor
TypeError: Customization is not a constructor
    at handleCustomizationRequested (/home/apop/DEV/sokogateOS/src/services/customizationService.js:251:27)
    at Object.handleCustomizationRequested [as messageCallback] (/home/apop/DEV/sokogateOS/src/services/customizationService.js:66:19)
    at Object.messageCallback (/home/apop/DEV/sokogateOS/tests/services/customizationService.test.js:125:17)
    at processTicksAndRejections (node:internal/process/task_queues:104:5)
2026-06-26 09:37:45.335 [ERROR]: Customization Service: Error handling design approved: Customization.findOne is not a function
TypeError: Customization.findOne is not a function
    at findOne (/home/apop/DEV/sokogateOS/src/services/customizationService.js:327:47)
    at Object.handleDesignApproved [as messageCallback] (/home/apop/DEV/sokogateOS/src/services/customizationService.js:69:19)
    at Object.messageCallback (/home/apop/DEV/sokogateOS/tests/services/customizationService.test.js:168:17)
    at processTicksAndRejections (node:internal/process/task_queues:104:5)
2026-06-26 09:37:45.387 [ERROR]: Customization Service: Error handling specification updated: Customization.findOne is not a function
TypeError: Customization.findOne is not a function
    at findOne (/home/apop/DEV/sokogateOS/src/services/customizationService.js:354:47)
    at Object.handleSpecificationUpdated [as messageCallback] (/home/apop/DEV/sokogateOS/src/services/customizationService.js:72:19)
    at Object.messageCallback (/home/apop/DEV/sokogateOS/tests/services/customizationService.test.js:215:17)
    at processTicksAndRejections (node:internal/process/task_queues:104:5)
2026-06-26 09:37:45.492 [ERROR]: Customization Service: Error handling material selected: Customization.findOne is not a function
TypeError: Customization.findOne is not a function
    at findOne (/home/apop/DEV/sokogateOS/src/services/customizationService.js:376:47)
    at Object.handleMaterialSelected [as messageCallback] (/home/apop/DEV/sokogateOS/src/services/customizationService.js:75:19)
    at Object.messageCallback (/home/apop/DEV/sokogateOS/tests/services/customizationService.test.js:260:17)
    at processTicksAndRejections (node:internal/process/task_queues:104:5)
2026-06-26 09:37:45.556 [ERROR]: Customization Service: Error handling pricing updated: Customization.findOne is not a function
TypeError: Customization.findOne is not a function
    at findOne (/home/apop/DEV/sokogateOS/src/services/customizationService.js:408:47)
    at Object.handlePricingUpdated [as messageCallback] (/home/apop/DEV/sokogateOS/src/services/customizationService.js:78:19)
    at Object.messageCallback (/home/apop/DEV/sokogateOS/tests/services/customizationService.test.js:306:17)
    at processTicksAndRejections (node:internal/process/task_queues:104:5)
2026-06-26 09:37:45.584 [ERROR]: Customization Service: Error handling production ready: Customization.findOne is not a function
TypeError: Customization.findOne is not a function
    at findOne (/home/apop/DEV/sokogateOS/src/services/customizationService.js:442:47)
    at Object.handleProductionReady [as messageCallback] (/home/apop/DEV/sokogateOS/src/services/customizationService.js:81:19)
    at Object.messageCallback (/home/apop/DEV/sokogateOS/tests/services/customizationService.test.js:351:17)
    at processTicksAndRejections (node:internal/process/task_queues:104:5)
2026-06-26 09:37:47.500 [ERROR]: Sourcing Service: Error handling product query received: Sourcing is not a constructor
TypeError: Sourcing is not a constructor
    at handleProductQueryReceived (/home/apop/DEV/sokogateOS/src/services/sourcingService.js:424:29)
    at Object.handleProductQueryReceived [as messageCallback] (/home/apop/DEV/sokogateOS/src/services/sourcingService.js:165:19)
    at Object.messageCallback (/home/apop/DEV/sokogateOS/tests/services/sourcingService.test.js:118:17)
    at processTicksAndRejections (node:internal/process/task_queues:104:5)
2026-06-26 09:37:48.218 [ERROR]: Supplier Risk Adapter: Failed to start Kakfa: Kafka unavailable
Error: Kafka unavailable
    at Object.<anonymous> (/home/apop/DEV/sokogateOS/tests/ingestion/adapters/supplierRiskAdapter.test.js:75:55)
    at Promise.then.completed (/home/apop/DEV/sokogateOS/node_modules/jest-circus/build/utils.js:298:28)
    at new Promise (<anonymous>)
    at callAsyncCircusFn (/home/apop/DEV/sokogateOS/node_modules/jest-circus/build/utils.js:231:10)
    at _callCircusTest (/home/apop/DEV/sokogateOS/node_modules/jest-circus/build/run.js:316:40)
    at processTicksAndRejections (node:internal/process/task_queues:104:5)
    at _runTest (/home/apop/DEV/sokogateOS/node_modules/jest-circus/build/run.js:252:3)
    at _runTestsForDescribeBlock (/home/apop/DEV/sokogateOS/node_modules/jest-circus/build/run.js:126:9)
    at _runTestsForDescribeBlock (/home/apop/DEV/sokogateOS/node_modules/jest-circus/build/run.js:121:9)
    at run (/home/apop/DEV/sokogateOS/node_modules/jest-circus/build/run.js:71:3)
    at runAndTransformResultsToJestFormat (/home/apop/DEV/sokogateOS/node_modules/jest-circus/build/legacy-code-todo-rewrite/jestAdapterInit.js:122:21)
    at jestAdapter (/home/apop/DEV/sokogateOS/node_modules/jest-circus/build/legacy-code-todo-rewrite/jestAdapter.js:79:19)
    at runTestInternal (/home/apop/DEV/sokogateOS/node_modules/jest-runner/build/runTest.js:367:16)
    at runTest (/home/apop/DEV/sokogateOS/node_modules/jest-runner/build/runTest.js:444:34)
    at Object.worker (/home/apop/DEV/sokogateOS/node_modules/jest-runner/build/testWorker.js:106:12)
2026-06-26 09:37:49.241 [ERROR]: KRW Payment Adapter: Failed to start Kakfa: Kafka unavailable
Error: Kafka unavailable
    at Object.<anonymous> (/home/apop/DEV/sokogateOS/tests/ingestion/adapters/krwPaymentAdapter.test.js:84:55)
    at Promise.then.completed (/home/apop/DEV/sokogateOS/node_modules/jest-circus/build/utils.js:298:28)
    at new Promise (<anonymous>)
    at callAsyncCircusFn (/home/apop/DEV/sokogateOS/node_modules/jest-circus/build/utils.js:231:10)
    at _callCircusTest (/home/apop/DEV/sokogateOS/node_modules/jest-circus/build/run.js:316:40)
    at processTicksAndRejections (node:internal/process/task_queues:104:5)
    at _runTest (/home/apop/DEV/sokogateOS/node_modules/jest-circus/build/run.js:252:3)
    at _runTestsForDescribeBlock (/home/apop/DEV/sokogateOS/node_modules/jest-circus/build/run.js:126:9)
    at _runTestsForDescribeBlock (/home/apop/DEV/sokogateOS/node_modules/jest-circus/build/run.js:121:9)
    at run (/home/apop/DEV/sokogateOS/node_modules/jest-circus/build/run.js:71:3)
    at runAndTransformResultsToJestFormat (/home/apop/DEV/sokogateOS/node_modules/jest-circus/build/legacy-code-todo-rewrite/jestAdapterInit.js:122:21)
    at jestAdapter (/home/apop/DEV/sokogateOS/node_modules/jest-circus/build/legacy-code-todo-rewrite/jestAdapter.js:79:19)
    at runTestInternal (/home/apop/DEV/sokogateOS/node_modules/jest-runner/build/runTest.js:367:16)
    at runTest (/home/apop/DEV/sokogateOS/node_modules/jest-runner/build/runTest.js:444:34)
    at Object.worker (/home/apop/DEV/sokogateOS/node_modules/jest-runner/build/testWorker.js:106:12)
2026-06-26 09:40:44.334 [ERROR]: KRW Payment Adapter: Failed to start Kakfa: Kafka unavailable
Error: Kafka unavailable
    at Object.<anonymous> (/home/apop/DEV/sokogateOS/tests/ingestion/adapters/krwPaymentAdapter.test.js:84:55)
    at Promise.then.completed (/home/apop/DEV/sokogateOS/node_modules/jest-circus/build/utils.js:298:28)
    at new Promise (<anonymous>)
    at callAsyncCircusFn (/home/apop/DEV/sokogateOS/node_modules/jest-circus/build/utils.js:231:10)
    at _callCircusTest (/home/apop/DEV/sokogateOS/node_modules/jest-circus/build/run.js:316:40)
    at processTicksAndRejections (node:internal/process/task_queues:104:5)
    at _runTest (/home/apop/DEV/sokogateOS/node_modules/jest-circus/build/run.js:252:3)
    at _runTestsForDescribeBlock (/home/apop/DEV/sokogateOS/node_modules/jest-circus/build/run.js:126:9)
    at _runTestsForDescribeBlock (/home/apop/DEV/sokogateOS/node_modules/jest-circus/build/run.js:121:9)
    at run (/home/apop/DEV/sokogateOS/node_modules/jest-circus/build/run.js:71:3)
    at runAndTransformResultsToJestFormat (/home/apop/DEV/sokogateOS/node_modules/jest-circus/build/legacy-code-todo-rewrite/jestAdapterInit.js:122:21)
    at jestAdapter (/home/apop/DEV/sokogateOS/node_modules/jest-circus/build/legacy-code-todo-rewrite/jestAdapter.js:79:19)
    at runTestInternal (/home/apop/DEV/sokogateOS/node_modules/jest-runner/build/runTest.js:367:16)
    at runTest (/home/apop/DEV/sokogateOS/node_modules/jest-runner/build/runTest.js:444:34)
    at Object.worker (/home/apop/DEV/sokogateOS/node_modules/jest-runner/build/testWorker.js:106:12)
2026-06-26 09:40:44.392 [ERROR]: Sourcing Service: Error handling product query received: Sourcing is not a constructor
TypeError: Sourcing is not a constructor
    at handleProductQueryReceived (/home/apop/DEV/sokogateOS/src/services/sourcingService.js:424:29)
    at Object.handleProductQueryReceived [as messageCallback] (/home/apop/DEV/sokogateOS/src/services/sourcingService.js:165:19)
    at Object.messageCallback (/home/apop/DEV/sokogateOS/tests/services/sourcingService.test.js:118:17)
    at processTicksAndRejections (node:internal/process/task_queues:104:5)
2026-06-26 09:40:44.679 [ERROR]: Customization Service: Error handling customization requested: Customization is not a constructor
TypeError: Customization is not a constructor
    at handleCustomizationRequested (/home/apop/DEV/sokogateOS/src/services/customizationService.js:251:27)
    at Object.handleCustomizationRequested [as messageCallback] (/home/apop/DEV/sokogateOS/src/services/customizationService.js:66:19)
    at Object.messageCallback (/home/apop/DEV/sokogateOS/tests/services/customizationService.test.js:125:17)
    at processTicksAndRejections (node:internal/process/task_queues:104:5)
2026-06-26 09:40:44.947 [ERROR]: Customization Service: Error handling design approved: Customization.findOne is not a function
TypeError: Customization.findOne is not a function
    at findOne (/home/apop/DEV/sokogateOS/src/services/customizationService.js:327:47)
    at Object.handleDesignApproved [as messageCallback] (/home/apop/DEV/sokogateOS/src/services/customizationService.js:69:19)
    at Object.messageCallback (/home/apop/DEV/sokogateOS/tests/services/customizationService.test.js:168:17)
    at processTicksAndRejections (node:internal/process/task_queues:104:5)
2026-06-26 09:40:45.020 [ERROR]: Customization Service: Error handling specification updated: Customization.findOne is not a function
TypeError: Customization.findOne is not a function
    at findOne (/home/apop/DEV/sokogateOS/src/services/customizationService.js:354:47)
    at Object.handleSpecificationUpdated [as messageCallback] (/home/apop/DEV/sokogateOS/src/services/customizationService.js:72:19)
    at Object.messageCallback (/home/apop/DEV/sokogateOS/tests/services/customizationService.test.js:215:17)
    at processTicksAndRejections (node:internal/process/task_queues:104:5)
2026-06-26 09:40:45.155 [ERROR]: Customization Service: Error handling material selected: Customization.findOne is not a function
TypeError: Customization.findOne is not a function
    at findOne (/home/apop/DEV/sokogateOS/src/services/customizationService.js:376:47)
    at Object.handleMaterialSelected [as messageCallback] (/home/apop/DEV/sokogateOS/src/services/customizationService.js:75:19)
    at Object.messageCallback (/home/apop/DEV/sokogateOS/tests/services/customizationService.test.js:260:17)
    at processTicksAndRejections (node:internal/process/task_queues:104:5)
2026-06-26 09:40:45.209 [ERROR]: Customization Service: Error handling pricing updated: Customization.findOne is not a function
TypeError: Customization.findOne is not a function
    at findOne (/home/apop/DEV/sokogateOS/src/services/customizationService.js:408:47)
    at Object.handlePricingUpdated [as messageCallback] (/home/apop/DEV/sokogateOS/src/services/customizationService.js:78:19)
    at Object.messageCallback (/home/apop/DEV/sokogateOS/tests/services/customizationService.test.js:306:17)
    at processTicksAndRejections (node:internal/process/task_queues:104:5)
2026-06-26 09:40:45.264 [ERROR]: Customization Service: Error handling production ready: Customization.findOne is not a function
TypeError: Customization.findOne is not a function
    at findOne (/home/apop/DEV/sokogateOS/src/services/customizationService.js:442:47)
    at Object.handleProductionReady [as messageCallback] (/home/apop/DEV/sokogateOS/src/services/customizationService.js:81:19)
    at Object.messageCallback (/home/apop/DEV/sokogateOS/tests/services/customizationService.test.js:351:17)
    at processTicksAndRejections (node:internal/process/task_queues:104:5)
2026-06-26 09:40:46.648 [ERROR]: Supplier Risk Adapter: Failed to start Kakfa: Kafka unavailable
Error: Kafka unavailable
    at Object.<anonymous> (/home/apop/DEV/sokogateOS/tests/ingestion/adapters/supplierRiskAdapter.test.js:75:55)
    at Promise.then.completed (/home/apop/DEV/sokogateOS/node_modules/jest-circus/build/utils.js:298:28)
    at new Promise (<anonymous>)
    at callAsyncCircusFn (/home/apop/DEV/sokogateOS/node_modules/jest-circus/build/utils.js:231:10)
    at _callCircusTest (/home/apop/DEV/sokogateOS/node_modules/jest-circus/build/run.js:316:40)
    at processTicksAndRejections (node:internal/process/task_queues:104:5)
    at _runTest (/home/apop/DEV/sokogateOS/node_modules/jest-circus/build/run.js:252:3)
    at _runTestsForDescribeBlock (/home/apop/DEV/sokogateOS/node_modules/jest-circus/build/run.js:126:9)
    at _runTestsForDescribeBlock (/home/apop/DEV/sokogateOS/node_modules/jest-circus/build/run.js:121:9)
    at run (/home/apop/DEV/sokogateOS/node_modules/jest-circus/build/run.js:71:3)
    at runAndTransformResultsToJestFormat (/home/apop/DEV/sokogateOS/node_modules/jest-circus/build/legacy-code-todo-rewrite/jestAdapterInit.js:122:21)
    at jestAdapter (/home/apop/DEV/sokogateOS/node_modules/jest-circus/build/legacy-code-todo-rewrite/jestAdapter.js:79:19)
    at runTestInternal (/home/apop/DEV/sokogateOS/node_modules/jest-runner/build/runTest.js:367:16)
    at runTest (/home/apop/DEV/sokogateOS/node_modules/jest-runner/build/runTest.js:444:34)
    at Object.worker (/home/apop/DEV/sokogateOS/node_modules/jest-runner/build/testWorker.js:106:12)
2026-06-26 09:55:20.107 [ERROR]: Sourcing Service: Error handling product query received: Sourcing is not a constructor
TypeError: Sourcing is not a constructor
    at handleProductQueryReceived (/home/apop/DEV/sokogateOS/src/services/sourcingService.js:424:29)
    at Object.handleProductQueryReceived [as messageCallback] (/home/apop/DEV/sokogateOS/src/services/sourcingService.js:165:19)
    at Object.messageCallback (/home/apop/DEV/sokogateOS/tests/services/sourcingService.test.js:118:17)
    at processTicksAndRejections (node:internal/process/task_queues:104:5)
2026-06-26 09:55:21.878 [ERROR]: Customization Service: Error handling customization requested: Customization is not a constructor
TypeError: Customization is not a constructor
    at handleCustomizationRequested (/home/apop/DEV/sokogateOS/src/services/customizationService.js:251:27)
    at Object.handleCustomizationRequested [as messageCallback] (/home/apop/DEV/sokogateOS/src/services/customizationService.js:66:19)
    at Object.messageCallback (/home/apop/DEV/sokogateOS/tests/services/customizationService.test.js:125:17)
    at processTicksAndRejections (node:internal/process/task_queues:104:5)
2026-06-26 09:55:22.020 [ERROR]: Customization Service: Error handling design approved: Customization.findOne is not a function
TypeError: Customization.findOne is not a function
    at findOne (/home/apop/DEV/sokogateOS/src/services/customizationService.js:327:47)
    at Object.handleDesignApproved [as messageCallback] (/home/apop/DEV/sokogateOS/src/services/customizationService.js:69:19)
    at Object.messageCallback (/home/apop/DEV/sokogateOS/tests/services/customizationService.test.js:168:17)
    at processTicksAndRejections (node:internal/process/task_queues:104:5)
2026-06-26 09:55:22.087 [ERROR]: Customization Service: Error handling specification updated: Customization.findOne is not a function
TypeError: Customization.findOne is not a function
    at findOne (/home/apop/DEV/sokogateOS/src/services/customizationService.js:354:47)
    at Object.handleSpecificationUpdated [as messageCallback] (/home/apop/DEV/sokogateOS/src/services/customizationService.js:72:19)
    at Object.messageCallback (/home/apop/DEV/sokogateOS/tests/services/customizationService.test.js:215:17)
    at processTicksAndRejections (node:internal/process/task_queues:104:5)
2026-06-26 09:55:22.144 [ERROR]: Customization Service: Error handling material selected: Customization.findOne is not a function
TypeError: Customization.findOne is not a function
    at findOne (/home/apop/DEV/sokogateOS/src/services/customizationService.js:376:47)
    at Object.handleMaterialSelected [as messageCallback] (/home/apop/DEV/sokogateOS/src/services/customizationService.js:75:19)
    at Object.messageCallback (/home/apop/DEV/sokogateOS/tests/services/customizationService.test.js:260:17)
    at processTicksAndRejections (node:internal/process/task_queues:104:5)
2026-06-26 09:55:22.189 [ERROR]: Customization Service: Error handling pricing updated: Customization.findOne is not a function
TypeError: Customization.findOne is not a function
    at findOne (/home/apop/DEV/sokogateOS/src/services/customizationService.js:408:47)
    at Object.handlePricingUpdated [as messageCallback] (/home/apop/DEV/sokogateOS/src/services/customizationService.js:78:19)
    at Object.messageCallback (/home/apop/DEV/sokogateOS/tests/services/customizationService.test.js:306:17)
    at processTicksAndRejections (node:internal/process/task_queues:104:5)
2026-06-26 09:55:22.223 [ERROR]: Customization Service: Error handling production ready: Customization.findOne is not a function
TypeError: Customization.findOne is not a function
    at findOne (/home/apop/DEV/sokogateOS/src/services/customizationService.js:442:47)
    at Object.handleProductionReady [as messageCallback] (/home/apop/DEV/sokogateOS/src/services/customizationService.js:81:19)
    at Object.messageCallback (/home/apop/DEV/sokogateOS/tests/services/customizationService.test.js:351:17)
    at processTicksAndRejections (node:internal/process/task_queues:104:5)
2026-06-26 09:55:23.897 [ERROR]: KRW Payment Adapter: Failed to start Kakfa: Kafka unavailable
Error: Kafka unavailable
    at Object.<anonymous> (/home/apop/DEV/sokogateOS/tests/ingestion/adapters/krwPaymentAdapter.test.js:84:55)
    at Promise.then.completed (/home/apop/DEV/sokogateOS/node_modules/jest-circus/build/utils.js:298:28)
    at new Promise (<anonymous>)
    at callAsyncCircusFn (/home/apop/DEV/sokogateOS/node_modules/jest-circus/build/utils.js:231:10)
    at _callCircusTest (/home/apop/DEV/sokogateOS/node_modules/jest-circus/build/run.js:316:40)
    at processTicksAndRejections (node:internal/process/task_queues:104:5)
    at _runTest (/home/apop/DEV/sokogateOS/node_modules/jest-circus/build/run.js:252:3)
    at _runTestsForDescribeBlock (/home/apop/DEV/sokogateOS/node_modules/jest-circus/build/run.js:126:9)
    at _runTestsForDescribeBlock (/home/apop/DEV/sokogateOS/node_modules/jest-circus/build/run.js:121:9)
    at run (/home/apop/DEV/sokogateOS/node_modules/jest-circus/build/run.js:71:3)
    at runAndTransformResultsToJestFormat (/home/apop/DEV/sokogateOS/node_modules/jest-circus/build/legacy-code-todo-rewrite/jestAdapterInit.js:122:21)
    at jestAdapter (/home/apop/DEV/sokogateOS/node_modules/jest-circus/build/legacy-code-todo-rewrite/jestAdapter.js:79:19)
    at runTestInternal (/home/apop/DEV/sokogateOS/node_modules/jest-runner/build/runTest.js:367:16)
    at runTest (/home/apop/DEV/sokogateOS/node_modules/jest-runner/build/runTest.js:444:34)
    at Object.worker (/home/apop/DEV/sokogateOS/node_modules/jest-runner/build/testWorker.js:106:12)
2026-06-26 09:55:24.722 [ERROR]: Supplier Risk Adapter: Failed to start Kakfa: Kafka unavailable
Error: Kafka unavailable
    at Object.<anonymous> (/home/apop/DEV/sokogateOS/tests/ingestion/adapters/supplierRiskAdapter.test.js:75:55)
    at Promise.then.completed (/home/apop/DEV/sokogateOS/node_modules/jest-circus/build/utils.js:298:28)
    at new Promise (<anonymous>)
    at callAsyncCircusFn (/home/apop/DEV/sokogateOS/node_modules/jest-circus/build/utils.js:231:10)
    at _callCircusTest (/home/apop/DEV/sokogateOS/node_modules/jest-circus/build/run.js:316:40)
    at processTicksAndRejections (node:internal/process/task_queues:104:5)
    at _runTest (/home/apop/DEV/sokogateOS/node_modules/jest-circus/build/run.js:252:3)
    at _runTestsForDescribeBlock (/home/apop/DEV/sokogateOS/node_modules/jest-circus/build/run.js:126:9)
    at _runTestsForDescribeBlock (/home/apop/DEV/sokogateOS/node_modules/jest-circus/build/run.js:121:9)
    at run (/home/apop/DEV/sokogateOS/node_modules/jest-circus/build/run.js:71:3)
    at runAndTransformResultsToJestFormat (/home/apop/DEV/sokogateOS/node_modules/jest-circus/build/legacy-code-todo-rewrite/jestAdapterInit.js:122:21)
    at jestAdapter (/home/apop/DEV/sokogateOS/node_modules/jest-circus/build/legacy-code-todo-rewrite/jestAdapter.js:79:19)
    at runTestInternal (/home/apop/DEV/sokogateOS/node_modules/jest-runner/build/runTest.js:367:16)
    at runTest (/home/apop/DEV/sokogateOS/node_modules/jest-runner/build/runTest.js:444:34)
    at Object.worker (/home/apop/DEV/sokogateOS/node_modules/jest-runner/build/testWorker.js:106:12)
2026-06-26 13:51:37.820 [ERROR]: Sourcing Service: Error handling product query received: Sourcing is not a constructor
TypeError: Sourcing is not a constructor
    at handleProductQueryReceived (/home/apop/DEV/sokogateOS/src/services/sourcingService.js:424:29)
    at Object.handleProductQueryReceived [as messageCallback] (/home/apop/DEV/sokogateOS/src/services/sourcingService.js:165:19)
    at Object.messageCallback (/home/apop/DEV/sokogateOS/tests/services/sourcingService.test.js:118:17)
    at processTicksAndRejections (node:internal/process/task_queues:104:5)
2026-06-26 13:51:38.904 [ERROR]: Customization Service: Error handling customization requested: Customization is not a constructor
TypeError: Customization is not a constructor
    at handleCustomizationRequested (/home/apop/DEV/sokogateOS/src/services/customizationService.js:251:27)
    at Object.handleCustomizationRequested [as messageCallback] (/home/apop/DEV/sokogateOS/src/services/customizationService.js:66:19)
    at Object.messageCallback (/home/apop/DEV/sokogateOS/tests/services/customizationService.test.js:125:17)
    at processTicksAndRejections (node:internal/process/task_queues:104:5)
2026-06-26 13:51:39.157 [ERROR]: Customization Service: Error handling design approved: Customization.findOne is not a function
TypeError: Customization.findOne is not a function
    at findOne (/home/apop/DEV/sokogateOS/src/services/customizationService.js:327:47)
    at Object.handleDesignApproved [as messageCallback] (/home/apop/DEV/sokogateOS/src/services/customizationService.js:69:19)
    at Object.messageCallback (/home/apop/DEV/sokogateOS/tests/services/customizationService.test.js:168:17)
    at processTicksAndRejections (node:internal/process/task_queues:104:5)
2026-06-26 13:51:39.199 [ERROR]: Customization Service: Error handling specification updated: Customization.findOne is not a function
TypeError: Customization.findOne is not a function
    at findOne (/home/apop/DEV/sokogateOS/src/services/customizationService.js:354:47)
    at Object.handleSpecificationUpdated [as messageCallback] (/home/apop/DEV/sokogateOS/src/services/customizationService.js:72:19)
    at Object.messageCallback (/home/apop/DEV/sokogateOS/tests/services/customizationService.test.js:215:17)
    at processTicksAndRejections (node:internal/process/task_queues:104:5)
2026-06-26 13:51:39.280 [ERROR]: Customization Service: Error handling material selected: Customization.findOne is not a function
TypeError: Customization.findOne is not a function
    at findOne (/home/apop/DEV/sokogateOS/src/services/customizationService.js:376:47)
    at Object.handleMaterialSelected [as messageCallback] (/home/apop/DEV/sokogateOS/src/services/customizationService.js:75:19)
    at Object.messageCallback (/home/apop/DEV/sokogateOS/tests/services/customizationService.test.js:260:17)
    at processTicksAndRejections (node:internal/process/task_queues:104:5)
2026-06-26 13:51:39.359 [ERROR]: Customization Service: Error handling pricing updated: Customization.findOne is not a function
TypeError: Customization.findOne is not a function
    at findOne (/home/apop/DEV/sokogateOS/src/services/customizationService.js:408:47)
    at Object.handlePricingUpdated [as messageCallback] (/home/apop/DEV/sokogateOS/src/services/customizationService.js:78:19)
    at Object.messageCallback (/home/apop/DEV/sokogateOS/tests/services/customizationService.test.js:306:17)
    at processTicksAndRejections (node:internal/process/task_queues:104:5)
2026-06-26 13:51:39.407 [ERROR]: Customization Service: Error handling production ready: Customization.findOne is not a function
TypeError: Customization.findOne is not a function
    at findOne (/home/apop/DEV/sokogateOS/src/services/customizationService.js:442:47)
    at Object.handleProductionReady [as messageCallback] (/home/apop/DEV/sokogateOS/src/services/customizationService.js:81:19)
    at Object.messageCallback (/home/apop/DEV/sokogateOS/tests/services/customizationService.test.js:351:17)
    at processTicksAndRejections (node:internal/process/task_queues:104:5)
2026-06-26 13:51:40.390 [ERROR]: Supplier Risk Adapter: Failed to start Kakfa: Kafka unavailable
Error: Kafka unavailable
    at Object.<anonymous> (/home/apop/DEV/sokogateOS/tests/ingestion/adapters/supplierRiskAdapter.test.js:75:55)
    at Promise.then.completed (/home/apop/DEV/sokogateOS/node_modules/jest-circus/build/utils.js:298:28)
    at new Promise (<anonymous>)
    at callAsyncCircusFn (/home/apop/DEV/sokogateOS/node_modules/jest-circus/build/utils.js:231:10)
    at _callCircusTest (/home/apop/DEV/sokogateOS/node_modules/jest-circus/build/run.js:316:40)
    at processTicksAndRejections (node:internal/process/task_queues:104:5)
    at _runTest (/home/apop/DEV/sokogateOS/node_modules/jest-circus/build/run.js:252:3)
    at _runTestsForDescribeBlock (/home/apop/DEV/sokogateOS/node_modules/jest-circus/build/run.js:126:9)
    at _runTestsForDescribeBlock (/home/apop/DEV/sokogateOS/node_modules/jest-circus/build/run.js:121:9)
    at run (/home/apop/DEV/sokogateOS/node_modules/jest-circus/build/run.js:71:3)
    at runAndTransformResultsToJestFormat (/home/apop/DEV/sokogateOS/node_modules/jest-circus/build/legacy-code-todo-rewrite/jestAdapterInit.js:122:21)
    at jestAdapter (/home/apop/DEV/sokogateOS/node_modules/jest-circus/build/legacy-code-todo-rewrite/jestAdapter.js:79:19)
    at runTestInternal (/home/apop/DEV/sokogateOS/node_modules/jest-runner/build/runTest.js:367:16)
    at runTest (/home/apop/DEV/sokogateOS/node_modules/jest-runner/build/runTest.js:444:34)
    at Object.worker (/home/apop/DEV/sokogateOS/node_modules/jest-runner/build/testWorker.js:106:12)
2026-06-26 13:51:41.772 [ERROR]: KRW Payment Adapter: Failed to start Kakfa: Kafka unavailable
Error: Kafka unavailable
    at Object.<anonymous> (/home/apop/DEV/sokogateOS/tests/ingestion/adapters/krwPaymentAdapter.test.js:84:55)
    at Promise.then.completed (/home/apop/DEV/sokogateOS/node_modules/jest-circus/build/utils.js:298:28)
    at new Promise (<anonymous>)
    at callAsyncCircusFn (/home/apop/DEV/sokogateOS/node_modules/jest-circus/build/utils.js:231:10)
    at _callCircusTest (/home/apop/DEV/sokogateOS/node_modules/jest-circus/build/run.js:316:40)
    at processTicksAndRejections (node:internal/process/task_queues:104:5)
    at _runTest (/home/apop/DEV/sokogateOS/node_modules/jest-circus/build/run.js:252:3)
    at _runTestsForDescribeBlock (/home/apop/DEV/sokogateOS/node_modules/jest-circus/build/run.js:126:9)
    at _runTestsForDescribeBlock (/home/apop/DEV/sokogateOS/node_modules/jest-circus/build/run.js:121:9)
    at run (/home/apop/DEV/sokogateOS/node_modules/jest-circus/build/run.js:71:3)
    at runAndTransformResultsToJestFormat (/home/apop/DEV/sokogateOS/node_modules/jest-circus/build/legacy-code-todo-rewrite/jestAdapterInit.js:122:21)
    at jestAdapter (/home/apop/DEV/sokogateOS/node_modules/jest-circus/build/legacy-code-todo-rewrite/jestAdapter.js:79:19)
    at runTestInternal (/home/apop/DEV/sokogateOS/node_modules/jest-runner/build/runTest.js:367:16)
    at runTest (/home/apop/DEV/sokogateOS/node_modules/jest-runner/build/runTest.js:444:34)
    at Object.worker (/home/apop/DEV/sokogateOS/node_modules/jest-runner/build/testWorker.js:106:12)
2026-06-26 14:19:13.850 [ERROR]: Sourcing Service: Error handling product query received: Sourcing is not a constructor
TypeError: Sourcing is not a constructor
    at handleProductQueryReceived (/home/apop/DEV/sokogateOS/src/services/sourcingService.js:424:29)
    at Object.handleProductQueryReceived [as messageCallback] (/home/apop/DEV/sokogateOS/src/services/sourcingService.js:165:19)
    at Object.messageCallback (/home/apop/DEV/sokogateOS/tests/services/sourcingService.test.js:118:17)
    at processTicksAndRejections (node:internal/process/task_queues:104:5)
2026-06-26 14:19:15.994 [ERROR]: Supplier Risk Adapter: Failed to start Kakfa: Kafka unavailable
Error: Kafka unavailable
    at Object.<anonymous> (/home/apop/DEV/sokogateOS/tests/ingestion/adapters/supplierRiskAdapter.test.js:75:55)
    at Promise.then.completed (/home/apop/DEV/sokogateOS/node_modules/jest-circus/build/utils.js:298:28)
    at new Promise (<anonymous>)
    at callAsyncCircusFn (/home/apop/DEV/sokogateOS/node_modules/jest-circus/build/utils.js:231:10)
    at _callCircusTest (/home/apop/DEV/sokogateOS/node_modules/jest-circus/build/run.js:316:40)
    at processTicksAndRejections (node:internal/process/task_queues:104:5)
    at _runTest (/home/apop/DEV/sokogateOS/node_modules/jest-circus/build/run.js:252:3)
    at _runTestsForDescribeBlock (/home/apop/DEV/sokogateOS/node_modules/jest-circus/build/run.js:126:9)
    at _runTestsForDescribeBlock (/home/apop/DEV/sokogateOS/node_modules/jest-circus/build/run.js:121:9)
    at run (/home/apop/DEV/sokogateOS/node_modules/jest-circus/build/run.js:71:3)
    at runAndTransformResultsToJestFormat (/home/apop/DEV/sokogateOS/node_modules/jest-circus/build/legacy-code-todo-rewrite/jestAdapterInit.js:122:21)
    at jestAdapter (/home/apop/DEV/sokogateOS/node_modules/jest-circus/build/legacy-code-todo-rewrite/jestAdapter.js:79:19)
    at runTestInternal (/home/apop/DEV/sokogateOS/node_modules/jest-runner/build/runTest.js:367:16)
    at runTest (/home/apop/DEV/sokogateOS/node_modules/jest-runner/build/runTest.js:444:34)
    at Object.worker (/home/apop/DEV/sokogateOS/node_modules/jest-runner/build/testWorker.js:106:12)
2026-06-26 14:19:16.292 [ERROR]: KRW Payment Adapter: Failed to start Kakfa: Kafka unavailable
Error: Kafka unavailable
    at Object.<anonymous> (/home/apop/DEV/sokogateOS/tests/ingestion/adapters/krwPaymentAdapter.test.js:84:55)
    at Promise.then.completed (/home/apop/DEV/sokogateOS/node_modules/jest-circus/build/utils.js:298:28)
    at new Promise (<anonymous>)
    at callAsyncCircusFn (/home/apop/DEV/sokogateOS/node_modules/jest-circus/build/utils.js:231:10)
    at _callCircusTest (/home/apop/DEV/sokogateOS/node_modules/jest-circus/build/run.js:316:40)
    at processTicksAndRejections (node:internal/process/task_queues:104:5)
    at _runTest (/home/apop/DEV/sokogateOS/node_modules/jest-circus/build/run.js:252:3)
    at _runTestsForDescribeBlock (/home/apop/DEV/sokogateOS/node_modules/jest-circus/build/run.js:126:9)
    at _runTestsForDescribeBlock (/home/apop/DEV/sokogateOS/node_modules/jest-circus/build/run.js:121:9)
    at run (/home/apop/DEV/sokogateOS/node_modules/jest-circus/build/run.js:71:3)
    at runAndTransformResultsToJestFormat (/home/apop/DEV/sokogateOS/node_modules/jest-circus/build/legacy-code-todo-rewrite/jestAdapterInit.js:122:21)
    at jestAdapter (/home/apop/DEV/sokogateOS/node_modules/jest-circus/build/legacy-code-todo-rewrite/jestAdapter.js:79:19)
    at runTestInternal (/home/apop/DEV/sokogateOS/node_modules/jest-runner/build/runTest.js:367:16)
    at runTest (/home/apop/DEV/sokogateOS/node_modules/jest-runner/build/runTest.js:444:34)
    at Object.worker (/home/apop/DEV/sokogateOS/node_modules/jest-runner/build/testWorker.js:106:12)
2026-06-26 14:19:15.368 [ERROR]: Customization Service: Error handling customization requested: Customization is not a constructor
TypeError: Customization is not a constructor
    at handleCustomizationRequested (/home/apop/DEV/sokogateOS/src/services/customizationService.js:251:27)
    at Object.handleCustomizationRequested [as messageCallback] (/home/apop/DEV/sokogateOS/src/services/customizationService.js:66:19)
    at Object.messageCallback (/home/apop/DEV/sokogateOS/tests/services/customizationService.test.js:125:17)
    at processTicksAndRejections (node:internal/process/task_queues:104:5)
2026-06-26 14:19:15.650 [ERROR]: Customization Service: Error handling design approved: Customization.findOne is not a function
TypeError: Customization.findOne is not a function
    at findOne (/home/apop/DEV/sokogateOS/src/services/customizationService.js:327:47)
    at Object.handleDesignApproved [as messageCallback] (/home/apop/DEV/sokogateOS/src/services/customizationService.js:69:19)
    at Object.messageCallback (/home/apop/DEV/sokogateOS/tests/services/customizationService.test.js:168:17)
    at processTicksAndRejections (node:internal/process/task_queues:104:5)
2026-06-26 14:19:15.763 [ERROR]: Customization Service: Error handling specification updated: Customization.findOne is not a function
TypeError: Customization.findOne is not a function
    at findOne (/home/apop/DEV/sokogateOS/src/services/customizationService.js:354:47)
    at Object.handleSpecificationUpdated [as messageCallback] (/home/apop/DEV/sokogateOS/src/services/customizationService.js:72:19)
    at Object.messageCallback (/home/apop/DEV/sokogateOS/tests/services/customizationService.test.js:215:17)
    at processTicksAndRejections (node:internal/process/task_queues:104:5)
2026-06-26 14:19:16.026 [ERROR]: Customization Service: Error handling material selected: Customization.findOne is not a function
TypeError: Customization.findOne is not a function
    at findOne (/home/apop/DEV/sokogateOS/src/services/customizationService.js:376:47)
    at Object.handleMaterialSelected [as messageCallback] (/home/apop/DEV/sokogateOS/src/services/customizationService.js:75:19)
    at Object.messageCallback (/home/apop/DEV/sokogateOS/tests/services/customizationService.test.js:260:17)
    at processTicksAndRejections (node:internal/process/task_queues:104:5)
2026-06-26 14:19:16.383 [ERROR]: Customization Service: Error handling pricing updated: Customization.findOne is not a function
TypeError: Customization.findOne is not a function
    at findOne (/home/apop/DEV/sokogateOS/src/services/customizationService.js:408:47)
    at Object.handlePricingUpdated [as messageCallback] (/home/apop/DEV/sokogateOS/src/services/customizationService.js:78:19)
    at Object.messageCallback (/home/apop/DEV/sokogateOS/tests/services/customizationService.test.js:306:17)
    at processTicksAndRejections (node:internal/process/task_queues:104:5)
2026-06-26 14:19:16.412 [ERROR]: Customization Service: Error handling production ready: Customization.findOne is not a function
TypeError: Customization.findOne is not a function
    at findOne (/home/apop/DEV/sokogateOS/src/services/customizationService.js:442:47)
    at Object.handleProductionReady [as messageCallback] (/home/apop/DEV/sokogateOS/src/services/customizationService.js:81:19)
    at Object.messageCallback (/home/apop/DEV/sokogateOS/tests/services/customizationService.test.js:351:17)
    at processTicksAndRejections (node:internal/process/task_queues:104:5)
2026-06-26 14:21:34.891 [ERROR]: Customization Service: Error handling customization requested: Customization is not a constructor
TypeError: Customization is not a constructor
    at handleCustomizationRequested (/home/apop/DEV/sokogateOS/src/services/customizationService.js:251:27)
    at Object.handleCustomizationRequested [as messageCallback] (/home/apop/DEV/sokogateOS/src/services/customizationService.js:66:19)
    at Object.messageCallback (/home/apop/DEV/sokogateOS/tests/services/customizationService.test.js:125:17)
    at processTicksAndRejections (node:internal/process/task_queues:104:5)
2026-06-26 14:21:35.151 [ERROR]: Customization Service: Error handling design approved: Customization.findOne is not a function
TypeError: Customization.findOne is not a function
    at findOne (/home/apop/DEV/sokogateOS/src/services/customizationService.js:327:47)
    at Object.handleDesignApproved [as messageCallback] (/home/apop/DEV/sokogateOS/src/services/customizationService.js:69:19)
    at Object.messageCallback (/home/apop/DEV/sokogateOS/tests/services/customizationService.test.js:168:17)
    at processTicksAndRejections (node:internal/process/task_queues:104:5)
2026-06-26 14:21:35.282 [ERROR]: Customization Service: Error handling specification updated: Customization.findOne is not a function
TypeError: Customization.findOne is not a function
    at findOne (/home/apop/DEV/sokogateOS/src/services/customizationService.js:354:47)
    at Object.handleSpecificationUpdated [as messageCallback] (/home/apop/DEV/sokogateOS/src/services/customizationService.js:72:19)
    at Object.messageCallback (/home/apop/DEV/sokogateOS/tests/services/customizationService.test.js:215:17)
    at processTicksAndRejections (node:internal/process/task_queues:104:5)
2026-06-26 14:21:35.318 [ERROR]: Customization Service: Error handling material selected: Customization.findOne is not a function
TypeError: Customization.findOne is not a function
    at findOne (/home/apop/DEV/sokogateOS/src/services/customizationService.js:376:47)
    at Object.handleMaterialSelected [as messageCallback] (/home/apop/DEV/sokogateOS/src/services/customizationService.js:75:19)
    at Object.messageCallback (/home/apop/DEV/sokogateOS/tests/services/customizationService.test.js:260:17)
    at processTicksAndRejections (node:internal/process/task_queues:104:5)
2026-06-26 14:21:35.360 [ERROR]: Customization Service: Error handling pricing updated: Customization.findOne is not a function
TypeError: Customization.findOne is not a function
    at findOne (/home/apop/DEV/sokogateOS/src/services/customizationService.js:408:47)
    at Object.handlePricingUpdated [as messageCallback] (/home/apop/DEV/sokogateOS/src/services/customizationService.js:78:19)
    at Object.messageCallback (/home/apop/DEV/sokogateOS/tests/services/customizationService.test.js:306:17)
    at processTicksAndRejections (node:internal/process/task_queues:104:5)
2026-06-26 14:21:35.398 [ERROR]: Customization Service: Error handling production ready: Customization.findOne is not a function
TypeError: Customization.findOne is not a function
    at findOne (/home/apop/DEV/sokogateOS/src/services/customizationService.js:442:47)
    at Object.handleProductionReady [as messageCallback] (/home/apop/DEV/sokogateOS/src/services/customizationService.js:81:19)
    at Object.messageCallback (/home/apop/DEV/sokogateOS/tests/services/customizationService.test.js:351:17)
    at processTicksAndRejections (node:internal/process/task_queues:104:5)
2026-06-26 14:21:37.043 [ERROR]: Sourcing Service: Error handling product query received: Sourcing is not a constructor
TypeError: Sourcing is not a constructor
    at handleProductQueryReceived (/home/apop/DEV/sokogateOS/src/services/sourcingService.js:424:29)
    at Object.handleProductQueryReceived [as messageCallback] (/home/apop/DEV/sokogateOS/src/services/sourcingService.js:165:19)
    at Object.messageCallback (/home/apop/DEV/sokogateOS/tests/services/sourcingService.test.js:118:17)
    at processTicksAndRejections (node:internal/process/task_queues:104:5)
2026-06-26 14:21:38.657 [ERROR]: Supplier Risk Adapter: Failed to start Kakfa: Kafka unavailable
Error: Kafka unavailable
    at Object.<anonymous> (/home/apop/DEV/sokogateOS/tests/ingestion/adapters/supplierRiskAdapter.test.js:75:55)
    at Promise.then.completed (/home/apop/DEV/sokogateOS/node_modules/jest-circus/build/utils.js:298:28)
    at new Promise (<anonymous>)
    at callAsyncCircusFn (/home/apop/DEV/sokogateOS/node_modules/jest-circus/build/utils.js:231:10)
    at _callCircusTest (/home/apop/DEV/sokogateOS/node_modules/jest-circus/build/run.js:316:40)
    at processTicksAndRejections (node:internal/process/task_queues:104:5)
    at _runTest (/home/apop/DEV/sokogateOS/node_modules/jest-circus/build/run.js:252:3)
    at _runTestsForDescribeBlock (/home/apop/DEV/sokogateOS/node_modules/jest-circus/build/run.js:126:9)
    at _runTestsForDescribeBlock (/home/apop/DEV/sokogateOS/node_modules/jest-circus/build/run.js:121:9)
    at run (/home/apop/DEV/sokogateOS/node_modules/jest-circus/build/run.js:71:3)
    at runAndTransformResultsToJestFormat (/home/apop/DEV/sokogateOS/node_modules/jest-circus/build/legacy-code-todo-rewrite/jestAdapterInit.js:122:21)
    at jestAdapter (/home/apop/DEV/sokogateOS/node_modules/jest-circus/build/legacy-code-todo-rewrite/jestAdapter.js:79:19)
    at runTestInternal (/home/apop/DEV/sokogateOS/node_modules/jest-runner/build/runTest.js:367:16)
    at runTest (/home/apop/DEV/sokogateOS/node_modules/jest-runner/build/runTest.js:444:34)
    at Object.worker (/home/apop/DEV/sokogateOS/node_modules/jest-runner/build/testWorker.js:106:12)
2026-06-26 14:21:40.056 [ERROR]: KRW Payment Adapter: Failed to start Kakfa: Kafka unavailable
Error: Kafka unavailable
    at Object.<anonymous> (/home/apop/DEV/sokogateOS/tests/ingestion/adapters/krwPaymentAdapter.test.js:84:55)
    at Promise.then.completed (/home/apop/DEV/sokogateOS/node_modules/jest-circus/build/utils.js:298:28)
    at new Promise (<anonymous>)
    at callAsyncCircusFn (/home/apop/DEV/sokogateOS/node_modules/jest-circus/build/utils.js:231:10)
    at _callCircusTest (/home/apop/DEV/sokogateOS/node_modules/jest-circus/build/run.js:316:40)
    at processTicksAndRejections (node:internal/process/task_queues:104:5)
    at _runTest (/home/apop/DEV/sokogateOS/node_modules/jest-circus/build/run.js:252:3)
    at _runTestsForDescribeBlock (/home/apop/DEV/sokogateOS/node_modules/jest-circus/build/run.js:126:9)
    at _runTestsForDescribeBlock (/home/apop/DEV/sokogateOS/node_modules/jest-circus/build/run.js:121:9)
    at run (/home/apop/DEV/sokogateOS/node_modules/jest-circus/build/run.js:71:3)
    at runAndTransformResultsToJestFormat (/home/apop/DEV/sokogateOS/node_modules/jest-circus/build/legacy-code-todo-rewrite/jestAdapterInit.js:122:21)
    at jestAdapter (/home/apop/DEV/sokogateOS/node_modules/jest-circus/build/legacy-code-todo-rewrite/jestAdapter.js:79:19)
    at runTestInternal (/home/apop/DEV/sokogateOS/node_modules/jest-runner/build/runTest.js:367:16)
    at runTest (/home/apop/DEV/sokogateOS/node_modules/jest-runner/build/runTest.js:444:34)
    at Object.worker (/home/apop/DEV/sokogateOS/node_modules/jest-runner/build/testWorker.js:106:12)
2026-06-26 16:37:52.814 [ERROR]: Customization Service: Error handling customization requested: Customization is not a constructor
TypeError: Customization is not a constructor
    at handleCustomizationRequested (/home/apop/DEV/sokogateOS/src/services/customizationService.js:251:27)
    at Object.handleCustomizationRequested [as messageCallback] (/home/apop/DEV/sokogateOS/src/services/customizationService.js:66:19)
    at Object.messageCallback (/home/apop/DEV/sokogateOS/tests/services/customizationService.test.js:125:17)
    at processTicksAndRejections (node:internal/process/task_queues:104:5)
2026-06-26 16:37:52.936 [ERROR]: Customization Service: Error handling design approved: Customization.findOne is not a function
TypeError: Customization.findOne is not a function
    at findOne (/home/apop/DEV/sokogateOS/src/services/customizationService.js:327:47)
    at Object.handleDesignApproved [as messageCallback] (/home/apop/DEV/sokogateOS/src/services/customizationService.js:69:19)
    at Object.messageCallback (/home/apop/DEV/sokogateOS/tests/services/customizationService.test.js:168:17)
    at processTicksAndRejections (node:internal/process/task_queues:104:5)
2026-06-26 16:37:52.963 [ERROR]: Customization Service: Error handling specification updated: Customization.findOne is not a function
TypeError: Customization.findOne is not a function
    at findOne (/home/apop/DEV/sokogateOS/src/services/customizationService.js:354:47)
    at Object.handleSpecificationUpdated [as messageCallback] (/home/apop/DEV/sokogateOS/src/services/customizationService.js:72:19)
    at Object.messageCallback (/home/apop/DEV/sokogateOS/tests/services/customizationService.test.js:215:17)
    at processTicksAndRejections (node:internal/process/task_queues:104:5)
2026-06-26 16:37:53.003 [ERROR]: Customization Service: Error handling material selected: Customization.findOne is not a function
TypeError: Customization.findOne is not a function
    at findOne (/home/apop/DEV/sokogateOS/src/services/customizationService.js:376:47)
    at Object.handleMaterialSelected [as messageCallback] (/home/apop/DEV/sokogateOS/src/services/customizationService.js:75:19)
    at Object.messageCallback (/home/apop/DEV/sokogateOS/tests/services/customizationService.test.js:260:17)
    at processTicksAndRejections (node:internal/process/task_queues:104:5)
2026-06-26 16:37:53.064 [ERROR]: Customization Service: Error handling pricing updated: Customization.findOne is not a function
TypeError: Customization.findOne is not a function
    at findOne (/home/apop/DEV/sokogateOS/src/services/customizationService.js:408:47)
    at Object.handlePricingUpdated [as messageCallback] (/home/apop/DEV/sokogateOS/src/services/customizationService.js:78:19)
    at Object.messageCallback (/home/apop/DEV/sokogateOS/tests/services/customizationService.test.js:306:17)
    at processTicksAndRejections (node:internal/process/task_queues:104:5)
2026-06-26 16:37:53.100 [ERROR]: Customization Service: Error handling production ready: Customization.findOne is not a function
TypeError: Customization.findOne is not a function
    at findOne (/home/apop/DEV/sokogateOS/src/services/customizationService.js:442:47)
    at Object.handleProductionReady [as messageCallback] (/home/apop/DEV/sokogateOS/src/services/customizationService.js:81:19)
    at Object.messageCallback (/home/apop/DEV/sokogateOS/tests/services/customizationService.test.js:351:17)
    at processTicksAndRejections (node:internal/process/task_queues:104:5)
2026-06-26 16:37:59.415 [ERROR]: Sourcing Service: Error handling product query received: Sourcing is not a constructor
TypeError: Sourcing is not a constructor
    at handleProductQueryReceived (/home/apop/DEV/sokogateOS/src/services/sourcingService.js:424:29)
    at Object.handleProductQueryReceived [as messageCallback] (/home/apop/DEV/sokogateOS/src/services/sourcingService.js:165:19)
    at Object.messageCallback (/home/apop/DEV/sokogateOS/tests/services/sourcingService.test.js:118:17)
    at processTicksAndRejections (node:internal/process/task_queues:104:5)
2026-06-26 16:38:09.253 [ERROR]: KRW Payment Adapter: Failed to start Kakfa: Kafka unavailable
Error: Kafka unavailable
    at Object.<anonymous> (/home/apop/DEV/sokogateOS/tests/ingestion/adapters/krwPaymentAdapter.test.js:84:55)
    at Promise.then.completed (/home/apop/DEV/sokogateOS/node_modules/jest-circus/build/utils.js:298:28)
    at new Promise (<anonymous>)
    at callAsyncCircusFn (/home/apop/DEV/sokogateOS/node_modules/jest-circus/build/utils.js:231:10)
    at _callCircusTest (/home/apop/DEV/sokogateOS/node_modules/jest-circus/build/run.js:316:40)
    at processTicksAndRejections (node:internal/process/task_queues:104:5)
    at _runTest (/home/apop/DEV/sokogateOS/node_modules/jest-circus/build/run.js:252:3)
    at _runTestsForDescribeBlock (/home/apop/DEV/sokogateOS/node_modules/jest-circus/build/run.js:126:9)
    at _runTestsForDescribeBlock (/home/apop/DEV/sokogateOS/node_modules/jest-circus/build/run.js:121:9)
    at run (/home/apop/DEV/sokogateOS/node_modules/jest-circus/build/run.js:71:3)
    at runAndTransformResultsToJestFormat (/home/apop/DEV/sokogateOS/node_modules/jest-circus/build/legacy-code-todo-rewrite/jestAdapterInit.js:122:21)
    at jestAdapter (/home/apop/DEV/sokogateOS/node_modules/jest-circus/build/legacy-code-todo-rewrite/jestAdapter.js:79:19)
    at runTestInternal (/home/apop/DEV/sokogateOS/node_modules/jest-runner/build/runTest.js:367:16)
    at runTest (/home/apop/DEV/sokogateOS/node_modules/jest-runner/build/runTest.js:444:34)
    at Object.worker (/home/apop/DEV/sokogateOS/node_modules/jest-runner/build/testWorker.js:106:12)
2026-06-26 16:38:10.310 [ERROR]: Supplier Risk Adapter: Failed to start Kakfa: Kafka unavailable
Error: Kafka unavailable
    at Object.<anonymous> (/home/apop/DEV/sokogateOS/tests/ingestion/adapters/supplierRiskAdapter.test.js:75:55)
    at Promise.then.completed (/home/apop/DEV/sokogateOS/node_modules/jest-circus/build/utils.js:298:28)
    at new Promise (<anonymous>)
    at callAsyncCircusFn (/home/apop/DEV/sokogateOS/node_modules/jest-circus/build/utils.js:231:10)
    at _callCircusTest (/home/apop/DEV/sokogateOS/node_modules/jest-circus/build/run.js:316:40)
    at processTicksAndRejections (node:internal/process/task_queues:104:5)
    at _runTest (/home/apop/DEV/sokogateOS/node_modules/jest-circus/build/run.js:252:3)
    at _runTestsForDescribeBlock (/home/apop/DEV/sokogateOS/node_modules/jest-circus/build/run.js:126:9)
    at _runTestsForDescribeBlock (/home/apop/DEV/sokogateOS/node_modules/jest-circus/build/run.js:121:9)
    at run (/home/apop/DEV/sokogateOS/node_modules/jest-circus/build/run.js:71:3)
    at runAndTransformResultsToJestFormat (/home/apop/DEV/sokogateOS/node_modules/jest-circus/build/legacy-code-todo-rewrite/jestAdapterInit.js:122:21)
    at jestAdapter (/home/apop/DEV/sokogateOS/node_modules/jest-circus/build/legacy-code-todo-rewrite/jestAdapter.js:79:19)
    at runTestInternal (/home/apop/DEV/sokogateOS/node_modules/jest-runner/build/runTest.js:367:16)
    at runTest (/home/apop/DEV/sokogateOS/node_modules/jest-runner/build/runTest.js:444:34)
    at Object.worker (/home/apop/DEV/sokogateOS/node_modules/jest-runner/build/testWorker.js:106:12)
2026-06-26 16:39:23.908 [ERROR]: Customization Service: Error handling customization requested: Customization is not a constructor
TypeError: Customization is not a constructor
    at handleCustomizationRequested (/home/apop/DEV/sokogateOS/src/services/customizationService.js:251:27)
    at Object.handleCustomizationRequested [as messageCallback] (/home/apop/DEV/sokogateOS/src/services/customizationService.js:66:19)
    at Object.messageCallback (/home/apop/DEV/sokogateOS/tests/services/customizationService.test.js:125:17)
    at processTicksAndRejections (node:internal/process/task_queues:104:5)
2026-06-26 16:39:24.098 [ERROR]: Customization Service: Error handling design approved: Customization.findOne is not a function
TypeError: Customization.findOne is not a function
    at findOne (/home/apop/DEV/sokogateOS/src/services/customizationService.js:327:47)
    at Object.handleDesignApproved [as messageCallback] (/home/apop/DEV/sokogateOS/src/services/customizationService.js:69:19)
    at Object.messageCallback (/home/apop/DEV/sokogateOS/tests/services/customizationService.test.js:168:17)
    at processTicksAndRejections (node:internal/process/task_queues:104:5)
2026-06-26 16:39:24.131 [ERROR]: Customization Service: Error handling specification updated: Customization.findOne is not a function
TypeError: Customization.findOne is not a function
    at findOne (/home/apop/DEV/sokogateOS/src/services/customizationService.js:354:47)
    at Object.handleSpecificationUpdated [as messageCallback] (/home/apop/DEV/sokogateOS/src/services/customizationService.js:72:19)
    at Object.messageCallback (/home/apop/DEV/sokogateOS/tests/services/customizationService.test.js:215:17)
    at processTicksAndRejections (node:internal/process/task_queues:104:5)
2026-06-26 16:39:24.182 [ERROR]: Customization Service: Error handling material selected: Customization.findOne is not a function
TypeError: Customization.findOne is not a function
    at findOne (/home/apop/DEV/sokogateOS/src/services/customizationService.js:376:47)
    at Object.handleMaterialSelected [as messageCallback] (/home/apop/DEV/sokogateOS/src/services/customizationService.js:75:19)
    at Object.messageCallback (/home/apop/DEV/sokogateOS/tests/services/customizationService.test.js:260:17)
    at processTicksAndRejections (node:internal/process/task_queues:104:5)
2026-06-26 16:39:24.243 [ERROR]: Customization Service: Error handling pricing updated: Customization.findOne is not a function
TypeError: Customization.findOne is not a function
    at findOne (/home/apop/DEV/sokogateOS/src/services/customizationService.js:408:47)
    at Object.handlePricingUpdated [as messageCallback] (/home/apop/DEV/sokogateOS/src/services/customizationService.js:78:19)
    at Object.messageCallback (/home/apop/DEV/sokogateOS/tests/services/customizationService.test.js:306:17)
    at processTicksAndRejections (node:internal/process/task_queues:104:5)
2026-06-26 16:39:24.287 [ERROR]: Customization Service: Error handling production ready: Customization.findOne is not a function
TypeError: Customization.findOne is not a function
    at findOne (/home/apop/DEV/sokogateOS/src/services/customizationService.js:442:47)
    at Object.handleProductionReady [as messageCallback] (/home/apop/DEV/sokogateOS/src/services/customizationService.js:81:19)
    at Object.messageCallback (/home/apop/DEV/sokogateOS/tests/services/customizationService.test.js:351:17)
    at processTicksAndRejections (node:internal/process/task_queues:104:5)
2026-06-26 16:39:23.801 [ERROR]: Sourcing Service: Error handling product query received: Sourcing is not a constructor
TypeError: Sourcing is not a constructor
    at handleProductQueryReceived (/home/apop/DEV/sokogateOS/src/services/sourcingService.js:424:29)
    at Object.handleProductQueryReceived [as messageCallback] (/home/apop/DEV/sokogateOS/src/services/sourcingService.js:165:19)
    at Object.messageCallback (/home/apop/DEV/sokogateOS/tests/services/sourcingService.test.js:118:17)
    at processTicksAndRejections (node:internal/process/task_queues:104:5)
2026-06-26 16:39:25.255 [ERROR]: KRW Payment Adapter: Failed to start Kakfa: Kafka unavailable
Error: Kafka unavailable
    at Object.<anonymous> (/home/apop/DEV/sokogateOS/tests/ingestion/adapters/krwPaymentAdapter.test.js:84:55)
    at Promise.then.completed (/home/apop/DEV/sokogateOS/node_modules/jest-circus/build/utils.js:298:28)
    at new Promise (<anonymous>)
    at callAsyncCircusFn (/home/apop/DEV/sokogateOS/node_modules/jest-circus/build/utils.js:231:10)
    at _callCircusTest (/home/apop/DEV/sokogateOS/node_modules/jest-circus/build/run.js:316:40)
    at processTicksAndRejections (node:internal/process/task_queues:104:5)
    at _runTest (/home/apop/DEV/sokogateOS/node_modules/jest-circus/build/run.js:252:3)
    at _runTestsForDescribeBlock (/home/apop/DEV/sokogateOS/node_modules/jest-circus/build/run.js:126:9)
    at _runTestsForDescribeBlock (/home/apop/DEV/sokogateOS/node_modules/jest-circus/build/run.js:121:9)
    at run (/home/apop/DEV/sokogateOS/node_modules/jest-circus/build/run.js:71:3)
    at runAndTransformResultsToJestFormat (/home/apop/DEV/sokogateOS/node_modules/jest-circus/build/legacy-code-todo-rewrite/jestAdapterInit.js:122:21)
    at jestAdapter (/home/apop/DEV/sokogateOS/node_modules/jest-circus/build/legacy-code-todo-rewrite/jestAdapter.js:79:19)
    at runTestInternal (/home/apop/DEV/sokogateOS/node_modules/jest-runner/build/runTest.js:367:16)
    at runTest (/home/apop/DEV/sokogateOS/node_modules/jest-runner/build/runTest.js:444:34)
    at Object.worker (/home/apop/DEV/sokogateOS/node_modules/jest-runner/build/testWorker.js:106:12)
2026-06-26 16:39:25.739 [ERROR]: Supplier Risk Adapter: Failed to start Kakfa: Kafka unavailable
Error: Kafka unavailable
    at Object.<anonymous> (/home/apop/DEV/sokogateOS/tests/ingestion/adapters/supplierRiskAdapter.test.js:75:55)
    at Promise.then.completed (/home/apop/DEV/sokogateOS/node_modules/jest-circus/build/utils.js:298:28)
    at new Promise (<anonymous>)
    at callAsyncCircusFn (/home/apop/DEV/sokogateOS/node_modules/jest-circus/build/utils.js:231:10)
    at _callCircusTest (/home/apop/DEV/sokogateOS/node_modules/jest-circus/build/run.js:316:40)
    at processTicksAndRejections (node:internal/process/task_queues:104:5)
    at _runTest (/home/apop/DEV/sokogateOS/node_modules/jest-circus/build/run.js:252:3)
    at _runTestsForDescribeBlock (/home/apop/DEV/sokogateOS/node_modules/jest-circus/build/run.js:126:9)
    at _runTestsForDescribeBlock (/home/apop/DEV/sokogateOS/node_modules/jest-circus/build/run.js:121:9)
    at run (/home/apop/DEV/sokogateOS/node_modules/jest-circus/build/run.js:71:3)
    at runAndTransformResultsToJestFormat (/home/apop/DEV/sokogateOS/node_modules/jest-circus/build/legacy-code-todo-rewrite/jestAdapterInit.js:122:21)
    at jestAdapter (/home/apop/DEV/sokogateOS/node_modules/jest-circus/build/legacy-code-todo-rewrite/jestAdapter.js:79:19)
    at runTestInternal (/home/apop/DEV/sokogateOS/node_modules/jest-runner/build/runTest.js:367:16)
    at runTest (/home/apop/DEV/sokogateOS/node_modules/jest-runner/build/runTest.js:444:34)
    at Object.worker (/home/apop/DEV/sokogateOS/node_modules/jest-runner/build/testWorker.js:106:12)
2026-06-26 16:42:41.364 [ERROR]: Sourcing Service: Error handling product query received: Sourcing is not a constructor
TypeError: Sourcing is not a constructor
    at handleProductQueryReceived (/home/apop/DEV/sokogateOS/src/services/sourcingService.js:424:29)
    at Object.handleProductQueryReceived [as messageCallback] (/home/apop/DEV/sokogateOS/src/services/sourcingService.js:165:19)
    at Object.messageCallback (/home/apop/DEV/sokogateOS/tests/services/sourcingService.test.js:118:17)
    at processTicksAndRejections (node:internal/process/task_queues:104:5)
2026-06-26 16:42:43.337 [ERROR]: KRW Payment Adapter: Failed to start Kakfa: Kafka unavailable
Error: Kafka unavailable
    at Object.<anonymous> (/home/apop/DEV/sokogateOS/tests/ingestion/adapters/krwPaymentAdapter.test.js:84:55)
    at Promise.then.completed (/home/apop/DEV/sokogateOS/node_modules/jest-circus/build/utils.js:298:28)
    at new Promise (<anonymous>)
    at callAsyncCircusFn (/home/apop/DEV/sokogateOS/node_modules/jest-circus/build/utils.js:231:10)
    at _callCircusTest (/home/apop/DEV/sokogateOS/node_modules/jest-circus/build/run.js:316:40)
    at processTicksAndRejections (node:internal/process/task_queues:104:5)
    at _runTest (/home/apop/DEV/sokogateOS/node_modules/jest-circus/build/run.js:252:3)
    at _runTestsForDescribeBlock (/home/apop/DEV/sokogateOS/node_modules/jest-circus/build/run.js:126:9)
    at _runTestsForDescribeBlock (/home/apop/DEV/sokogateOS/node_modules/jest-circus/build/run.js:121:9)
    at run (/home/apop/DEV/sokogateOS/node_modules/jest-circus/build/run.js:71:3)
    at runAndTransformResultsToJestFormat (/home/apop/DEV/sokogateOS/node_modules/jest-circus/build/legacy-code-todo-rewrite/jestAdapterInit.js:122:21)
    at jestAdapter (/home/apop/DEV/sokogateOS/node_modules/jest-circus/build/legacy-code-todo-rewrite/jestAdapter.js:79:19)
    at runTestInternal (/home/apop/DEV/sokogateOS/node_modules/jest-runner/build/runTest.js:367:16)
    at runTest (/home/apop/DEV/sokogateOS/node_modules/jest-runner/build/runTest.js:444:34)
    at Object.worker (/home/apop/DEV/sokogateOS/node_modules/jest-runner/build/testWorker.js:106:12)
2026-06-26 16:42:42.832 [ERROR]: Customization Service: Error handling customization requested: Customization is not a constructor
TypeError: Customization is not a constructor
    at handleCustomizationRequested (/home/apop/DEV/sokogateOS/src/services/customizationService.js:251:27)
    at Object.handleCustomizationRequested [as messageCallback] (/home/apop/DEV/sokogateOS/src/services/customizationService.js:66:19)
    at Object.messageCallback (/home/apop/DEV/sokogateOS/tests/services/customizationService.test.js:125:17)
    at processTicksAndRejections (node:internal/process/task_queues:104:5)
2026-06-26 16:42:43.118 [ERROR]: Customization Service: Error handling design approved: Customization.findOne is not a function
TypeError: Customization.findOne is not a function
    at findOne (/home/apop/DEV/sokogateOS/src/services/customizationService.js:327:47)
    at Object.handleDesignApproved [as messageCallback] (/home/apop/DEV/sokogateOS/src/services/customizationService.js:69:19)
    at Object.messageCallback (/home/apop/DEV/sokogateOS/tests/services/customizationService.test.js:168:17)
    at processTicksAndRejections (node:internal/process/task_queues:104:5)
2026-06-26 16:42:43.191 [ERROR]: Customization Service: Error handling specification updated: Customization.findOne is not a function
TypeError: Customization.findOne is not a function
    at findOne (/home/apop/DEV/sokogateOS/src/services/customizationService.js:354:47)
    at Object.handleSpecificationUpdated [as messageCallback] (/home/apop/DEV/sokogateOS/src/services/customizationService.js:72:19)
    at Object.messageCallback (/home/apop/DEV/sokogateOS/tests/services/customizationService.test.js:215:17)
    at processTicksAndRejections (node:internal/process/task_queues:104:5)
2026-06-26 16:42:43.245 [ERROR]: Customization Service: Error handling material selected: Customization.findOne is not a function
TypeError: Customization.findOne is not a function
    at findOne (/home/apop/DEV/sokogateOS/src/services/customizationService.js:376:47)
    at Object.handleMaterialSelected [as messageCallback] (/home/apop/DEV/sokogateOS/src/services/customizationService.js:75:19)
    at Object.messageCallback (/home/apop/DEV/sokogateOS/tests/services/customizationService.test.js:260:17)
    at processTicksAndRejections (node:internal/process/task_queues:104:5)
2026-06-26 16:42:43.296 [ERROR]: Customization Service: Error handling pricing updated: Customization.findOne is not a function
TypeError: Customization.findOne is not a function
    at findOne (/home/apop/DEV/sokogateOS/src/services/customizationService.js:408:47)
    at Object.handlePricingUpdated [as messageCallback] (/home/apop/DEV/sokogateOS/src/services/customizationService.js:78:19)
    at Object.messageCallback (/home/apop/DEV/sokogateOS/tests/services/customizationService.test.js:306:17)
    at processTicksAndRejections (node:internal/process/task_queues:104:5)
2026-06-26 16:42:43.337 [ERROR]: Customization Service: Error handling production ready: Customization.findOne is not a function
TypeError: Customization.findOne is not a function
    at findOne (/home/apop/DEV/sokogateOS/src/services/customizationService.js:442:47)
    at Object.handleProductionReady [as messageCallback] (/home/apop/DEV/sokogateOS/src/services/customizationService.js:81:19)
    at Object.messageCallback (/home/apop/DEV/sokogateOS/tests/services/customizationService.test.js:351:17)
    at processTicksAndRejections (node:internal/process/task_queues:104:5)
2026-06-26 16:42:44.174 [ERROR]: Supplier Risk Adapter: Failed to start Kakfa: Kafka unavailable
Error: Kafka unavailable
    at Object.<anonymous> (/home/apop/DEV/sokogateOS/tests/ingestion/adapters/supplierRiskAdapter.test.js:75:55)
    at Promise.then.completed (/home/apop/DEV/sokogateOS/node_modules/jest-circus/build/utils.js:298:28)
    at new Promise (<anonymous>)
    at callAsyncCircusFn (/home/apop/DEV/sokogateOS/node_modules/jest-circus/build/utils.js:231:10)
    at _callCircusTest (/home/apop/DEV/sokogateOS/node_modules/jest-circus/build/run.js:316:40)
    at processTicksAndRejections (node:internal/process/task_queues:104:5)
    at _runTest (/home/apop/DEV/sokogateOS/node_modules/jest-circus/build/run.js:252:3)
    at _runTestsForDescribeBlock (/home/apop/DEV/sokogateOS/node_modules/jest-circus/build/run.js:126:9)
    at _runTestsForDescribeBlock (/home/apop/DEV/sokogateOS/node_modules/jest-circus/build/run.js:121:9)
    at run (/home/apop/DEV/sokogateOS/node_modules/jest-circus/build/run.js:71:3)
    at runAndTransformResultsToJestFormat (/home/apop/DEV/sokogateOS/node_modules/jest-circus/build/legacy-code-todo-rewrite/jestAdapterInit.js:122:21)
    at jestAdapter (/home/apop/DEV/sokogateOS/node_modules/jest-circus/build/legacy-code-todo-rewrite/jestAdapter.js:79:19)
    at runTestInternal (/home/apop/DEV/sokogateOS/node_modules/jest-runner/build/runTest.js:367:16)
    at runTest (/home/apop/DEV/sokogateOS/node_modules/jest-runner/build/runTest.js:444:34)
    at Object.worker (/home/apop/DEV/sokogateOS/node_modules/jest-runner/build/testWorker.js:106:12)
2026-06-26 17:03:57.700 [ERROR]: Customization Service: Error handling customization requested: Customization is not a constructor
TypeError: Customization is not a constructor
    at handleCustomizationRequested (/home/apop/DEV/sokogateOS/src/services/customizationService.js:251:27)
    at Object.handleCustomizationRequested [as messageCallback] (/home/apop/DEV/sokogateOS/src/services/customizationService.js:66:19)
    at Object.messageCallback (/home/apop/DEV/sokogateOS/tests/services/customizationService.test.js:125:17)
    at processTicksAndRejections (node:internal/process/task_queues:104:5)
2026-06-26 17:03:57.857 [ERROR]: Customization Service: Error handling design approved: Customization.findOne is not a function
TypeError: Customization.findOne is not a function
    at findOne (/home/apop/DEV/sokogateOS/src/services/customizationService.js:327:47)
    at Object.handleDesignApproved [as messageCallback] (/home/apop/DEV/sokogateOS/src/services/customizationService.js:69:19)
    at Object.messageCallback (/home/apop/DEV/sokogateOS/tests/services/customizationService.test.js:168:17)
    at processTicksAndRejections (node:internal/process/task_queues:104:5)
2026-06-26 17:03:57.895 [ERROR]: Customization Service: Error handling specification updated: Customization.findOne is not a function
TypeError: Customization.findOne is not a function
    at findOne (/home/apop/DEV/sokogateOS/src/services/customizationService.js:354:47)
    at Object.handleSpecificationUpdated [as messageCallback] (/home/apop/DEV/sokogateOS/src/services/customizationService.js:72:19)
    at Object.messageCallback (/home/apop/DEV/sokogateOS/tests/services/customizationService.test.js:215:17)
    at processTicksAndRejections (node:internal/process/task_queues:104:5)
2026-06-26 17:03:57.920 [ERROR]: Customization Service: Error handling material selected: Customization.findOne is not a function
TypeError: Customization.findOne is not a function
    at findOne (/home/apop/DEV/sokogateOS/src/services/customizationService.js:376:47)
    at Object.handleMaterialSelected [as messageCallback] (/home/apop/DEV/sokogateOS/src/services/customizationService.js:75:19)
    at Object.messageCallback (/home/apop/DEV/sokogateOS/tests/services/customizationService.test.js:260:17)
    at processTicksAndRejections (node:internal/process/task_queues:104:5)
2026-06-26 17:03:57.948 [ERROR]: Customization Service: Error handling pricing updated: Customization.findOne is not a function
TypeError: Customization.findOne is not a function
    at findOne (/home/apop/DEV/sokogateOS/src/services/customizationService.js:408:47)
    at Object.handlePricingUpdated [as messageCallback] (/home/apop/DEV/sokogateOS/src/services/customizationService.js:78:19)
    at Object.messageCallback (/home/apop/DEV/sokogateOS/tests/services/customizationService.test.js:306:17)
    at processTicksAndRejections (node:internal/process/task_queues:104:5)
2026-06-26 17:03:58.012 [ERROR]: Customization Service: Error handling production ready: Customization.findOne is not a function
TypeError: Customization.findOne is not a function
    at findOne (/home/apop/DEV/sokogateOS/src/services/customizationService.js:442:47)
    at Object.handleProductionReady [as messageCallback] (/home/apop/DEV/sokogateOS/src/services/customizationService.js:81:19)
    at Object.messageCallback (/home/apop/DEV/sokogateOS/tests/services/customizationService.test.js:351:17)
    at processTicksAndRejections (node:internal/process/task_queues:104:5)
2026-06-26 17:03:57.818 [ERROR]: Sourcing Service: Error handling product query received: Sourcing is not a constructor
TypeError: Sourcing is not a constructor
    at handleProductQueryReceived (/home/apop/DEV/sokogateOS/src/services/sourcingService.js:424:29)
    at Object.handleProductQueryReceived [as messageCallback] (/home/apop/DEV/sokogateOS/src/services/sourcingService.js:165:19)
    at Object.messageCallback (/home/apop/DEV/sokogateOS/tests/services/sourcingService.test.js:118:17)
    at processTicksAndRejections (node:internal/process/task_queues:104:5)
2026-06-26 17:03:58.911 [ERROR]: KRW Payment Adapter: Failed to start Kakfa: Kafka unavailable
Error: Kafka unavailable
    at Object.<anonymous> (/home/apop/DEV/sokogateOS/tests/ingestion/adapters/krwPaymentAdapter.test.js:84:55)
    at Promise.then.completed (/home/apop/DEV/sokogateOS/node_modules/jest-circus/build/utils.js:298:28)
    at new Promise (<anonymous>)
    at callAsyncCircusFn (/home/apop/DEV/sokogateOS/node_modules/jest-circus/build/utils.js:231:10)
    at _callCircusTest (/home/apop/DEV/sokogateOS/node_modules/jest-circus/build/run.js:316:40)
    at processTicksAndRejections (node:internal/process/task_queues:104:5)
    at _runTest (/home/apop/DEV/sokogateOS/node_modules/jest-circus/build/run.js:252:3)
    at _runTestsForDescribeBlock (/home/apop/DEV/sokogateOS/node_modules/jest-circus/build/run.js:126:9)
    at _runTestsForDescribeBlock (/home/apop/DEV/sokogateOS/node_modules/jest-circus/build/run.js:121:9)
    at run (/home/apop/DEV/sokogateOS/node_modules/jest-circus/build/run.js:71:3)
    at runAndTransformResultsToJestFormat (/home/apop/DEV/sokogateOS/node_modules/jest-circus/build/legacy-code-todo-rewrite/jestAdapterInit.js:122:21)
    at jestAdapter (/home/apop/DEV/sokogateOS/node_modules/jest-circus/build/legacy-code-todo-rewrite/jestAdapter.js:79:19)
    at runTestInternal (/home/apop/DEV/sokogateOS/node_modules/jest-runner/build/runTest.js:367:16)
    at runTest (/home/apop/DEV/sokogateOS/node_modules/jest-runner/build/runTest.js:444:34)
    at Object.worker (/home/apop/DEV/sokogateOS/node_modules/jest-runner/build/testWorker.js:106:12)
2026-06-26 17:03:59.587 [ERROR]: Supplier Risk Adapter: Failed to start Kakfa: Kafka unavailable
Error: Kafka unavailable
    at Object.<anonymous> (/home/apop/DEV/sokogateOS/tests/ingestion/adapters/supplierRiskAdapter.test.js:75:55)
    at Promise.then.completed (/home/apop/DEV/sokogateOS/node_modules/jest-circus/build/utils.js:298:28)
    at new Promise (<anonymous>)
    at callAsyncCircusFn (/home/apop/DEV/sokogateOS/node_modules/jest-circus/build/utils.js:231:10)
    at _callCircusTest (/home/apop/DEV/sokogateOS/node_modules/jest-circus/build/run.js:316:40)
    at processTicksAndRejections (node:internal/process/task_queues:104:5)
    at _runTest (/home/apop/DEV/sokogateOS/node_modules/jest-circus/build/run.js:252:3)
    at _runTestsForDescribeBlock (/home/apop/DEV/sokogateOS/node_modules/jest-circus/build/run.js:126:9)
    at _runTestsForDescribeBlock (/home/apop/DEV/sokogateOS/node_modules/jest-circus/build/run.js:121:9)
    at run (/home/apop/DEV/sokogateOS/node_modules/jest-circus/build/run.js:71:3)
    at runAndTransformResultsToJestFormat (/home/apop/DEV/sokogateOS/node_modules/jest-circus/build/legacy-code-todo-rewrite/jestAdapterInit.js:122:21)
    at jestAdapter (/home/apop/DEV/sokogateOS/node_modules/jest-circus/build/legacy-code-todo-rewrite/jestAdapter.js:79:19)
    at runTestInternal (/home/apop/DEV/sokogateOS/node_modules/jest-runner/build/runTest.js:367:16)
    at runTest (/home/apop/DEV/sokogateOS/node_modules/jest-runner/build/runTest.js:444:34)
    at Object.worker (/home/apop/DEV/sokogateOS/node_modules/jest-runner/build/testWorker.js:106:12)
2026-06-26 17:13:47.499 [ERROR]: Sourcing Service: Error handling product query received: Sourcing is not a constructor
TypeError: Sourcing is not a constructor
    at handleProductQueryReceived (/home/apop/DEV/sokogateOS/src/services/sourcingService.js:424:29)
    at Object.handleProductQueryReceived [as messageCallback] (/home/apop/DEV/sokogateOS/src/services/sourcingService.js:165:19)
    at Object.messageCallback (/home/apop/DEV/sokogateOS/tests/services/sourcingService.test.js:118:17)
    at processTicksAndRejections (node:internal/process/task_queues:104:5)
2026-06-26 17:13:47.359 [ERROR]: Customization Service: Error handling customization requested: Customization is not a constructor
TypeError: Customization is not a constructor
    at handleCustomizationRequested (/home/apop/DEV/sokogateOS/src/services/customizationService.js:251:27)
    at Object.handleCustomizationRequested [as messageCallback] (/home/apop/DEV/sokogateOS/src/services/customizationService.js:66:19)
    at Object.messageCallback (/home/apop/DEV/sokogateOS/tests/services/customizationService.test.js:125:17)
    at processTicksAndRejections (node:internal/process/task_queues:104:5)
2026-06-26 17:13:47.629 [ERROR]: Customization Service: Error handling design approved: Customization.findOne is not a function
TypeError: Customization.findOne is not a function
    at findOne (/home/apop/DEV/sokogateOS/src/services/customizationService.js:327:47)
    at Object.handleDesignApproved [as messageCallback] (/home/apop/DEV/sokogateOS/src/services/customizationService.js:69:19)
    at Object.messageCallback (/home/apop/DEV/sokogateOS/tests/services/customizationService.test.js:168:17)
    at processTicksAndRejections (node:internal/process/task_queues:104:5)
2026-06-26 17:13:47.666 [ERROR]: Customization Service: Error handling specification updated: Customization.findOne is not a function
TypeError: Customization.findOne is not a function
    at findOne (/home/apop/DEV/sokogateOS/src/services/customizationService.js:354:47)
    at Object.handleSpecificationUpdated [as messageCallback] (/home/apop/DEV/sokogateOS/src/services/customizationService.js:72:19)
    at Object.messageCallback (/home/apop/DEV/sokogateOS/tests/services/customizationService.test.js:215:17)
    at processTicksAndRejections (node:internal/process/task_queues:104:5)
2026-06-26 17:13:47.766 [ERROR]: Customization Service: Error handling material selected: Customization.findOne is not a function
TypeError: Customization.findOne is not a function
    at findOne (/home/apop/DEV/sokogateOS/src/services/customizationService.js:376:47)
    at Object.handleMaterialSelected [as messageCallback] (/home/apop/DEV/sokogateOS/src/services/customizationService.js:75:19)
    at Object.messageCallback (/home/apop/DEV/sokogateOS/tests/services/customizationService.test.js:260:17)
    at processTicksAndRejections (node:internal/process/task_queues:104:5)
2026-06-26 17:13:47.844 [ERROR]: Customization Service: Error handling pricing updated: Customization.findOne is not a function
TypeError: Customization.findOne is not a function
    at findOne (/home/apop/DEV/sokogateOS/src/services/customizationService.js:408:47)
    at Object.handlePricingUpdated [as messageCallback] (/home/apop/DEV/sokogateOS/src/services/customizationService.js:78:19)
    at Object.messageCallback (/home/apop/DEV/sokogateOS/tests/services/customizationService.test.js:306:17)
    at processTicksAndRejections (node:internal/process/task_queues:104:5)
2026-06-26 17:13:47.897 [ERROR]: Customization Service: Error handling production ready: Customization.findOne is not a function
TypeError: Customization.findOne is not a function
    at findOne (/home/apop/DEV/sokogateOS/src/services/customizationService.js:442:47)
    at Object.handleProductionReady [as messageCallback] (/home/apop/DEV/sokogateOS/src/services/customizationService.js:81:19)
    at Object.messageCallback (/home/apop/DEV/sokogateOS/tests/services/customizationService.test.js:351:17)
    at processTicksAndRejections (node:internal/process/task_queues:104:5)
2026-06-26 17:13:49.270 [ERROR]: KRW Payment Adapter: Failed to start Kakfa: Kafka unavailable
Error: Kafka unavailable
    at Object.<anonymous> (/home/apop/DEV/sokogateOS/tests/ingestion/adapters/krwPaymentAdapter.test.js:84:55)
    at Promise.then.completed (/home/apop/DEV/sokogateOS/node_modules/jest-circus/build/utils.js:298:28)
    at new Promise (<anonymous>)
    at callAsyncCircusFn (/home/apop/DEV/sokogateOS/node_modules/jest-circus/build/utils.js:231:10)
    at _callCircusTest (/home/apop/DEV/sokogateOS/node_modules/jest-circus/build/run.js:316:40)
    at processTicksAndRejections (node:internal/process/task_queues:104:5)
    at _runTest (/home/apop/DEV/sokogateOS/node_modules/jest-circus/build/run.js:252:3)
    at _runTestsForDescribeBlock (/home/apop/DEV/sokogateOS/node_modules/jest-circus/build/run.js:126:9)
    at _runTestsForDescribeBlock (/home/apop/DEV/sokogateOS/node_modules/jest-circus/build/run.js:121:9)
    at run (/home/apop/DEV/sokogateOS/node_modules/jest-circus/build/run.js:71:3)
    at runAndTransformResultsToJestFormat (/home/apop/DEV/sokogateOS/node_modules/jest-circus/build/legacy-code-todo-rewrite/jestAdapterInit.js:122:21)
    at jestAdapter (/home/apop/DEV/sokogateOS/node_modules/jest-circus/build/legacy-code-todo-rewrite/jestAdapter.js:79:19)
    at runTestInternal (/home/apop/DEV/sokogateOS/node_modules/jest-runner/build/runTest.js:367:16)
    at runTest (/home/apop/DEV/sokogateOS/node_modules/jest-runner/build/runTest.js:444:34)
    at Object.worker (/home/apop/DEV/sokogateOS/node_modules/jest-runner/build/testWorker.js:106:12)
2026-06-26 17:13:49.332 [ERROR]: Supplier Risk Adapter: Failed to start Kakfa: Kafka unavailable
Error: Kafka unavailable
    at Object.<anonymous> (/home/apop/DEV/sokogateOS/tests/ingestion/adapters/supplierRiskAdapter.test.js:75:55)
    at Promise.then.completed (/home/apop/DEV/sokogateOS/node_modules/jest-circus/build/utils.js:298:28)
    at new Promise (<anonymous>)
    at callAsyncCircusFn (/home/apop/DEV/sokogateOS/node_modules/jest-circus/build/utils.js:231:10)
    at _callCircusTest (/home/apop/DEV/sokogateOS/node_modules/jest-circus/build/run.js:316:40)
    at processTicksAndRejections (node:internal/process/task_queues:104:5)
    at _runTest (/home/apop/DEV/sokogateOS/node_modules/jest-circus/build/run.js:252:3)
    at _runTestsForDescribeBlock (/home/apop/DEV/sokogateOS/node_modules/jest-circus/build/run.js:126:9)
    at _runTestsForDescribeBlock (/home/apop/DEV/sokogateOS/node_modules/jest-circus/build/run.js:121:9)
    at run (/home/apop/DEV/sokogateOS/node_modules/jest-circus/build/run.js:71:3)
    at runAndTransformResultsToJestFormat (/home/apop/DEV/sokogateOS/node_modules/jest-circus/build/legacy-code-todo-rewrite/jestAdapterInit.js:122:21)
    at jestAdapter (/home/apop/DEV/sokogateOS/node_modules/jest-circus/build/legacy-code-todo-rewrite/jestAdapter.js:79:19)
    at runTestInternal (/home/apop/DEV/sokogateOS/node_modules/jest-runner/build/runTest.js:367:16)
    at runTest (/home/apop/DEV/sokogateOS/node_modules/jest-runner/build/runTest.js:444:34)
    at Object.worker (/home/apop/DEV/sokogateOS/node_modules/jest-runner/build/testWorker.js:106:12)
2026-06-26 17:16:28.366 [ERROR]: Customization Service: Error handling customization requested: Customization is not a constructor
TypeError: Customization is not a constructor
    at handleCustomizationRequested (/home/apop/DEV/sokogateOS/src/services/customizationService.js:251:27)
    at Object.handleCustomizationRequested [as messageCallback] (/home/apop/DEV/sokogateOS/src/services/customizationService.js:66:19)
    at Object.messageCallback (/home/apop/DEV/sokogateOS/tests/services/customizationService.test.js:125:17)
    at processTicksAndRejections (node:internal/process/task_queues:104:5)
2026-06-26 17:16:28.634 [ERROR]: Customization Service: Error handling design approved: Customization.findOne is not a function
TypeError: Customization.findOne is not a function
    at findOne (/home/apop/DEV/sokogateOS/src/services/customizationService.js:327:47)
    at Object.handleDesignApproved [as messageCallback] (/home/apop/DEV/sokogateOS/src/services/customizationService.js:69:19)
    at Object.messageCallback (/home/apop/DEV/sokogateOS/tests/services/customizationService.test.js:168:17)
    at processTicksAndRejections (node:internal/process/task_queues:104:5)
2026-06-26 17:16:28.678 [ERROR]: Customization Service: Error handling specification updated: Customization.findOne is not a function
TypeError: Customization.findOne is not a function
    at findOne (/home/apop/DEV/sokogateOS/src/services/customizationService.js:354:47)
    at Object.handleSpecificationUpdated [as messageCallback] (/home/apop/DEV/sokogateOS/src/services/customizationService.js:72:19)
    at Object.messageCallback (/home/apop/DEV/sokogateOS/tests/services/customizationService.test.js:215:17)
    at processTicksAndRejections (node:internal/process/task_queues:104:5)
2026-06-26 17:16:28.712 [ERROR]: Customization Service: Error handling material selected: Customization.findOne is not a function
TypeError: Customization.findOne is not a function
    at findOne (/home/apop/DEV/sokogateOS/src/services/customizationService.js:376:47)
    at Object.handleMaterialSelected [as messageCallback] (/home/apop/DEV/sokogateOS/src/services/customizationService.js:75:19)
    at Object.messageCallback (/home/apop/DEV/sokogateOS/tests/services/customizationService.test.js:260:17)
    at processTicksAndRejections (node:internal/process/task_queues:104:5)
2026-06-26 17:16:28.769 [ERROR]: Customization Service: Error handling pricing updated: Customization.findOne is not a function
TypeError: Customization.findOne is not a function
    at findOne (/home/apop/DEV/sokogateOS/src/services/customizationService.js:408:47)
    at Object.handlePricingUpdated [as messageCallback] (/home/apop/DEV/sokogateOS/src/services/customizationService.js:78:19)
    at Object.messageCallback (/home/apop/DEV/sokogateOS/tests/services/customizationService.test.js:306:17)
    at processTicksAndRejections (node:internal/process/task_queues:104:5)
2026-06-26 17:16:28.813 [ERROR]: Customization Service: Error handling production ready: Customization.findOne is not a function
TypeError: Customization.findOne is not a function
    at findOne (/home/apop/DEV/sokogateOS/src/services/customizationService.js:442:47)
    at Object.handleProductionReady [as messageCallback] (/home/apop/DEV/sokogateOS/src/services/customizationService.js:81:19)
    at Object.messageCallback (/home/apop/DEV/sokogateOS/tests/services/customizationService.test.js:351:17)
    at processTicksAndRejections (node:internal/process/task_queues:104:5)
2026-06-26 17:16:29.072 [ERROR]: Sourcing Service: Error handling product query received: Sourcing is not a constructor
TypeError: Sourcing is not a constructor
    at handleProductQueryReceived (/home/apop/DEV/sokogateOS/src/services/sourcingService.js:424:29)
    at Object.handleProductQueryReceived [as messageCallback] (/home/apop/DEV/sokogateOS/src/services/sourcingService.js:165:19)
    at Object.messageCallback (/home/apop/DEV/sokogateOS/tests/services/sourcingService.test.js:118:17)
    at processTicksAndRejections (node:internal/process/task_queues:104:5)
2026-06-26 17:16:30.014 [ERROR]: Supplier Risk Adapter: Failed to start Kakfa: Kafka unavailable
Error: Kafka unavailable
    at Object.<anonymous> (/home/apop/DEV/sokogateOS/tests/ingestion/adapters/supplierRiskAdapter.test.js:75:55)
    at Promise.then.completed (/home/apop/DEV/sokogateOS/node_modules/jest-circus/build/utils.js:298:28)
    at new Promise (<anonymous>)
    at callAsyncCircusFn (/home/apop/DEV/sokogateOS/node_modules/jest-circus/build/utils.js:231:10)
    at _callCircusTest (/home/apop/DEV/sokogateOS/node_modules/jest-circus/build/run.js:316:40)
    at processTicksAndRejections (node:internal/process/task_queues:104:5)
    at _runTest (/home/apop/DEV/sokogateOS/node_modules/jest-circus/build/run.js:252:3)
    at _runTestsForDescribeBlock (/home/apop/DEV/sokogateOS/node_modules/jest-circus/build/run.js:126:9)
    at _runTestsForDescribeBlock (/home/apop/DEV/sokogateOS/node_modules/jest-circus/build/run.js:121:9)
    at run (/home/apop/DEV/sokogateOS/node_modules/jest-circus/build/run.js:71:3)
    at runAndTransformResultsToJestFormat (/home/apop/DEV/sokogateOS/node_modules/jest-circus/build/legacy-code-todo-rewrite/jestAdapterInit.js:122:21)
    at jestAdapter (/home/apop/DEV/sokogateOS/node_modules/jest-circus/build/legacy-code-todo-rewrite/jestAdapter.js:79:19)
    at runTestInternal (/home/apop/DEV/sokogateOS/node_modules/jest-runner/build/runTest.js:367:16)
    at runTest (/home/apop/DEV/sokogateOS/node_modules/jest-runner/build/runTest.js:444:34)
    at Object.worker (/home/apop/DEV/sokogateOS/node_modules/jest-runner/build/testWorker.js:106:12)
2026-06-26 17:16:30.273 [ERROR]: KRW Payment Adapter: Failed to start Kakfa: Kafka unavailable
Error: Kafka unavailable
    at Object.<anonymous> (/home/apop/DEV/sokogateOS/tests/ingestion/adapters/krwPaymentAdapter.test.js:84:55)
    at Promise.then.completed (/home/apop/DEV/sokogateOS/node_modules/jest-circus/build/utils.js:298:28)
    at new Promise (<anonymous>)
    at callAsyncCircusFn (/home/apop/DEV/sokogateOS/node_modules/jest-circus/build/utils.js:231:10)
    at _callCircusTest (/home/apop/DEV/sokogateOS/node_modules/jest-circus/build/run.js:316:40)
    at processTicksAndRejections (node:internal/process/task_queues:104:5)
    at _runTest (/home/apop/DEV/sokogateOS/node_modules/jest-circus/build/run.js:252:3)
    at _runTestsForDescribeBlock (/home/apop/DEV/sokogateOS/node_modules/jest-circus/build/run.js:126:9)
    at _runTestsForDescribeBlock (/home/apop/DEV/sokogateOS/node_modules/jest-circus/build/run.js:121:9)
    at run (/home/apop/DEV/sokogateOS/node_modules/jest-circus/build/run.js:71:3)
    at runAndTransformResultsToJestFormat (/home/apop/DEV/sokogateOS/node_modules/jest-circus/build/legacy-code-todo-rewrite/jestAdapterInit.js:122:21)
    at jestAdapter (/home/apop/DEV/sokogateOS/node_modules/jest-circus/build/legacy-code-todo-rewrite/jestAdapter.js:79:19)
    at runTestInternal (/home/apop/DEV/sokogateOS/node_modules/jest-runner/build/runTest.js:367:16)
    at runTest (/home/apop/DEV/sokogateOS/node_modules/jest-runner/build/runTest.js:444:34)
    at Object.worker (/home/apop/DEV/sokogateOS/node_modules/jest-runner/build/testWorker.js:106:12)
2026-06-26 17:22:09.003 [ERROR]: Sourcing Service: Error handling product query received: Sourcing is not a constructor
TypeError: Sourcing is not a constructor
    at handleProductQueryReceived (/home/apop/DEV/sokogateOS/src/services/sourcingService.js:424:29)
    at Object.handleProductQueryReceived [as messageCallback] (/home/apop/DEV/sokogateOS/src/services/sourcingService.js:165:19)
    at Object.messageCallback (/home/apop/DEV/sokogateOS/tests/services/sourcingService.test.js:118:17)
    at processTicksAndRejections (node:internal/process/task_queues:104:5)
2026-06-26 17:22:10.919 [ERROR]: KRW Payment Adapter: Failed to start Kakfa: Kafka unavailable
Error: Kafka unavailable
    at Object.<anonymous> (/home/apop/DEV/sokogateOS/tests/ingestion/adapters/krwPaymentAdapter.test.js:84:55)
    at Promise.then.completed (/home/apop/DEV/sokogateOS/node_modules/jest-circus/build/utils.js:298:28)
    at new Promise (<anonymous>)
    at callAsyncCircusFn (/home/apop/DEV/sokogateOS/node_modules/jest-circus/build/utils.js:231:10)
    at _callCircusTest (/home/apop/DEV/sokogateOS/node_modules/jest-circus/build/run.js:316:40)
    at processTicksAndRejections (node:internal/process/task_queues:104:5)
    at _runTest (/home/apop/DEV/sokogateOS/node_modules/jest-circus/build/run.js:252:3)
    at _runTestsForDescribeBlock (/home/apop/DEV/sokogateOS/node_modules/jest-circus/build/run.js:126:9)
    at _runTestsForDescribeBlock (/home/apop/DEV/sokogateOS/node_modules/jest-circus/build/run.js:121:9)
    at run (/home/apop/DEV/sokogateOS/node_modules/jest-circus/build/run.js:71:3)
    at runAndTransformResultsToJestFormat (/home/apop/DEV/sokogateOS/node_modules/jest-circus/build/legacy-code-todo-rewrite/jestAdapterInit.js:122:21)
    at jestAdapter (/home/apop/DEV/sokogateOS/node_modules/jest-circus/build/legacy-code-todo-rewrite/jestAdapter.js:79:19)
    at runTestInternal (/home/apop/DEV/sokogateOS/node_modules/jest-runner/build/runTest.js:367:16)
    at runTest (/home/apop/DEV/sokogateOS/node_modules/jest-runner/build/runTest.js:444:34)
    at Object.worker (/home/apop/DEV/sokogateOS/node_modules/jest-runner/build/testWorker.js:106:12)
2026-06-26 17:22:11.552 [ERROR]: Customization Service: Error handling customization requested: Customization is not a constructor
TypeError: Customization is not a constructor
    at handleCustomizationRequested (/home/apop/DEV/sokogateOS/src/services/customizationService.js:251:27)
    at Object.handleCustomizationRequested [as messageCallback] (/home/apop/DEV/sokogateOS/src/services/customizationService.js:66:19)
    at Object.messageCallback (/home/apop/DEV/sokogateOS/tests/services/customizationService.test.js:125:17)
    at processTicksAndRejections (node:internal/process/task_queues:104:5)
2026-06-26 17:22:11.658 [ERROR]: Customization Service: Error handling design approved: Customization.findOne is not a function
TypeError: Customization.findOne is not a function
    at findOne (/home/apop/DEV/sokogateOS/src/services/customizationService.js:327:47)
    at Object.handleDesignApproved [as messageCallback] (/home/apop/DEV/sokogateOS/src/services/customizationService.js:69:19)
    at Object.messageCallback (/home/apop/DEV/sokogateOS/tests/services/customizationService.test.js:168:17)
    at processTicksAndRejections (node:internal/process/task_queues:104:5)
2026-06-26 17:22:11.713 [ERROR]: Customization Service: Error handling specification updated: Customization.findOne is not a function
TypeError: Customization.findOne is not a function
    at findOne (/home/apop/DEV/sokogateOS/src/services/customizationService.js:354:47)
    at Object.handleSpecificationUpdated [as messageCallback] (/home/apop/DEV/sokogateOS/src/services/customizationService.js:72:19)
    at Object.messageCallback (/home/apop/DEV/sokogateOS/tests/services/customizationService.test.js:215:17)
    at processTicksAndRejections (node:internal/process/task_queues:104:5)
2026-06-26 17:22:11.768 [ERROR]: Customization Service: Error handling material selected: Customization.findOne is not a function
TypeError: Customization.findOne is not a function
    at findOne (/home/apop/DEV/sokogateOS/src/services/customizationService.js:376:47)
    at Object.handleMaterialSelected [as messageCallback] (/home/apop/DEV/sokogateOS/src/services/customizationService.js:75:19)
    at Object.messageCallback (/home/apop/DEV/sokogateOS/tests/services/customizationService.test.js:260:17)
    at processTicksAndRejections (node:internal/process/task_queues:104:5)
2026-06-26 17:22:11.809 [ERROR]: Customization Service: Error handling pricing updated: Customization.findOne is not a function
TypeError: Customization.findOne is not a function
    at findOne (/home/apop/DEV/sokogateOS/src/services/customizationService.js:408:47)
    at Object.handlePricingUpdated [as messageCallback] (/home/apop/DEV/sokogateOS/src/services/customizationService.js:78:19)
    at Object.messageCallback (/home/apop/DEV/sokogateOS/tests/services/customizationService.test.js:306:17)
    at processTicksAndRejections (node:internal/process/task_queues:104:5)
2026-06-26 17:22:11.846 [ERROR]: Customization Service: Error handling production ready: Customization.findOne is not a function
TypeError: Customization.findOne is not a function
    at findOne (/home/apop/DEV/sokogateOS/src/services/customizationService.js:442:47)
    at Object.handleProductionReady [as messageCallback] (/home/apop/DEV/sokogateOS/src/services/customizationService.js:81:19)
    at Object.messageCallback (/home/apop/DEV/sokogateOS/tests/services/customizationService.test.js:351:17)
    at processTicksAndRejections (node:internal/process/task_queues:104:5)
2026-06-26 17:22:12.322 [ERROR]: Supplier Risk Adapter: Failed to start Kakfa: Kafka unavailable
Error: Kafka unavailable
    at Object.<anonymous> (/home/apop/DEV/sokogateOS/tests/ingestion/adapters/supplierRiskAdapter.test.js:75:55)
    at Promise.then.completed (/home/apop/DEV/sokogateOS/node_modules/jest-circus/build/utils.js:298:28)
    at new Promise (<anonymous>)
    at callAsyncCircusFn (/home/apop/DEV/sokogateOS/node_modules/jest-circus/build/utils.js:231:10)
    at _callCircusTest (/home/apop/DEV/sokogateOS/node_modules/jest-circus/build/run.js:316:40)
    at processTicksAndRejections (node:internal/process/task_queues:104:5)
    at _runTest (/home/apop/DEV/sokogateOS/node_modules/jest-circus/build/run.js:252:3)
    at _runTestsForDescribeBlock (/home/apop/DEV/sokogateOS/node_modules/jest-circus/build/run.js:126:9)
    at _runTestsForDescribeBlock (/home/apop/DEV/sokogateOS/node_modules/jest-circus/build/run.js:121:9)
    at run (/home/apop/DEV/sokogateOS/node_modules/jest-circus/build/run.js:71:3)
    at runAndTransformResultsToJestFormat (/home/apop/DEV/sokogateOS/node_modules/jest-circus/build/legacy-code-todo-rewrite/jestAdapterInit.js:122:21)
    at jestAdapter (/home/apop/DEV/sokogateOS/node_modules/jest-circus/build/legacy-code-todo-rewrite/jestAdapter.js:79:19)
    at runTestInternal (/home/apop/DEV/sokogateOS/node_modules/jest-runner/build/runTest.js:367:16)
    at runTest (/home/apop/DEV/sokogateOS/node_modules/jest-runner/build/runTest.js:444:34)
    at Object.worker (/home/apop/DEV/sokogateOS/node_modules/jest-runner/build/testWorker.js:106:12)
2026-06-26 17:24:26.484 [ERROR]: Sourcing Service: Error handling product query received: Sourcing is not a constructor
TypeError: Sourcing is not a constructor
    at handleProductQueryReceived (/home/apop/DEV/sokogateOS/src/services/sourcingService.js:424:29)
    at Object.handleProductQueryReceived [as messageCallback] (/home/apop/DEV/sokogateOS/src/services/sourcingService.js:165:19)
    at Object.messageCallback (/home/apop/DEV/sokogateOS/tests/services/sourcingService.test.js:118:17)
    at processTicksAndRejections (node:internal/process/task_queues:104:5)
2026-06-26 17:24:27.872 [ERROR]: Customization Service: Error handling customization requested: Customization is not a constructor
TypeError: Customization is not a constructor
    at handleCustomizationRequested (/home/apop/DEV/sokogateOS/src/services/customizationService.js:251:27)
    at Object.handleCustomizationRequested [as messageCallback] (/home/apop/DEV/sokogateOS/src/services/customizationService.js:66:19)
    at Object.messageCallback (/home/apop/DEV/sokogateOS/tests/services/customizationService.test.js:125:17)
    at processTicksAndRejections (node:internal/process/task_queues:104:5)
2026-06-26 17:24:28.069 [ERROR]: Customization Service: Error handling design approved: Customization.findOne is not a function
TypeError: Customization.findOne is not a function
    at findOne (/home/apop/DEV/sokogateOS/src/services/customizationService.js:327:47)
    at Object.handleDesignApproved [as messageCallback] (/home/apop/DEV/sokogateOS/src/services/customizationService.js:69:19)
    at Object.messageCallback (/home/apop/DEV/sokogateOS/tests/services/customizationService.test.js:168:17)
    at processTicksAndRejections (node:internal/process/task_queues:104:5)
2026-06-26 17:24:28.127 [ERROR]: Customization Service: Error handling specification updated: Customization.findOne is not a function
TypeError: Customization.findOne is not a function
    at findOne (/home/apop/DEV/sokogateOS/src/services/customizationService.js:354:47)
    at Object.handleSpecificationUpdated [as messageCallback] (/home/apop/DEV/sokogateOS/src/services/customizationService.js:72:19)
    at Object.messageCallback (/home/apop/DEV/sokogateOS/tests/services/customizationService.test.js:215:17)
    at processTicksAndRejections (node:internal/process/task_queues:104:5)
2026-06-26 17:24:28.169 [ERROR]: Customization Service: Error handling material selected: Customization.findOne is not a function
TypeError: Customization.findOne is not a function
    at findOne (/home/apop/DEV/sokogateOS/src/services/customizationService.js:376:47)
    at Object.handleMaterialSelected [as messageCallback] (/home/apop/DEV/sokogateOS/src/services/customizationService.js:75:19)
    at Object.messageCallback (/home/apop/DEV/sokogateOS/tests/services/customizationService.test.js:260:17)
    at processTicksAndRejections (node:internal/process/task_queues:104:5)
2026-06-26 17:24:28.201 [ERROR]: Customization Service: Error handling pricing updated: Customization.findOne is not a function
TypeError: Customization.findOne is not a function
    at findOne (/home/apop/DEV/sokogateOS/src/services/customizationService.js:408:47)
    at Object.handlePricingUpdated [as messageCallback] (/home/apop/DEV/sokogateOS/src/services/customizationService.js:78:19)
    at Object.messageCallback (/home/apop/DEV/sokogateOS/tests/services/customizationService.test.js:306:17)
    at processTicksAndRejections (node:internal/process/task_queues:104:5)
2026-06-26 17:24:28.231 [ERROR]: Customization Service: Error handling production ready: Customization.findOne is not a function
TypeError: Customization.findOne is not a function
    at findOne (/home/apop/DEV/sokogateOS/src/services/customizationService.js:442:47)
    at Object.handleProductionReady [as messageCallback] (/home/apop/DEV/sokogateOS/src/services/customizationService.js:81:19)
    at Object.messageCallback (/home/apop/DEV/sokogateOS/tests/services/customizationService.test.js:351:17)
    at processTicksAndRejections (node:internal/process/task_queues:104:5)
2026-06-26 17:24:29.416 [ERROR]: KRW Payment Adapter: Failed to start Kakfa: Kafka unavailable
Error: Kafka unavailable
    at Object.<anonymous> (/home/apop/DEV/sokogateOS/tests/ingestion/adapters/krwPaymentAdapter.test.js:84:55)
    at Promise.then.completed (/home/apop/DEV/sokogateOS/node_modules/jest-circus/build/utils.js:298:28)
    at new Promise (<anonymous>)
    at callAsyncCircusFn (/home/apop/DEV/sokogateOS/node_modules/jest-circus/build/utils.js:231:10)
    at _callCircusTest (/home/apop/DEV/sokogateOS/node_modules/jest-circus/build/run.js:316:40)
    at processTicksAndRejections (node:internal/process/task_queues:104:5)
    at _runTest (/home/apop/DEV/sokogateOS/node_modules/jest-circus/build/run.js:252:3)
    at _runTestsForDescribeBlock (/home/apop/DEV/sokogateOS/node_modules/jest-circus/build/run.js:126:9)
    at _runTestsForDescribeBlock (/home/apop/DEV/sokogateOS/node_modules/jest-circus/build/run.js:121:9)
    at run (/home/apop/DEV/sokogateOS/node_modules/jest-circus/build/run.js:71:3)
    at runAndTransformResultsToJestFormat (/home/apop/DEV/sokogateOS/node_modules/jest-circus/build/legacy-code-todo-rewrite/jestAdapterInit.js:122:21)
    at jestAdapter (/home/apop/DEV/sokogateOS/node_modules/jest-circus/build/legacy-code-todo-rewrite/jestAdapter.js:79:19)
    at runTestInternal (/home/apop/DEV/sokogateOS/node_modules/jest-runner/build/runTest.js:367:16)
    at runTest (/home/apop/DEV/sokogateOS/node_modules/jest-runner/build/runTest.js:444:34)
    at Object.worker (/home/apop/DEV/sokogateOS/node_modules/jest-runner/build/testWorker.js:106:12)
2026-06-26 17:24:30.202 [ERROR]: Supplier Risk Adapter: Failed to start Kakfa: Kafka unavailable
Error: Kafka unavailable
    at Object.<anonymous> (/home/apop/DEV/sokogateOS/tests/ingestion/adapters/supplierRiskAdapter.test.js:75:55)
    at Promise.then.completed (/home/apop/DEV/sokogateOS/node_modules/jest-circus/build/utils.js:298:28)
    at new Promise (<anonymous>)
    at callAsyncCircusFn (/home/apop/DEV/sokogateOS/node_modules/jest-circus/build/utils.js:231:10)
    at _callCircusTest (/home/apop/DEV/sokogateOS/node_modules/jest-circus/build/run.js:316:40)
    at processTicksAndRejections (node:internal/process/task_queues:104:5)
    at _runTest (/home/apop/DEV/sokogateOS/node_modules/jest-circus/build/run.js:252:3)
    at _runTestsForDescribeBlock (/home/apop/DEV/sokogateOS/node_modules/jest-circus/build/run.js:126:9)
    at _runTestsForDescribeBlock (/home/apop/DEV/sokogateOS/node_modules/jest-circus/build/run.js:121:9)
    at run (/home/apop/DEV/sokogateOS/node_modules/jest-circus/build/run.js:71:3)
    at runAndTransformResultsToJestFormat (/home/apop/DEV/sokogateOS/node_modules/jest-circus/build/legacy-code-todo-rewrite/jestAdapterInit.js:122:21)
    at jestAdapter (/home/apop/DEV/sokogateOS/node_modules/jest-circus/build/legacy-code-todo-rewrite/jestAdapter.js:79:19)
    at runTestInternal (/home/apop/DEV/sokogateOS/node_modules/jest-runner/build/runTest.js:367:16)
    at runTest (/home/apop/DEV/sokogateOS/node_modules/jest-runner/build/runTest.js:444:34)
    at Object.worker (/home/apop/DEV/sokogateOS/node_modules/jest-runner/build/testWorker.js:106:12)
2026-06-26 17:26:51.609 [ERROR]: Customization Service: Error handling customization requested: Customization is not a constructor
TypeError: Customization is not a constructor
    at handleCustomizationRequested (/home/apop/DEV/sokogateOS/src/services/customizationService.js:251:27)
    at Object.handleCustomizationRequested [as messageCallback] (/home/apop/DEV/sokogateOS/src/services/customizationService.js:66:19)
    at Object.messageCallback (/home/apop/DEV/sokogateOS/tests/services/customizationService.test.js:125:17)
    at processTicksAndRejections (node:internal/process/task_queues:104:5)
2026-06-26 17:26:52.005 [ERROR]: Customization Service: Error handling design approved: Customization.findOne is not a function
TypeError: Customization.findOne is not a function
    at findOne (/home/apop/DEV/sokogateOS/src/services/customizationService.js:327:47)
    at Object.handleDesignApproved [as messageCallback] (/home/apop/DEV/sokogateOS/src/services/customizationService.js:69:19)
    at Object.messageCallback (/home/apop/DEV/sokogateOS/tests/services/customizationService.test.js:168:17)
    at processTicksAndRejections (node:internal/process/task_queues:104:5)
2026-06-26 17:26:52.038 [ERROR]: Customization Service: Error handling specification updated: Customization.findOne is not a function
TypeError: Customization.findOne is not a function
    at findOne (/home/apop/DEV/sokogateOS/src/services/customizationService.js:354:47)
    at Object.handleSpecificationUpdated [as messageCallback] (/home/apop/DEV/sokogateOS/src/services/customizationService.js:72:19)
    at Object.messageCallback (/home/apop/DEV/sokogateOS/tests/services/customizationService.test.js:215:17)
    at processTicksAndRejections (node:internal/process/task_queues:104:5)
2026-06-26 17:26:52.111 [ERROR]: Customization Service: Error handling material selected: Customization.findOne is not a function
TypeError: Customization.findOne is not a function
    at findOne (/home/apop/DEV/sokogateOS/src/services/customizationService.js:376:47)
    at Object.handleMaterialSelected [as messageCallback] (/home/apop/DEV/sokogateOS/src/services/customizationService.js:75:19)
    at Object.messageCallback (/home/apop/DEV/sokogateOS/tests/services/customizationService.test.js:260:17)
    at processTicksAndRejections (node:internal/process/task_queues:104:5)
2026-06-26 17:26:52.167 [ERROR]: Customization Service: Error handling pricing updated: Customization.findOne is not a function
TypeError: Customization.findOne is not a function
    at findOne (/home/apop/DEV/sokogateOS/src/services/customizationService.js:408:47)
    at Object.handlePricingUpdated [as messageCallback] (/home/apop/DEV/sokogateOS/src/services/customizationService.js:78:19)
    at Object.messageCallback (/home/apop/DEV/sokogateOS/tests/services/customizationService.test.js:306:17)
    at processTicksAndRejections (node:internal/process/task_queues:104:5)
2026-06-26 17:26:52.243 [ERROR]: Customization Service: Error handling production ready: Customization.findOne is not a function
TypeError: Customization.findOne is not a function
    at findOne (/home/apop/DEV/sokogateOS/src/services/customizationService.js:442:47)
    at Object.handleProductionReady [as messageCallback] (/home/apop/DEV/sokogateOS/src/services/customizationService.js:81:19)
    at Object.messageCallback (/home/apop/DEV/sokogateOS/tests/services/customizationService.test.js:351:17)
    at processTicksAndRejections (node:internal/process/task_queues:104:5)
2026-06-26 17:26:52.329 [ERROR]: KRW Payment Adapter: Failed to start Kakfa: Kafka unavailable
Error: Kafka unavailable
    at Object.<anonymous> (/home/apop/DEV/sokogateOS/tests/ingestion/adapters/krwPaymentAdapter.test.js:84:55)
    at Promise.then.completed (/home/apop/DEV/sokogateOS/node_modules/jest-circus/build/utils.js:298:28)
    at new Promise (<anonymous>)
    at callAsyncCircusFn (/home/apop/DEV/sokogateOS/node_modules/jest-circus/build/utils.js:231:10)
    at _callCircusTest (/home/apop/DEV/sokogateOS/node_modules/jest-circus/build/run.js:316:40)
    at processTicksAndRejections (node:internal/process/task_queues:104:5)
    at _runTest (/home/apop/DEV/sokogateOS/node_modules/jest-circus/build/run.js:252:3)
    at _runTestsForDescribeBlock (/home/apop/DEV/sokogateOS/node_modules/jest-circus/build/run.js:126:9)
    at _runTestsForDescribeBlock (/home/apop/DEV/sokogateOS/node_modules/jest-circus/build/run.js:121:9)
    at run (/home/apop/DEV/sokogateOS/node_modules/jest-circus/build/run.js:71:3)
    at runAndTransformResultsToJestFormat (/home/apop/DEV/sokogateOS/node_modules/jest-circus/build/legacy-code-todo-rewrite/jestAdapterInit.js:122:21)
    at jestAdapter (/home/apop/DEV/sokogateOS/node_modules/jest-circus/build/legacy-code-todo-rewrite/jestAdapter.js:79:19)
    at runTestInternal (/home/apop/DEV/sokogateOS/node_modules/jest-runner/build/runTest.js:367:16)
    at runTest (/home/apop/DEV/sokogateOS/node_modules/jest-runner/build/runTest.js:444:34)
    at Object.worker (/home/apop/DEV/sokogateOS/node_modules/jest-runner/build/testWorker.js:106:12)
2026-06-26 17:26:52.552 [ERROR]: Sourcing Service: Error handling product query received: Sourcing is not a constructor
TypeError: Sourcing is not a constructor
    at handleProductQueryReceived (/home/apop/DEV/sokogateOS/src/services/sourcingService.js:424:29)
    at Object.handleProductQueryReceived [as messageCallback] (/home/apop/DEV/sokogateOS/src/services/sourcingService.js:165:19)
    at Object.messageCallback (/home/apop/DEV/sokogateOS/tests/services/sourcingService.test.js:118:17)
    at processTicksAndRejections (node:internal/process/task_queues:104:5)
2026-06-26 17:26:53.548 [ERROR]: Supplier Risk Adapter: Failed to start Kakfa: Kafka unavailable
Error: Kafka unavailable
    at Object.<anonymous> (/home/apop/DEV/sokogateOS/tests/ingestion/adapters/supplierRiskAdapter.test.js:75:55)
    at Promise.then.completed (/home/apop/DEV/sokogateOS/node_modules/jest-circus/build/utils.js:298:28)
    at new Promise (<anonymous>)
    at callAsyncCircusFn (/home/apop/DEV/sokogateOS/node_modules/jest-circus/build/utils.js:231:10)
    at _callCircusTest (/home/apop/DEV/sokogateOS/node_modules/jest-circus/build/run.js:316:40)
    at processTicksAndRejections (node:internal/process/task_queues:104:5)
    at _runTest (/home/apop/DEV/sokogateOS/node_modules/jest-circus/build/run.js:252:3)
    at _runTestsForDescribeBlock (/home/apop/DEV/sokogateOS/node_modules/jest-circus/build/run.js:126:9)
    at _runTestsForDescribeBlock (/home/apop/DEV/sokogateOS/node_modules/jest-circus/build/run.js:121:9)
    at run (/home/apop/DEV/sokogateOS/node_modules/jest-circus/build/run.js:71:3)
    at runAndTransformResultsToJestFormat (/home/apop/DEV/sokogateOS/node_modules/jest-circus/build/legacy-code-todo-rewrite/jestAdapterInit.js:122:21)
    at jestAdapter (/home/apop/DEV/sokogateOS/node_modules/jest-circus/build/legacy-code-todo-rewrite/jestAdapter.js:79:19)
    at runTestInternal (/home/apop/DEV/sokogateOS/node_modules/jest-runner/build/runTest.js:367:16)
    at runTest (/home/apop/DEV/sokogateOS/node_modules/jest-runner/build/runTest.js:444:34)
    at Object.worker (/home/apop/DEV/sokogateOS/node_modules/jest-runner/build/testWorker.js:106:12)
2026-06-26 19:45:20.595 [ERROR]: Customization Service: Error handling customization requested: Customization is not a constructor
TypeError: Customization is not a constructor
    at handleCustomizationRequested (/home/apop/DEV/sokogateOS/src/services/customizationService.js:251:27)
    at Object.handleCustomizationRequested [as messageCallback] (/home/apop/DEV/sokogateOS/src/services/customizationService.js:66:19)
    at Object.messageCallback (/home/apop/DEV/sokogateOS/tests/services/customizationService.test.js:125:17)
    at processTicksAndRejections (node:internal/process/task_queues:104:5)
2026-06-26 19:45:20.865 [ERROR]: Customization Service: Error handling design approved: Customization.findOne is not a function
TypeError: Customization.findOne is not a function
    at findOne (/home/apop/DEV/sokogateOS/src/services/customizationService.js:327:47)
    at Object.handleDesignApproved [as messageCallback] (/home/apop/DEV/sokogateOS/src/services/customizationService.js:69:19)
    at Object.messageCallback (/home/apop/DEV/sokogateOS/tests/services/customizationService.test.js:168:17)
    at processTicksAndRejections (node:internal/process/task_queues:104:5)
2026-06-26 19:45:21.109 [ERROR]: Customization Service: Error handling specification updated: Customization.findOne is not a function
TypeError: Customization.findOne is not a function
    at findOne (/home/apop/DEV/sokogateOS/src/services/customizationService.js:354:47)
    at Object.handleSpecificationUpdated [as messageCallback] (/home/apop/DEV/sokogateOS/src/services/customizationService.js:72:19)
    at Object.messageCallback (/home/apop/DEV/sokogateOS/tests/services/customizationService.test.js:215:17)
    at processTicksAndRejections (node:internal/process/task_queues:104:5)
2026-06-26 19:45:21.151 [ERROR]: Customization Service: Error handling material selected: Customization.findOne is not a function
TypeError: Customization.findOne is not a function
    at findOne (/home/apop/DEV/sokogateOS/src/services/customizationService.js:376:47)
    at Object.handleMaterialSelected [as messageCallback] (/home/apop/DEV/sokogateOS/src/services/customizationService.js:75:19)
    at Object.messageCallback (/home/apop/DEV/sokogateOS/tests/services/customizationService.test.js:260:17)
    at processTicksAndRejections (node:internal/process/task_queues:104:5)
2026-06-26 19:45:21.187 [ERROR]: Customization Service: Error handling pricing updated: Customization.findOne is not a function
TypeError: Customization.findOne is not a function
    at findOne (/home/apop/DEV/sokogateOS/src/services/customizationService.js:408:47)
    at Object.handlePricingUpdated [as messageCallback] (/home/apop/DEV/sokogateOS/src/services/customizationService.js:78:19)
    at Object.messageCallback (/home/apop/DEV/sokogateOS/tests/services/customizationService.test.js:306:17)
    at processTicksAndRejections (node:internal/process/task_queues:104:5)
2026-06-26 19:45:21.222 [ERROR]: Customization Service: Error handling production ready: Customization.findOne is not a function
TypeError: Customization.findOne is not a function
    at findOne (/home/apop/DEV/sokogateOS/src/services/customizationService.js:442:47)
    at Object.handleProductionReady [as messageCallback] (/home/apop/DEV/sokogateOS/src/services/customizationService.js:81:19)
    at Object.messageCallback (/home/apop/DEV/sokogateOS/tests/services/customizationService.test.js:351:17)
    at processTicksAndRejections (node:internal/process/task_queues:104:5)
2026-06-26 19:45:21.305 [ERROR]: Sourcing Service: Error handling product query received: Sourcing is not a constructor
TypeError: Sourcing is not a constructor
    at handleProductQueryReceived (/home/apop/DEV/sokogateOS/src/services/sourcingService.js:424:29)
    at Object.handleProductQueryReceived [as messageCallback] (/home/apop/DEV/sokogateOS/src/services/sourcingService.js:165:19)
    at Object.messageCallback (/home/apop/DEV/sokogateOS/tests/services/sourcingService.test.js:118:17)
    at processTicksAndRejections (node:internal/process/task_queues:104:5)
2026-06-26 19:45:21.938 [ERROR]: KRW Payment Adapter: Failed to start Kakfa: Kafka unavailable
Error: Kafka unavailable
    at Object.<anonymous> (/home/apop/DEV/sokogateOS/tests/ingestion/adapters/krwPaymentAdapter.test.js:84:55)
    at Promise.then.completed (/home/apop/DEV/sokogateOS/node_modules/jest-circus/build/utils.js:298:28)
    at new Promise (<anonymous>)
    at callAsyncCircusFn (/home/apop/DEV/sokogateOS/node_modules/jest-circus/build/utils.js:231:10)
    at _callCircusTest (/home/apop/DEV/sokogateOS/node_modules/jest-circus/build/run.js:316:40)
    at processTicksAndRejections (node:internal/process/task_queues:104:5)
    at _runTest (/home/apop/DEV/sokogateOS/node_modules/jest-circus/build/run.js:252:3)
    at _runTestsForDescribeBlock (/home/apop/DEV/sokogateOS/node_modules/jest-circus/build/run.js:126:9)
    at _runTestsForDescribeBlock (/home/apop/DEV/sokogateOS/node_modules/jest-circus/build/run.js:121:9)
    at run (/home/apop/DEV/sokogateOS/node_modules/jest-circus/build/run.js:71:3)
    at runAndTransformResultsToJestFormat (/home/apop/DEV/sokogateOS/node_modules/jest-circus/build/legacy-code-todo-rewrite/jestAdapterInit.js:122:21)
    at jestAdapter (/home/apop/DEV/sokogateOS/node_modules/jest-circus/build/legacy-code-todo-rewrite/jestAdapter.js:79:19)
    at runTestInternal (/home/apop/DEV/sokogateOS/node_modules/jest-runner/build/runTest.js:367:16)
    at runTest (/home/apop/DEV/sokogateOS/node_modules/jest-runner/build/runTest.js:444:34)
    at Object.worker (/home/apop/DEV/sokogateOS/node_modules/jest-runner/build/testWorker.js:106:12)
2026-06-26 19:45:23.468 [ERROR]: Supplier Risk Adapter: Failed to start Kakfa: Kafka unavailable
Error: Kafka unavailable
    at Object.<anonymous> (/home/apop/DEV/sokogateOS/tests/ingestion/adapters/supplierRiskAdapter.test.js:75:55)
    at Promise.then.completed (/home/apop/DEV/sokogateOS/node_modules/jest-circus/build/utils.js:298:28)
    at new Promise (<anonymous>)
    at callAsyncCircusFn (/home/apop/DEV/sokogateOS/node_modules/jest-circus/build/utils.js:231:10)
    at _callCircusTest (/home/apop/DEV/sokogateOS/node_modules/jest-circus/build/run.js:316:40)
    at processTicksAndRejections (node:internal/process/task_queues:104:5)
    at _runTest (/home/apop/DEV/sokogateOS/node_modules/jest-circus/build/run.js:252:3)
    at _runTestsForDescribeBlock (/home/apop/DEV/sokogateOS/node_modules/jest-circus/build/run.js:126:9)
    at _runTestsForDescribeBlock (/home/apop/DEV/sokogateOS/node_modules/jest-circus/build/run.js:121:9)
    at run (/home/apop/DEV/sokogateOS/node_modules/jest-circus/build/run.js:71:3)
    at runAndTransformResultsToJestFormat (/home/apop/DEV/sokogateOS/node_modules/jest-circus/build/legacy-code-todo-rewrite/jestAdapterInit.js:122:21)
    at jestAdapter (/home/apop/DEV/sokogateOS/node_modules/jest-circus/build/legacy-code-todo-rewrite/jestAdapter.js:79:19)
    at runTestInternal (/home/apop/DEV/sokogateOS/node_modules/jest-runner/build/runTest.js:367:16)
    at runTest (/home/apop/DEV/sokogateOS/node_modules/jest-runner/build/runTest.js:444:34)
    at Object.worker (/home/apop/DEV/sokogateOS/node_modules/jest-runner/build/testWorker.js:106:12)
2026-06-26 20:36:23.649 [ERROR]: Sourcing Service: Error handling product query received: Sourcing is not a constructor
TypeError: Sourcing is not a constructor
    at handleProductQueryReceived (/home/apop/DEV/sokogateOS/src/services/sourcingService.js:424:29)
    at Object.handleProductQueryReceived [as messageCallback] (/home/apop/DEV/sokogateOS/src/services/sourcingService.js:165:19)
    at Object.messageCallback (/home/apop/DEV/sokogateOS/tests/services/sourcingService.test.js:118:17)
    at processTicksAndRejections (node:internal/process/task_queues:104:5)
2026-06-26 20:36:26.080 [ERROR]: KRW Payment Adapter: Failed to start Kakfa: Kafka unavailable
Error: Kafka unavailable
    at Object.<anonymous> (/home/apop/DEV/sokogateOS/tests/ingestion/adapters/krwPaymentAdapter.test.js:84:55)
    at Promise.then.completed (/home/apop/DEV/sokogateOS/node_modules/jest-circus/build/utils.js:298:28)
    at new Promise (<anonymous>)
    at callAsyncCircusFn (/home/apop/DEV/sokogateOS/node_modules/jest-circus/build/utils.js:231:10)
    at _callCircusTest (/home/apop/DEV/sokogateOS/node_modules/jest-circus/build/run.js:316:40)
    at processTicksAndRejections (node:internal/process/task_queues:104:5)
    at _runTest (/home/apop/DEV/sokogateOS/node_modules/jest-circus/build/run.js:252:3)
    at _runTestsForDescribeBlock (/home/apop/DEV/sokogateOS/node_modules/jest-circus/build/run.js:126:9)
    at _runTestsForDescribeBlock (/home/apop/DEV/sokogateOS/node_modules/jest-circus/build/run.js:121:9)
    at run (/home/apop/DEV/sokogateOS/node_modules/jest-circus/build/run.js:71:3)
    at runAndTransformResultsToJestFormat (/home/apop/DEV/sokogateOS/node_modules/jest-circus/build/legacy-code-todo-rewrite/jestAdapterInit.js:122:21)
    at jestAdapter (/home/apop/DEV/sokogateOS/node_modules/jest-circus/build/legacy-code-todo-rewrite/jestAdapter.js:79:19)
    at runTestInternal (/home/apop/DEV/sokogateOS/node_modules/jest-runner/build/runTest.js:367:16)
    at runTest (/home/apop/DEV/sokogateOS/node_modules/jest-runner/build/runTest.js:444:34)
    at Object.worker (/home/apop/DEV/sokogateOS/node_modules/jest-runner/build/testWorker.js:106:12)
2026-06-26 20:36:25.656 [ERROR]: Customization Service: Error handling customization requested: Customization is not a constructor
TypeError: Customization is not a constructor
    at handleCustomizationRequested (/home/apop/DEV/sokogateOS/src/services/customizationService.js:251:27)
    at Object.handleCustomizationRequested [as messageCallback] (/home/apop/DEV/sokogateOS/src/services/customizationService.js:66:19)
    at Object.messageCallback (/home/apop/DEV/sokogateOS/tests/services/customizationService.test.js:125:17)
    at processTicksAndRejections (node:internal/process/task_queues:104:5)
2026-06-26 20:36:25.921 [ERROR]: Customization Service: Error handling design approved: Customization.findOne is not a function
TypeError: Customization.findOne is not a function
    at findOne (/home/apop/DEV/sokogateOS/src/services/customizationService.js:327:47)
    at Object.handleDesignApproved [as messageCallback] (/home/apop/DEV/sokogateOS/src/services/customizationService.js:69:19)
    at Object.messageCallback (/home/apop/DEV/sokogateOS/tests/services/customizationService.test.js:168:17)
    at processTicksAndRejections (node:internal/process/task_queues:104:5)
2026-06-26 20:36:25.999 [ERROR]: Customization Service: Error handling specification updated: Customization.findOne is not a function
TypeError: Customization.findOne is not a function
    at findOne (/home/apop/DEV/sokogateOS/src/services/customizationService.js:354:47)
    at Object.handleSpecificationUpdated [as messageCallback] (/home/apop/DEV/sokogateOS/src/services/customizationService.js:72:19)
    at Object.messageCallback (/home/apop/DEV/sokogateOS/tests/services/customizationService.test.js:215:17)
    at processTicksAndRejections (node:internal/process/task_queues:104:5)
2026-06-26 20:36:26.054 [ERROR]: Customization Service: Error handling material selected: Customization.findOne is not a function
TypeError: Customization.findOne is not a function
    at findOne (/home/apop/DEV/sokogateOS/src/services/customizationService.js:376:47)
    at Object.handleMaterialSelected [as messageCallback] (/home/apop/DEV/sokogateOS/src/services/customizationService.js:75:19)
    at Object.messageCallback (/home/apop/DEV/sokogateOS/tests/services/customizationService.test.js:260:17)
    at processTicksAndRejections (node:internal/process/task_queues:104:5)
2026-06-26 20:36:26.094 [ERROR]: Customization Service: Error handling pricing updated: Customization.findOne is not a function
TypeError: Customization.findOne is not a function
    at findOne (/home/apop/DEV/sokogateOS/src/services/customizationService.js:408:47)
    at Object.handlePricingUpdated [as messageCallback] (/home/apop/DEV/sokogateOS/src/services/customizationService.js:78:19)
    at Object.messageCallback (/home/apop/DEV/sokogateOS/tests/services/customizationService.test.js:306:17)
    at processTicksAndRejections (node:internal/process/task_queues:104:5)
2026-06-26 20:36:26.145 [ERROR]: Customization Service: Error handling production ready: Customization.findOne is not a function
TypeError: Customization.findOne is not a function
    at findOne (/home/apop/DEV/sokogateOS/src/services/customizationService.js:442:47)
    at Object.handleProductionReady [as messageCallback] (/home/apop/DEV/sokogateOS/src/services/customizationService.js:81:19)
    at Object.messageCallback (/home/apop/DEV/sokogateOS/tests/services/customizationService.test.js:351:17)
    at processTicksAndRejections (node:internal/process/task_queues:104:5)
2026-06-26 20:36:27.657 [ERROR]: Supplier Risk Adapter: Failed to start Kakfa: Kafka unavailable
Error: Kafka unavailable
    at Object.<anonymous> (/home/apop/DEV/sokogateOS/tests/ingestion/adapters/supplierRiskAdapter.test.js:75:55)
    at Promise.then.completed (/home/apop/DEV/sokogateOS/node_modules/jest-circus/build/utils.js:298:28)
    at new Promise (<anonymous>)
    at callAsyncCircusFn (/home/apop/DEV/sokogateOS/node_modules/jest-circus/build/utils.js:231:10)
    at _callCircusTest (/home/apop/DEV/sokogateOS/node_modules/jest-circus/build/run.js:316:40)
    at processTicksAndRejections (node:internal/process/task_queues:104:5)
    at _runTest (/home/apop/DEV/sokogateOS/node_modules/jest-circus/build/run.js:252:3)
    at _runTestsForDescribeBlock (/home/apop/DEV/sokogateOS/node_modules/jest-circus/build/run.js:126:9)
    at _runTestsForDescribeBlock (/home/apop/DEV/sokogateOS/node_modules/jest-circus/build/run.js:121:9)
    at run (/home/apop/DEV/sokogateOS/node_modules/jest-circus/build/run.js:71:3)
    at runAndTransformResultsToJestFormat (/home/apop/DEV/sokogateOS/node_modules/jest-circus/build/legacy-code-todo-rewrite/jestAdapterInit.js:122:21)
    at jestAdapter (/home/apop/DEV/sokogateOS/node_modules/jest-circus/build/legacy-code-todo-rewrite/jestAdapter.js:79:19)
    at runTestInternal (/home/apop/DEV/sokogateOS/node_modules/jest-runner/build/runTest.js:367:16)
    at runTest (/home/apop/DEV/sokogateOS/node_modules/jest-runner/build/runTest.js:444:34)
    at Object.worker (/home/apop/DEV/sokogateOS/node_modules/jest-runner/build/testWorker.js:106:12)
2026-07-30 21:15:56.723 [ERROR]: Customization Service: Error handling customization requested: Customization is not a constructor
TypeError: Customization is not a constructor
    at handleCustomizationRequested (/home/apop/DEV/sokogateOS/src/services/customizationService.js:251:27)
    at Object.handleCustomizationRequested [as messageCallback] (/home/apop/DEV/sokogateOS/src/services/customizationService.js:66:19)
    at Object.messageCallback (/home/apop/DEV/sokogateOS/tests/services/customizationService.test.js:125:17)
    at processTicksAndRejections (node:internal/process/task_queues:103:5)
2026-07-30 21:15:56.796 [ERROR]: Customization Service: Error handling design approved: Customization.findOne is not a function
TypeError: Customization.findOne is not a function
    at findOne (/home/apop/DEV/sokogateOS/src/services/customizationService.js:327:47)
    at Object.handleDesignApproved [as messageCallback] (/home/apop/DEV/sokogateOS/src/services/customizationService.js:69:19)
    at Object.messageCallback (/home/apop/DEV/sokogateOS/tests/services/customizationService.test.js:168:17)
    at processTicksAndRejections (node:internal/process/task_queues:103:5)
2026-07-30 21:15:56.818 [ERROR]: Customization Service: Error handling specification updated: Customization.findOne is not a function
TypeError: Customization.findOne is not a function
    at findOne (/home/apop/DEV/sokogateOS/src/services/customizationService.js:354:47)
    at Object.handleSpecificationUpdated [as messageCallback] (/home/apop/DEV/sokogateOS/src/services/customizationService.js:72:19)
    at Object.messageCallback (/home/apop/DEV/sokogateOS/tests/services/customizationService.test.js:215:17)
    at processTicksAndRejections (node:internal/process/task_queues:103:5)
2026-07-30 21:15:56.860 [ERROR]: Customization Service: Error handling material selected: Customization.findOne is not a function
TypeError: Customization.findOne is not a function
    at findOne (/home/apop/DEV/sokogateOS/src/services/customizationService.js:376:47)
    at Object.handleMaterialSelected [as messageCallback] (/home/apop/DEV/sokogateOS/src/services/customizationService.js:75:19)
    at Object.messageCallback (/home/apop/DEV/sokogateOS/tests/services/customizationService.test.js:260:17)
    at processTicksAndRejections (node:internal/process/task_queues:103:5)
2026-07-30 21:15:56.878 [ERROR]: Customization Service: Error handling pricing updated: Customization.findOne is not a function
TypeError: Customization.findOne is not a function
    at findOne (/home/apop/DEV/sokogateOS/src/services/customizationService.js:408:47)
    at Object.handlePricingUpdated [as messageCallback] (/home/apop/DEV/sokogateOS/src/services/customizationService.js:78:19)
    at Object.messageCallback (/home/apop/DEV/sokogateOS/tests/services/customizationService.test.js:306:17)
    at processTicksAndRejections (node:internal/process/task_queues:103:5)
2026-07-30 21:15:56.897 [ERROR]: Customization Service: Error handling production ready: Customization.findOne is not a function
TypeError: Customization.findOne is not a function
    at findOne (/home/apop/DEV/sokogateOS/src/services/customizationService.js:442:47)
    at Object.handleProductionReady [as messageCallback] (/home/apop/DEV/sokogateOS/src/services/customizationService.js:81:19)
    at Object.messageCallback (/home/apop/DEV/sokogateOS/tests/services/customizationService.test.js:351:17)
    at processTicksAndRejections (node:internal/process/task_queues:103:5)
2026-07-30 21:15:59.022 [ERROR]: Sourcing Service: Error handling product query received: Sourcing is not a constructor
TypeError: Sourcing is not a constructor
    at handleProductQueryReceived (/home/apop/DEV/sokogateOS/src/services/sourcingService.js:424:29)
    at Object.handleProductQueryReceived [as messageCallback] (/home/apop/DEV/sokogateOS/src/services/sourcingService.js:165:19)
    at Object.messageCallback (/home/apop/DEV/sokogateOS/tests/services/sourcingService.test.js:118:17)
    at processTicksAndRejections (node:internal/process/task_queues:103:5)
2026-07-30 21:16:01.558 [ERROR]: KRW Payment Adapter: Failed to start Kakfa: Kafka unavailable
Error: Kafka unavailable
    at Object.<anonymous> (/home/apop/DEV/sokogateOS/tests/ingestion/adapters/krwPaymentAdapter.test.js:84:55)
    at Promise.then.completed (/home/apop/DEV/sokogateOS/node_modules/jest-circus/build/utils.js:298:28)
    at new Promise (<anonymous>)
    at callAsyncCircusFn (/home/apop/DEV/sokogateOS/node_modules/jest-circus/build/utils.js:231:10)
    at _callCircusTest (/home/apop/DEV/sokogateOS/node_modules/jest-circus/build/run.js:316:40)
    at processTicksAndRejections (node:internal/process/task_queues:103:5)
    at _runTest (/home/apop/DEV/sokogateOS/node_modules/jest-circus/build/run.js:252:3)
    at _runTestsForDescribeBlock (/home/apop/DEV/sokogateOS/node_modules/jest-circus/build/run.js:126:9)
    at _runTestsForDescribeBlock (/home/apop/DEV/sokogateOS/node_modules/jest-circus/build/run.js:121:9)
    at run (/home/apop/DEV/sokogateOS/node_modules/jest-circus/build/run.js:71:3)
    at runAndTransformResultsToJestFormat (/home/apop/DEV/sokogateOS/node_modules/jest-circus/build/legacy-code-todo-rewrite/jestAdapterInit.js:122:21)
    at jestAdapter (/home/apop/DEV/sokogateOS/node_modules/jest-circus/build/legacy-code-todo-rewrite/jestAdapter.js:79:19)
    at runTestInternal (/home/apop/DEV/sokogateOS/node_modules/jest-runner/build/runTest.js:367:16)
    at runTest (/home/apop/DEV/sokogateOS/node_modules/jest-runner/build/runTest.js:444:34)
    at Object.worker (/home/apop/DEV/sokogateOS/node_modules/jest-runner/build/testWorker.js:106:12)
2026-07-30 21:16:01.863 [ERROR]: Supplier Risk Adapter: Failed to start Kakfa: Kafka unavailable
Error: Kafka unavailable
    at Object.<anonymous> (/home/apop/DEV/sokogateOS/tests/ingestion/adapters/supplierRiskAdapter.test.js:75:55)
    at Promise.then.completed (/home/apop/DEV/sokogateOS/node_modules/jest-circus/build/utils.js:298:28)
    at new Promise (<anonymous>)
    at callAsyncCircusFn (/home/apop/DEV/sokogateOS/node_modules/jest-circus/build/utils.js:231:10)
    at _callCircusTest (/home/apop/DEV/sokogateOS/node_modules/jest-circus/build/run.js:316:40)
    at processTicksAndRejections (node:internal/process/task_queues:103:5)
    at _runTest (/home/apop/DEV/sokogateOS/node_modules/jest-circus/build/run.js:252:3)
    at _runTestsForDescribeBlock (/home/apop/DEV/sokogateOS/node_modules/jest-circus/build/run.js:126:9)
    at _runTestsForDescribeBlock (/home/apop/DEV/sokogateOS/node_modules/jest-circus/build/run.js:121:9)
    at run (/home/apop/DEV/sokogateOS/node_modules/jest-circus/build/run.js:71:3)
    at runAndTransformResultsToJestFormat (/home/apop/DEV/sokogateOS/node_modules/jest-circus/build/legacy-code-todo-rewrite/jestAdapterInit.js:122:21)
    at jestAdapter (/home/apop/DEV/sokogateOS/node_modules/jest-circus/build/legacy-code-todo-rewrite/jestAdapter.js:79:19)
    at runTestInternal (/home/apop/DEV/sokogateOS/node_modules/jest-runner/build/runTest.js:367:16)
    at runTest (/home/apop/DEV/sokogateOS/node_modules/jest-runner/build/runTest.js:444:34)
    at Object.worker (/home/apop/DEV/sokogateOS/node_modules/jest-runner/build/testWorker.js:106:12)
2026-07-30 21:16:22.569 [ERROR]: Sourcing Service: Error handling product query received: Sourcing is not a constructor
TypeError: Sourcing is not a constructor
    at handleProductQueryReceived (/home/apop/DEV/sokogateOS/src/services/sourcingService.js:424:29)
    at Object.handleProductQueryReceived [as messageCallback] (/home/apop/DEV/sokogateOS/src/services/sourcingService.js:165:19)
    at Object.messageCallback (/home/apop/DEV/sokogateOS/tests/services/sourcingService.test.js:118:17)
    at processTicksAndRejections (node:internal/process/task_queues:103:5)
2026-07-30 21:16:23.149 [ERROR]: Customization Service: Error handling customization requested: Customization is not a constructor
TypeError: Customization is not a constructor
    at handleCustomizationRequested (/home/apop/DEV/sokogateOS/src/services/customizationService.js:251:27)
    at Object.handleCustomizationRequested [as messageCallback] (/home/apop/DEV/sokogateOS/src/services/customizationService.js:66:19)
    at Object.messageCallback (/home/apop/DEV/sokogateOS/tests/services/customizationService.test.js:125:17)
    at processTicksAndRejections (node:internal/process/task_queues:103:5)
2026-07-30 21:16:23.228 [ERROR]: Customization Service: Error handling design approved: Customization.findOne is not a function
TypeError: Customization.findOne is not a function
    at findOne (/home/apop/DEV/sokogateOS/src/services/customizationService.js:327:47)
    at Object.handleDesignApproved [as messageCallback] (/home/apop/DEV/sokogateOS/src/services/customizationService.js:69:19)
    at Object.messageCallback (/home/apop/DEV/sokogateOS/tests/services/customizationService.test.js:168:17)
    at processTicksAndRejections (node:internal/process/task_queues:103:5)
2026-07-30 21:16:23.245 [ERROR]: Customization Service: Error handling specification updated: Customization.findOne is not a function
TypeError: Customization.findOne is not a function
    at findOne (/home/apop/DEV/sokogateOS/src/services/customizationService.js:354:47)
    at Object.handleSpecificationUpdated [as messageCallback] (/home/apop/DEV/sokogateOS/src/services/customizationService.js:72:19)
    at Object.messageCallback (/home/apop/DEV/sokogateOS/tests/services/customizationService.test.js:215:17)
    at processTicksAndRejections (node:internal/process/task_queues:103:5)
2026-07-30 21:16:23.271 [ERROR]: Customization Service: Error handling material selected: Customization.findOne is not a function
TypeError: Customization.findOne is not a function
    at findOne (/home/apop/DEV/sokogateOS/src/services/customizationService.js:376:47)
    at Object.handleMaterialSelected [as messageCallback] (/home/apop/DEV/sokogateOS/src/services/customizationService.js:75:19)
    at Object.messageCallback (/home/apop/DEV/sokogateOS/tests/services/customizationService.test.js:260:17)
    at processTicksAndRejections (node:internal/process/task_queues:103:5)
2026-07-30 21:16:23.284 [ERROR]: Customization Service: Error handling pricing updated: Customization.findOne is not a function
TypeError: Customization.findOne is not a function
    at findOne (/home/apop/DEV/sokogateOS/src/services/customizationService.js:408:47)
    at Object.handlePricingUpdated [as messageCallback] (/home/apop/DEV/sokogateOS/src/services/customizationService.js:78:19)
    at Object.messageCallback (/home/apop/DEV/sokogateOS/tests/services/customizationService.test.js:306:17)
    at processTicksAndRejections (node:internal/process/task_queues:103:5)
2026-07-30 21:16:23.296 [ERROR]: Customization Service: Error handling production ready: Customization.findOne is not a function
TypeError: Customization.findOne is not a function
    at findOne (/home/apop/DEV/sokogateOS/src/services/customizationService.js:442:47)
    at Object.handleProductionReady [as messageCallback] (/home/apop/DEV/sokogateOS/src/services/customizationService.js:81:19)
    at Object.messageCallback (/home/apop/DEV/sokogateOS/tests/services/customizationService.test.js:351:17)
    at processTicksAndRejections (node:internal/process/task_queues:103:5)
2026-07-30 21:16:23.557 [ERROR]: Supplier Risk Adapter: Failed to start Kakfa: Kafka unavailable
Error: Kafka unavailable
    at Object.<anonymous> (/home/apop/DEV/sokogateOS/tests/ingestion/adapters/supplierRiskAdapter.test.js:75:55)
    at Promise.then.completed (/home/apop/DEV/sokogateOS/node_modules/jest-circus/build/utils.js:298:28)
    at new Promise (<anonymous>)
    at callAsyncCircusFn (/home/apop/DEV/sokogateOS/node_modules/jest-circus/build/utils.js:231:10)
    at _callCircusTest (/home/apop/DEV/sokogateOS/node_modules/jest-circus/build/run.js:316:40)
    at processTicksAndRejections (node:internal/process/task_queues:103:5)
    at _runTest (/home/apop/DEV/sokogateOS/node_modules/jest-circus/build/run.js:252:3)
    at _runTestsForDescribeBlock (/home/apop/DEV/sokogateOS/node_modules/jest-circus/build/run.js:126:9)
    at _runTestsForDescribeBlock (/home/apop/DEV/sokogateOS/node_modules/jest-circus/build/run.js:121:9)
    at run (/home/apop/DEV/sokogateOS/node_modules/jest-circus/build/run.js:71:3)
    at runAndTransformResultsToJestFormat (/home/apop/DEV/sokogateOS/node_modules/jest-circus/build/legacy-code-todo-rewrite/jestAdapterInit.js:122:21)
    at jestAdapter (/home/apop/DEV/sokogateOS/node_modules/jest-circus/build/legacy-code-todo-rewrite/jestAdapter.js:79:19)
    at runTestInternal (/home/apop/DEV/sokogateOS/node_modules/jest-runner/build/runTest.js:367:16)
    at runTest (/home/apop/DEV/sokogateOS/node_modules/jest-runner/build/runTest.js:444:34)
    at Object.worker (/home/apop/DEV/sokogateOS/node_modules/jest-runner/build/testWorker.js:106:12)
2026-07-30 21:16:24.139 [ERROR]: KRW Payment Adapter: Failed to start Kakfa: Kafka unavailable
Error: Kafka unavailable
    at Object.<anonymous> (/home/apop/DEV/sokogateOS/tests/ingestion/adapters/krwPaymentAdapter.test.js:84:55)
    at Promise.then.completed (/home/apop/DEV/sokogateOS/node_modules/jest-circus/build/utils.js:298:28)
    at new Promise (<anonymous>)
    at callAsyncCircusFn (/home/apop/DEV/sokogateOS/node_modules/jest-circus/build/utils.js:231:10)
    at _callCircusTest (/home/apop/DEV/sokogateOS/node_modules/jest-circus/build/run.js:316:40)
    at processTicksAndRejections (node:internal/process/task_queues:103:5)
    at _runTest (/home/apop/DEV/sokogateOS/node_modules/jest-circus/build/run.js:252:3)
    at _runTestsForDescribeBlock (/home/apop/DEV/sokogateOS/node_modules/jest-circus/build/run.js:126:9)
    at _runTestsForDescribeBlock (/home/apop/DEV/sokogateOS/node_modules/jest-circus/build/run.js:121:9)
    at run (/home/apop/DEV/sokogateOS/node_modules/jest-circus/build/run.js:71:3)
    at runAndTransformResultsToJestFormat (/home/apop/DEV/sokogateOS/node_modules/jest-circus/build/legacy-code-todo-rewrite/jestAdapterInit.js:122:21)
    at jestAdapter (/home/apop/DEV/sokogateOS/node_modules/jest-circus/build/legacy-code-todo-rewrite/jestAdapter.js:79:19)
    at runTestInternal (/home/apop/DEV/sokogateOS/node_modules/jest-runner/build/runTest.js:367:16)
    at runTest (/home/apop/DEV/sokogateOS/node_modules/jest-runner/build/runTest.js:444:34)
    at Object.worker (/home/apop/DEV/sokogateOS/node_modules/jest-runner/build/testWorker.js:106:12)
2026-07-31 00:52:53.936 [ERROR]: Sourcing Service: Error handling product query received: Sourcing is not a constructor
TypeError: Sourcing is not a constructor
    at handleProductQueryReceived (/home/apop/DEV/sokogateOS/src/services/sourcingService.js:424:29)
    at Object.handleProductQueryReceived [as messageCallback] (/home/apop/DEV/sokogateOS/src/services/sourcingService.js:165:19)
    at Object.messageCallback (/home/apop/DEV/sokogateOS/tests/services/sourcingService.test.js:118:17)
    at processTicksAndRejections (node:internal/process/task_queues:103:5)
2026-07-31 00:52:54.454 [ERROR]: Customization Service: Error handling customization requested: Customization is not a constructor
TypeError: Customization is not a constructor
    at handleCustomizationRequested (/home/apop/DEV/sokogateOS/src/services/customizationService.js:251:27)
    at Object.handleCustomizationRequested [as messageCallback] (/home/apop/DEV/sokogateOS/src/services/customizationService.js:66:19)
    at Object.messageCallback (/home/apop/DEV/sokogateOS/tests/services/customizationService.test.js:125:17)
    at processTicksAndRejections (node:internal/process/task_queues:103:5)
2026-07-31 00:52:54.993 [ERROR]: KRW Payment Adapter: Failed to start Kakfa: Kafka unavailable
Error: Kafka unavailable
    at Object.<anonymous> (/home/apop/DEV/sokogateOS/tests/ingestion/adapters/krwPaymentAdapter.test.js:84:55)
    at Promise.then.completed (/home/apop/DEV/sokogateOS/node_modules/jest-circus/build/utils.js:298:28)
    at new Promise (<anonymous>)
    at callAsyncCircusFn (/home/apop/DEV/sokogateOS/node_modules/jest-circus/build/utils.js:231:10)
    at _callCircusTest (/home/apop/DEV/sokogateOS/node_modules/jest-circus/build/run.js:316:40)
    at processTicksAndRejections (node:internal/process/task_queues:103:5)
    at _runTest (/home/apop/DEV/sokogateOS/node_modules/jest-circus/build/run.js:252:3)
    at _runTestsForDescribeBlock (/home/apop/DEV/sokogateOS/node_modules/jest-circus/build/run.js:126:9)
    at _runTestsForDescribeBlock (/home/apop/DEV/sokogateOS/node_modules/jest-circus/build/run.js:121:9)
    at run (/home/apop/DEV/sokogateOS/node_modules/jest-circus/build/run.js:71:3)
    at runAndTransformResultsToJestFormat (/home/apop/DEV/sokogateOS/node_modules/jest-circus/build/legacy-code-todo-rewrite/jestAdapterInit.js:122:21)
    at jestAdapter (/home/apop/DEV/sokogateOS/node_modules/jest-circus/build/legacy-code-todo-rewrite/jestAdapter.js:79:19)
    at runTestInternal (/home/apop/DEV/sokogateOS/node_modules/jest-runner/build/runTest.js:367:16)
    at runTest (/home/apop/DEV/sokogateOS/node_modules/jest-runner/build/runTest.js:444:34)
    at Object.worker (/home/apop/DEV/sokogateOS/node_modules/jest-runner/build/testWorker.js:106:12)
2026-07-31 00:52:54.531 [ERROR]: Customization Service: Error handling design approved: Customization.findOne is not a function
TypeError: Customization.findOne is not a function
    at findOne (/home/apop/DEV/sokogateOS/src/services/customizationService.js:327:47)
    at Object.handleDesignApproved [as messageCallback] (/home/apop/DEV/sokogateOS/src/services/customizationService.js:69:19)
    at Object.messageCallback (/home/apop/DEV/sokogateOS/tests/services/customizationService.test.js:168:17)
    at processTicksAndRejections (node:internal/process/task_queues:103:5)
2026-07-31 00:52:54.545 [ERROR]: Customization Service: Error handling specification updated: Customization.findOne is not a function
TypeError: Customization.findOne is not a function
    at findOne (/home/apop/DEV/sokogateOS/src/services/customizationService.js:354:47)
    at Object.handleSpecificationUpdated [as messageCallback] (/home/apop/DEV/sokogateOS/src/services/customizationService.js:72:19)
    at Object.messageCallback (/home/apop/DEV/sokogateOS/tests/services/customizationService.test.js:215:17)
    at processTicksAndRejections (node:internal/process/task_queues:103:5)
2026-07-31 00:52:54.557 [ERROR]: Customization Service: Error handling material selected: Customization.findOne is not a function
TypeError: Customization.findOne is not a function
    at findOne (/home/apop/DEV/sokogateOS/src/services/customizationService.js:376:47)
    at Object.handleMaterialSelected [as messageCallback] (/home/apop/DEV/sokogateOS/src/services/customizationService.js:75:19)
    at Object.messageCallback (/home/apop/DEV/sokogateOS/tests/services/customizationService.test.js:260:17)
    at processTicksAndRejections (node:internal/process/task_queues:103:5)
2026-07-31 00:52:54.578 [ERROR]: Customization Service: Error handling pricing updated: Customization.findOne is not a function
TypeError: Customization.findOne is not a function
    at findOne (/home/apop/DEV/sokogateOS/src/services/customizationService.js:408:47)
    at Object.handlePricingUpdated [as messageCallback] (/home/apop/DEV/sokogateOS/src/services/customizationService.js:78:19)
    at Object.messageCallback (/home/apop/DEV/sokogateOS/tests/services/customizationService.test.js:306:17)
    at processTicksAndRejections (node:internal/process/task_queues:103:5)
2026-07-31 00:52:54.596 [ERROR]: Customization Service: Error handling production ready: Customization.findOne is not a function
TypeError: Customization.findOne is not a function
    at findOne (/home/apop/DEV/sokogateOS/src/services/customizationService.js:442:47)
    at Object.handleProductionReady [as messageCallback] (/home/apop/DEV/sokogateOS/src/services/customizationService.js:81:19)
    at Object.messageCallback (/home/apop/DEV/sokogateOS/tests/services/customizationService.test.js:351:17)
    at processTicksAndRejections (node:internal/process/task_queues:103:5)
2026-07-31 00:52:55.305 [ERROR]: Supplier Risk Adapter: Failed to start Kakfa: Kafka unavailable
Error: Kafka unavailable
    at Object.<anonymous> (/home/apop/DEV/sokogateOS/tests/ingestion/adapters/supplierRiskAdapter.test.js:75:55)
    at Promise.then.completed (/home/apop/DEV/sokogateOS/node_modules/jest-circus/build/utils.js:298:28)
    at new Promise (<anonymous>)
    at callAsyncCircusFn (/home/apop/DEV/sokogateOS/node_modules/jest-circus/build/utils.js:231:10)
    at _callCircusTest (/home/apop/DEV/sokogateOS/node_modules/jest-circus/build/run.js:316:40)
    at processTicksAndRejections (node:internal/process/task_queues:103:5)
    at _runTest (/home/apop/DEV/sokogateOS/node_modules/jest-circus/build/run.js:252:3)
    at _runTestsForDescribeBlock (/home/apop/DEV/sokogateOS/node_modules/jest-circus/build/run.js:126:9)
    at _runTestsForDescribeBlock (/home/apop/DEV/sokogateOS/node_modules/jest-circus/build/run.js:121:9)
    at run (/home/apop/DEV/sokogateOS/node_modules/jest-circus/build/run.js:71:3)
    at runAndTransformResultsToJestFormat (/home/apop/DEV/sokogateOS/node_modules/jest-circus/build/legacy-code-todo-rewrite/jestAdapterInit.js:122:21)
    at jestAdapter (/home/apop/DEV/sokogateOS/node_modules/jest-circus/build/legacy-code-todo-rewrite/jestAdapter.js:79:19)
    at runTestInternal (/home/apop/DEV/sokogateOS/node_modules/jest-runner/build/runTest.js:367:16)
    at runTest (/home/apop/DEV/sokogateOS/node_modules/jest-runner/build/runTest.js:444:34)
    at Object.worker (/home/apop/DEV/sokogateOS/node_modules/jest-runner/build/testWorker.js:106:12)
2026-07-31 01:16:24.250 [ERROR]: Sourcing Service: Error handling product query received: Sourcing is not a constructor
TypeError: Sourcing is not a constructor
    at handleProductQueryReceived (/home/apop/DEV/sokogateOS/src/services/sourcingService.js:424:29)
    at Object.handleProductQueryReceived [as messageCallback] (/home/apop/DEV/sokogateOS/src/services/sourcingService.js:165:19)
    at Object.messageCallback (/home/apop/DEV/sokogateOS/tests/services/sourcingService.test.js:118:17)
    at processTicksAndRejections (node:internal/process/task_queues:103:5)
2026-07-31 01:16:24.821 [ERROR]: Customization Service: Error handling customization requested: Customization is not a constructor
TypeError: Customization is not a constructor
    at handleCustomizationRequested (/home/apop/DEV/sokogateOS/src/services/customizationService.js:251:27)
    at Object.handleCustomizationRequested [as messageCallback] (/home/apop/DEV/sokogateOS/src/services/customizationService.js:66:19)
    at Object.messageCallback (/home/apop/DEV/sokogateOS/tests/services/customizationService.test.js:125:17)
    at processTicksAndRejections (node:internal/process/task_queues:103:5)
2026-07-31 01:16:24.904 [ERROR]: Customization Service: Error handling design approved: Customization.findOne is not a function
TypeError: Customization.findOne is not a function
    at findOne (/home/apop/DEV/sokogateOS/src/services/customizationService.js:327:47)
    at Object.handleDesignApproved [as messageCallback] (/home/apop/DEV/sokogateOS/src/services/customizationService.js:69:19)
    at Object.messageCallback (/home/apop/DEV/sokogateOS/tests/services/customizationService.test.js:168:17)
    at processTicksAndRejections (node:internal/process/task_queues:103:5)
2026-07-31 01:16:24.998 [ERROR]: Customization Service: Error handling specification updated: Customization.findOne is not a function
TypeError: Customization.findOne is not a function
    at findOne (/home/apop/DEV/sokogateOS/src/services/customizationService.js:354:47)
    at Object.handleSpecificationUpdated [as messageCallback] (/home/apop/DEV/sokogateOS/src/services/customizationService.js:72:19)
    at Object.messageCallback (/home/apop/DEV/sokogateOS/tests/services/customizationService.test.js:215:17)
    at processTicksAndRejections (node:internal/process/task_queues:103:5)
2026-07-31 01:16:25.028 [ERROR]: Customization Service: Error handling material selected: Customization.findOne is not a function
TypeError: Customization.findOne is not a function
    at findOne (/home/apop/DEV/sokogateOS/src/services/customizationService.js:376:47)
    at Object.handleMaterialSelected [as messageCallback] (/home/apop/DEV/sokogateOS/src/services/customizationService.js:75:19)
    at Object.messageCallback (/home/apop/DEV/sokogateOS/tests/services/customizationService.test.js:260:17)
    at processTicksAndRejections (node:internal/process/task_queues:103:5)
2026-07-31 01:16:25.042 [ERROR]: Customization Service: Error handling pricing updated: Customization.findOne is not a function
TypeError: Customization.findOne is not a function
    at findOne (/home/apop/DEV/sokogateOS/src/services/customizationService.js:408:47)
    at Object.handlePricingUpdated [as messageCallback] (/home/apop/DEV/sokogateOS/src/services/customizationService.js:78:19)
    at Object.messageCallback (/home/apop/DEV/sokogateOS/tests/services/customizationService.test.js:306:17)
    at processTicksAndRejections (node:internal/process/task_queues:103:5)
2026-07-31 01:16:25.068 [ERROR]: Customization Service: Error handling production ready: Customization.findOne is not a function
TypeError: Customization.findOne is not a function
    at findOne (/home/apop/DEV/sokogateOS/src/services/customizationService.js:442:47)
    at Object.handleProductionReady [as messageCallback] (/home/apop/DEV/sokogateOS/src/services/customizationService.js:81:19)
    at Object.messageCallback (/home/apop/DEV/sokogateOS/tests/services/customizationService.test.js:351:17)
    at processTicksAndRejections (node:internal/process/task_queues:103:5)
2026-07-31 01:16:25.406 [ERROR]: Supplier Risk Adapter: Failed to start Kakfa: Kafka unavailable
Error: Kafka unavailable
    at Object.<anonymous> (/home/apop/DEV/sokogateOS/tests/ingestion/adapters/supplierRiskAdapter.test.js:75:55)
    at Promise.then.completed (/home/apop/DEV/sokogateOS/node_modules/jest-circus/build/utils.js:298:28)
    at new Promise (<anonymous>)
    at callAsyncCircusFn (/home/apop/DEV/sokogateOS/node_modules/jest-circus/build/utils.js:231:10)
    at _callCircusTest (/home/apop/DEV/sokogateOS/node_modules/jest-circus/build/run.js:316:40)
    at processTicksAndRejections (node:internal/process/task_queues:103:5)
    at _runTest (/home/apop/DEV/sokogateOS/node_modules/jest-circus/build/run.js:252:3)
    at _runTestsForDescribeBlock (/home/apop/DEV/sokogateOS/node_modules/jest-circus/build/run.js:126:9)
    at _runTestsForDescribeBlock (/home/apop/DEV/sokogateOS/node_modules/jest-circus/build/run.js:121:9)
    at run (/home/apop/DEV/sokogateOS/node_modules/jest-circus/build/run.js:71:3)
    at runAndTransformResultsToJestFormat (/home/apop/DEV/sokogateOS/node_modules/jest-circus/build/legacy-code-todo-rewrite/jestAdapterInit.js:122:21)
    at jestAdapter (/home/apop/DEV/sokogateOS/node_modules/jest-circus/build/legacy-code-todo-rewrite/jestAdapter.js:79:19)
    at runTestInternal (/home/apop/DEV/sokogateOS/node_modules/jest-runner/build/runTest.js:367:16)
    at runTest (/home/apop/DEV/sokogateOS/node_modules/jest-runner/build/runTest.js:444:34)
    at Object.worker (/home/apop/DEV/sokogateOS/node_modules/jest-runner/build/testWorker.js:106:12)
2026-07-31 01:16:25.620 [ERROR]: KRW Payment Adapter: Failed to start Kakfa: Kafka unavailable
Error: Kafka unavailable
    at Object.<anonymous> (/home/apop/DEV/sokogateOS/tests/ingestion/adapters/krwPaymentAdapter.test.js:84:55)
    at Promise.then.completed (/home/apop/DEV/sokogateOS/node_modules/jest-circus/build/utils.js:298:28)
    at new Promise (<anonymous>)
    at callAsyncCircusFn (/home/apop/DEV/sokogateOS/node_modules/jest-circus/build/utils.js:231:10)
    at _callCircusTest (/home/apop/DEV/sokogateOS/node_modules/jest-circus/build/run.js:316:40)
    at processTicksAndRejections (node:internal/process/task_queues:103:5)
    at _runTest (/home/apop/DEV/sokogateOS/node_modules/jest-circus/build/run.js:252:3)
    at _runTestsForDescribeBlock (/home/apop/DEV/sokogateOS/node_modules/jest-circus/build/run.js:126:9)
    at _runTestsForDescribeBlock (/home/apop/DEV/sokogateOS/node_modules/jest-circus/build/run.js:121:9)
    at run (/home/apop/DEV/sokogateOS/node_modules/jest-circus/build/run.js:71:3)
    at runAndTransformResultsToJestFormat (/home/apop/DEV/sokogateOS/node_modules/jest-circus/build/legacy-code-todo-rewrite/jestAdapterInit.js:122:21)
    at jestAdapter (/home/apop/DEV/sokogateOS/node_modules/jest-circus/build/legacy-code-todo-rewrite/jestAdapter.js:79:19)
    at runTestInternal (/home/apop/DEV/sokogateOS/node_modules/jest-runner/build/runTest.js:367:16)
    at runTest (/home/apop/DEV/sokogateOS/node_modules/jest-runner/build/runTest.js:444:34)
    at Object.worker (/home/apop/DEV/sokogateOS/node_modules/jest-runner/build/testWorker.js:106:12)
2026-07-31 01:16:42.589 [ERROR]: Supplier Risk Adapter: Failed to start Kakfa: Kafka unavailable
Error: Kafka unavailable
    at Object.<anonymous> (/home/apop/DEV/sokogateOS/tests/ingestion/adapters/supplierRiskAdapter.test.js:75:55)
    at Promise.then.completed (/home/apop/DEV/sokogateOS/node_modules/jest-circus/build/utils.js:298:28)
    at new Promise (<anonymous>)
    at callAsyncCircusFn (/home/apop/DEV/sokogateOS/node_modules/jest-circus/build/utils.js:231:10)
    at _callCircusTest (/home/apop/DEV/sokogateOS/node_modules/jest-circus/build/run.js:316:40)
    at processTicksAndRejections (node:internal/process/task_queues:103:5)
    at _runTest (/home/apop/DEV/sokogateOS/node_modules/jest-circus/build/run.js:252:3)
    at _runTestsForDescribeBlock (/home/apop/DEV/sokogateOS/node_modules/jest-circus/build/run.js:126:9)
    at _runTestsForDescribeBlock (/home/apop/DEV/sokogateOS/node_modules/jest-circus/build/run.js:121:9)
    at run (/home/apop/DEV/sokogateOS/node_modules/jest-circus/build/run.js:71:3)
    at runAndTransformResultsToJestFormat (/home/apop/DEV/sokogateOS/node_modules/jest-circus/build/legacy-code-todo-rewrite/jestAdapterInit.js:122:21)
    at jestAdapter (/home/apop/DEV/sokogateOS/node_modules/jest-circus/build/legacy-code-todo-rewrite/jestAdapter.js:79:19)
    at runTestInternal (/home/apop/DEV/sokogateOS/node_modules/jest-runner/build/runTest.js:367:16)
    at runTest (/home/apop/DEV/sokogateOS/node_modules/jest-runner/build/runTest.js:444:34)
    at Object.worker (/home/apop/DEV/sokogateOS/node_modules/jest-runner/build/testWorker.js:106:12)
2026-07-31 01:16:42.764 [ERROR]: Sourcing Service: Error handling product query received: Sourcing is not a constructor
TypeError: Sourcing is not a constructor
    at handleProductQueryReceived (/home/apop/DEV/sokogateOS/src/services/sourcingService.js:424:29)
    at Object.handleProductQueryReceived [as messageCallback] (/home/apop/DEV/sokogateOS/src/services/sourcingService.js:165:19)
    at Object.messageCallback (/home/apop/DEV/sokogateOS/tests/services/sourcingService.test.js:118:17)
    at processTicksAndRejections (node:internal/process/task_queues:103:5)
2026-07-31 01:16:42.880 [ERROR]: Customization Service: Error handling customization requested: Customization is not a constructor
TypeError: Customization is not a constructor
    at handleCustomizationRequested (/home/apop/DEV/sokogateOS/src/services/customizationService.js:251:27)
    at Object.handleCustomizationRequested [as messageCallback] (/home/apop/DEV/sokogateOS/src/services/customizationService.js:66:19)
    at Object.messageCallback (/home/apop/DEV/sokogateOS/tests/services/customizationService.test.js:125:17)
    at processTicksAndRejections (node:internal/process/task_queues:103:5)
2026-07-31 01:16:42.952 [ERROR]: Customization Service: Error handling design approved: Customization.findOne is not a function
TypeError: Customization.findOne is not a function
    at findOne (/home/apop/DEV/sokogateOS/src/services/customizationService.js:327:47)
    at Object.handleDesignApproved [as messageCallback] (/home/apop/DEV/sokogateOS/src/services/customizationService.js:69:19)
    at Object.messageCallback (/home/apop/DEV/sokogateOS/tests/services/customizationService.test.js:168:17)
    at processTicksAndRejections (node:internal/process/task_queues:103:5)
2026-07-31 01:16:42.964 [ERROR]: Customization Service: Error handling specification updated: Customization.findOne is not a function
TypeError: Customization.findOne is not a function
    at findOne (/home/apop/DEV/sokogateOS/src/services/customizationService.js:354:47)
    at Object.handleSpecificationUpdated [as messageCallback] (/home/apop/DEV/sokogateOS/src/services/customizationService.js:72:19)
    at Object.messageCallback (/home/apop/DEV/sokogateOS/tests/services/customizationService.test.js:215:17)
    at processTicksAndRejections (node:internal/process/task_queues:103:5)
2026-07-31 01:16:42.977 [ERROR]: Customization Service: Error handling material selected: Customization.findOne is not a function
TypeError: Customization.findOne is not a function
    at findOne (/home/apop/DEV/sokogateOS/src/services/customizationService.js:376:47)
    at Object.handleMaterialSelected [as messageCallback] (/home/apop/DEV/sokogateOS/src/services/customizationService.js:75:19)
    at Object.messageCallback (/home/apop/DEV/sokogateOS/tests/services/customizationService.test.js:260:17)
    at processTicksAndRejections (node:internal/process/task_queues:103:5)
2026-07-31 01:16:42.994 [ERROR]: Customization Service: Error handling pricing updated: Customization.findOne is not a function
TypeError: Customization.findOne is not a function
    at findOne (/home/apop/DEV/sokogateOS/src/services/customizationService.js:408:47)
    at Object.handlePricingUpdated [as messageCallback] (/home/apop/DEV/sokogateOS/src/services/customizationService.js:78:19)
    at Object.messageCallback (/home/apop/DEV/sokogateOS/tests/services/customizationService.test.js:306:17)
    at processTicksAndRejections (node:internal/process/task_queues:103:5)
2026-07-31 01:16:43.019 [ERROR]: Customization Service: Error handling production ready: Customization.findOne is not a function
TypeError: Customization.findOne is not a function
    at findOne (/home/apop/DEV/sokogateOS/src/services/customizationService.js:442:47)
    at Object.handleProductionReady [as messageCallback] (/home/apop/DEV/sokogateOS/src/services/customizationService.js:81:19)
    at Object.messageCallback (/home/apop/DEV/sokogateOS/tests/services/customizationService.test.js:351:17)
    at processTicksAndRejections (node:internal/process/task_queues:103:5)
2026-07-31 01:16:43.410 [ERROR]: KRW Payment Adapter: Failed to start Kakfa: Kafka unavailable
Error: Kafka unavailable
    at Object.<anonymous> (/home/apop/DEV/sokogateOS/tests/ingestion/adapters/krwPaymentAdapter.test.js:84:55)
    at Promise.then.completed (/home/apop/DEV/sokogateOS/node_modules/jest-circus/build/utils.js:298:28)
    at new Promise (<anonymous>)
    at callAsyncCircusFn (/home/apop/DEV/sokogateOS/node_modules/jest-circus/build/utils.js:231:10)
    at _callCircusTest (/home/apop/DEV/sokogateOS/node_modules/jest-circus/build/run.js:316:40)
    at processTicksAndRejections (node:internal/process/task_queues:103:5)
    at _runTest (/home/apop/DEV/sokogateOS/node_modules/jest-circus/build/run.js:252:3)
    at _runTestsForDescribeBlock (/home/apop/DEV/sokogateOS/node_modules/jest-circus/build/run.js:126:9)
    at _runTestsForDescribeBlock (/home/apop/DEV/sokogateOS/node_modules/jest-circus/build/run.js:121:9)
    at run (/home/apop/DEV/sokogateOS/node_modules/jest-circus/build/run.js:71:3)
    at runAndTransformResultsToJestFormat (/home/apop/DEV/sokogateOS/node_modules/jest-circus/build/legacy-code-todo-rewrite/jestAdapterInit.js:122:21)
    at jestAdapter (/home/apop/DEV/sokogateOS/node_modules/jest-circus/build/legacy-code-todo-rewrite/jestAdapter.js:79:19)
    at runTestInternal (/home/apop/DEV/sokogateOS/node_modules/jest-runner/build/runTest.js:367:16)
    at runTest (/home/apop/DEV/sokogateOS/node_modules/jest-runner/build/runTest.js:444:34)
    at Object.worker (/home/apop/DEV/sokogateOS/node_modules/jest-runner/build/testWorker.js:106:12)
2026-08-02 09:08:45.311 [ERROR]: Customization Service: Error handling customization requested: Customization is not a constructor
TypeError: Customization is not a constructor
    at handleCustomizationRequested (/home/apop/DEV/sokogateOS/src/services/customizationService.js:251:27)
    at Object.handleCustomizationRequested [as messageCallback] (/home/apop/DEV/sokogateOS/src/services/customizationService.js:66:19)
    at Object.messageCallback (/home/apop/DEV/sokogateOS/tests/services/customizationService.test.js:125:17)
    at processTicksAndRejections (node:internal/process/task_queues:103:5)
2026-08-02 09:08:45.644 [ERROR]: Customization Service: Error handling design approved: Customization.findOne is not a function
TypeError: Customization.findOne is not a function
    at findOne (/home/apop/DEV/sokogateOS/src/services/customizationService.js:327:47)
    at Object.handleDesignApproved [as messageCallback] (/home/apop/DEV/sokogateOS/src/services/customizationService.js:69:19)
    at Object.messageCallback (/home/apop/DEV/sokogateOS/tests/services/customizationService.test.js:168:17)
    at processTicksAndRejections (node:internal/process/task_queues:103:5)
2026-08-02 09:08:45.788 [ERROR]: Customization Service: Error handling specification updated: Customization.findOne is not a function
TypeError: Customization.findOne is not a function
    at findOne (/home/apop/DEV/sokogateOS/src/services/customizationService.js:354:47)
    at Object.handleSpecificationUpdated [as messageCallback] (/home/apop/DEV/sokogateOS/src/services/customizationService.js:72:19)
    at Object.messageCallback (/home/apop/DEV/sokogateOS/tests/services/customizationService.test.js:215:17)
    at processTicksAndRejections (node:internal/process/task_queues:103:5)
2026-08-02 09:08:45.985 [ERROR]: Customization Service: Error handling material selected: Customization.findOne is not a function
TypeError: Customization.findOne is not a function
    at findOne (/home/apop/DEV/sokogateOS/src/services/customizationService.js:376:47)
    at Object.handleMaterialSelected [as messageCallback] (/home/apop/DEV/sokogateOS/src/services/customizationService.js:75:19)
    at Object.messageCallback (/home/apop/DEV/sokogateOS/tests/services/customizationService.test.js:260:17)
    at processTicksAndRejections (node:internal/process/task_queues:103:5)
2026-08-02 09:08:46.093 [ERROR]: Customization Service: Error handling pricing updated: Customization.findOne is not a function
TypeError: Customization.findOne is not a function
    at findOne (/home/apop/DEV/sokogateOS/src/services/customizationService.js:408:47)
    at Object.handlePricingUpdated [as messageCallback] (/home/apop/DEV/sokogateOS/src/services/customizationService.js:78:19)
    at Object.messageCallback (/home/apop/DEV/sokogateOS/tests/services/customizationService.test.js:306:17)
    at processTicksAndRejections (node:internal/process/task_queues:103:5)
2026-08-02 09:08:46.182 [ERROR]: Customization Service: Error handling production ready: Customization.findOne is not a function
TypeError: Customization.findOne is not a function
    at findOne (/home/apop/DEV/sokogateOS/src/services/customizationService.js:442:47)
    at Object.handleProductionReady [as messageCallback] (/home/apop/DEV/sokogateOS/src/services/customizationService.js:81:19)
    at Object.messageCallback (/home/apop/DEV/sokogateOS/tests/services/customizationService.test.js:351:17)
    at processTicksAndRejections (node:internal/process/task_queues:103:5)
2026-08-02 09:08:50.322 [ERROR]: Sourcing Service: Error handling product query received: Sourcing is not a constructor
TypeError: Sourcing is not a constructor
    at handleProductQueryReceived (/home/apop/DEV/sokogateOS/src/services/sourcingService.js:424:29)
    at Object.handleProductQueryReceived [as messageCallback] (/home/apop/DEV/sokogateOS/src/services/sourcingService.js:165:19)
    at Object.messageCallback (/home/apop/DEV/sokogateOS/tests/services/sourcingService.test.js:118:17)
    at processTicksAndRejections (node:internal/process/task_queues:103:5)
2026-08-02 09:08:58.808 [ERROR]: KRW Payment Adapter: Failed to start Kakfa: Kafka unavailable
Error: Kafka unavailable
    at Object.<anonymous> (/home/apop/DEV/sokogateOS/tests/ingestion/adapters/krwPaymentAdapter.test.js:84:55)
    at Promise.then.completed (/home/apop/DEV/sokogateOS/node_modules/jest-circus/build/utils.js:298:28)
    at new Promise (<anonymous>)
    at callAsyncCircusFn (/home/apop/DEV/sokogateOS/node_modules/jest-circus/build/utils.js:231:10)
    at _callCircusTest (/home/apop/DEV/sokogateOS/node_modules/jest-circus/build/run.js:316:40)
    at processTicksAndRejections (node:internal/process/task_queues:103:5)
    at _runTest (/home/apop/DEV/sokogateOS/node_modules/jest-circus/build/run.js:252:3)
    at _runTestsForDescribeBlock (/home/apop/DEV/sokogateOS/node_modules/jest-circus/build/run.js:126:9)
    at _runTestsForDescribeBlock (/home/apop/DEV/sokogateOS/node_modules/jest-circus/build/run.js:121:9)
    at run (/home/apop/DEV/sokogateOS/node_modules/jest-circus/build/run.js:71:3)
    at runAndTransformResultsToJestFormat (/home/apop/DEV/sokogateOS/node_modules/jest-circus/build/legacy-code-todo-rewrite/jestAdapterInit.js:122:21)
    at jestAdapter (/home/apop/DEV/sokogateOS/node_modules/jest-circus/build/legacy-code-todo-rewrite/jestAdapter.js:79:19)
    at runTestInternal (/home/apop/DEV/sokogateOS/node_modules/jest-runner/build/runTest.js:367:16)
    at runTest (/home/apop/DEV/sokogateOS/node_modules/jest-runner/build/runTest.js:444:34)
    at Object.worker (/home/apop/DEV/sokogateOS/node_modules/jest-runner/build/testWorker.js:106:12)
2026-08-02 09:08:59.968 [ERROR]: Supplier Risk Adapter: Failed to start Kakfa: Kafka unavailable
Error: Kafka unavailable
    at Object.<anonymous> (/home/apop/DEV/sokogateOS/tests/ingestion/adapters/supplierRiskAdapter.test.js:75:55)
    at Promise.then.completed (/home/apop/DEV/sokogateOS/node_modules/jest-circus/build/utils.js:298:28)
    at new Promise (<anonymous>)
    at callAsyncCircusFn (/home/apop/DEV/sokogateOS/node_modules/jest-circus/build/utils.js:231:10)
    at _callCircusTest (/home/apop/DEV/sokogateOS/node_modules/jest-circus/build/run.js:316:40)
    at processTicksAndRejections (node:internal/process/task_queues:103:5)
    at _runTest (/home/apop/DEV/sokogateOS/node_modules/jest-circus/build/run.js:252:3)
    at _runTestsForDescribeBlock (/home/apop/DEV/sokogateOS/node_modules/jest-circus/build/run.js:126:9)
    at _runTestsForDescribeBlock (/home/apop/DEV/sokogateOS/node_modules/jest-circus/build/run.js:121:9)
    at run (/home/apop/DEV/sokogateOS/node_modules/jest-circus/build/run.js:71:3)
    at runAndTransformResultsToJestFormat (/home/apop/DEV/sokogateOS/node_modules/jest-circus/build/legacy-code-todo-rewrite/jestAdapterInit.js:122:21)
    at jestAdapter (/home/apop/DEV/sokogateOS/node_modules/jest-circus/build/legacy-code-todo-rewrite/jestAdapter.js:79:19)
    at runTestInternal (/home/apop/DEV/sokogateOS/node_modules/jest-runner/build/runTest.js:367:16)
    at runTest (/home/apop/DEV/sokogateOS/node_modules/jest-runner/build/runTest.js:444:34)
    at Object.worker (/home/apop/DEV/sokogateOS/node_modules/jest-runner/build/testWorker.js:106:12)
2026-08-03 08:35:53.509 [ERROR]: Failed to start Customization Service: setImmediate is not defined
ReferenceError: setImmediate is not defined
    at Console.log (/home/apop/DEV/sokogateOS/node_modules/winston/lib/winston/transports/console.js:53:5)
    at Console._write (/home/apop/DEV/sokogateOS/node_modules/winston-transport/modern.js:103:17)
    at doWrite (/home/apop/DEV/sokogateOS/node_modules/readable-stream/lib/_stream_writable.js:390:139)
    at writeOrBuffer (/home/apop/DEV/sokogateOS/node_modules/readable-stream/lib/_stream_writable.js:381:5)
    at Console.Object.<anonymous>.Writable.write (/home/apop/DEV/sokogateOS/node_modules/readable-stream/lib/_stream_writable.js:302:11)
    at DerivedLogger.ondata (/home/apop/DEV/sokogateOS/node_modules/readable-stream/lib/_stream_readable.js:629:20)
    at DerivedLogger.emit (node:events:531:35)
    at addChunk (/home/apop/DEV/sokogateOS/node_modules/readable-stream/lib/_stream_readable.js:279:12)
    at readableAddChunk (/home/apop/DEV/sokogateOS/node_modules/readable-stream/lib/_stream_readable.js:262:11)
    at DerivedLogger.Object.<anonymous>.Readable.push (/home/apop/DEV/sokogateOS/node_modules/readable-stream/lib/_stream_readable.js:228:10)
    at DerivedLogger.Object.<anonymous>.Transform.push (/home/apop/DEV/sokogateOS/node_modules/readable-stream/lib/_stream_transform.js:132:32)
    at DerivedLogger._transform (/home/apop/DEV/sokogateOS/node_modules/winston/lib/winston/logger.js:337:12)
    at DerivedLogger.Object.<anonymous>.Transform._read (/home/apop/DEV/sokogateOS/node_modules/readable-stream/lib/_stream_transform.js:166:10)
    at DerivedLogger.Object.<anonymous>.Transform._write (/home/apop/DEV/sokogateOS/node_modules/readable-stream/lib/_stream_transform.js:155:83)
    at doWrite (/home/apop/DEV/sokogateOS/node_modules/readable-stream/lib/_stream_writable.js:390:139)
    at writeOrBuffer (/home/apop/DEV/sokogateOS/node_modules/readable-stream/lib/_stream_writable.js:381:5)
    at DerivedLogger.Object.<anonymous>.Writable.write (/home/apop/DEV/sokogateOS/node_modules/readable-stream/lib/_stream_writable.js:302:11)
    at DerivedLogger.<computed> [as info] (/home/apop/DEV/sokogateOS/node_modules/winston/lib/winston/create-logger.js:81:14)
    at Object.info [as startCustomizationService] (/home/apop/DEV/sokogateOS/src/services/customizationService.js:42:12)
    at Object.startCustomizationService (/home/apop/DEV/sokogateOS/tests/services/customizationService.test.js:68:32)
    at Promise.then.completed (/home/apop/DEV/sokogateOS/node_modules/jest-circus/build/utils.js:298:28)
    at new Promise (<anonymous>)
    at callAsyncCircusFn (/home/apop/DEV/sokogateOS/node_modules/jest-circus/build/utils.js:231:10)
    at _callCircusTest (/home/apop/DEV/sokogateOS/node_modules/jest-circus/build/run.js:316:40)
    at processTicksAndRejections (node:internal/process/task_queues:103:5)
    at _runTest (/home/apop/DEV/sokogateOS/node_modules/jest-circus/build/run.js:252:3)
    at _runTestsForDescribeBlock (/home/apop/DEV/sokogateOS/node_modules/jest-circus/build/run.js:126:9)
    at _runTestsForDescribeBlock (/home/apop/DEV/sokogateOS/node_modules/jest-circus/build/run.js:121:9)
    at run (/home/apop/DEV/sokogateOS/node_modules/jest-circus/build/run.js:71:3)
    at runAndTransformResultsToJestFormat (/home/apop/DEV/sokogateOS/node_modules/jest-circus/build/legacy-code-todo-rewrite/jestAdapterInit.js:122:21)
    at jestAdapter (/home/apop/DEV/sokogateOS/node_modules/jest-circus/build/legacy-code-todo-rewrite/jestAdapter.js:79:19)
    at runTestInternal (/home/apop/DEV/sokogateOS/node_modules/jest-runner/build/runTest.js:367:16)
    at runTest (/home/apop/DEV/sokogateOS/node_modules/jest-runner/build/runTest.js:444:34)
    at Object.worker (/home/apop/DEV/sokogateOS/node_modules/jest-runner/build/testWorker.js:106:12)
2026-08-03 08:35:53.683 [ERROR]: Customization Service: Error handling customization requested: Customization is not a constructor
TypeError: Customization is not a constructor
    at handleCustomizationRequested (/home/apop/DEV/sokogateOS/src/services/customizationService.js:251:27)
    at Object.handleCustomizationRequested [as messageCallback] (/home/apop/DEV/sokogateOS/src/services/customizationService.js:66:19)
    at Object.messageCallback (/home/apop/DEV/sokogateOS/tests/services/customizationService.test.js:125:17)
    at processTicksAndRejections (node:internal/process/task_queues:103:5)
2026-08-03 08:35:55.015 [ERROR]: Error checking Korean compliance: setImmediate is not defined
ReferenceError: setImmediate is not defined
    at Console.log (/home/apop/DEV/sokogateOS/node_modules/winston/lib/winston/transports/console.js:53:5)
    at Console._write (/home/apop/DEV/sokogateOS/node_modules/winston-transport/modern.js:103:17)
    at doWrite (/home/apop/DEV/sokogateOS/node_modules/readable-stream/lib/_stream_writable.js:390:139)
    at writeOrBuffer (/home/apop/DEV/sokogateOS/node_modules/readable-stream/lib/_stream_writable.js:381:5)
    at Console.Object.<anonymous>.Writable.write (/home/apop/DEV/sokogateOS/node_modules/readable-stream/lib/_stream_writable.js:302:11)
    at DerivedLogger.ondata (/home/apop/DEV/sokogateOS/node_modules/readable-stream/lib/_stream_readable.js:629:20)
    at DerivedLogger.emit (node:events:531:35)
    at addChunk (/home/apop/DEV/sokogateOS/node_modules/readable-stream/lib/_stream_readable.js:279:12)
    at readableAddChunk (/home/apop/DEV/sokogateOS/node_modules/readable-stream/lib/_stream_readable.js:262:11)
    at DerivedLogger.Object.<anonymous>.Readable.push (/home/apop/DEV/sokogateOS/node_modules/readable-stream/lib/_stream_readable.js:228:10)
    at DerivedLogger.Object.<anonymous>.Transform.push (/home/apop/DEV/sokogateOS/node_modules/readable-stream/lib/_stream_transform.js:132:32)
    at DerivedLogger._transform (/home/apop/DEV/sokogateOS/node_modules/winston/lib/winston/logger.js:337:12)
    at DerivedLogger.Object.<anonymous>.Transform._read (/home/apop/DEV/sokogateOS/node_modules/readable-stream/lib/_stream_transform.js:166:10)
    at DerivedLogger.Object.<anonymous>.Transform._write (/home/apop/DEV/sokogateOS/node_modules/readable-stream/lib/_stream_transform.js:155:83)
    at doWrite (/home/apop/DEV/sokogateOS/node_modules/readable-stream/lib/_stream_writable.js:390:139)
    at writeOrBuffer (/home/apop/DEV/sokogateOS/node_modules/readable-stream/lib/_stream_writable.js:381:5)
    at DerivedLogger.Object.<anonymous>.Writable.write (/home/apop/DEV/sokogateOS/node_modules/readable-stream/lib/_stream_writable.js:302:11)
    at DerivedLogger.<computed> [as info] (/home/apop/DEV/sokogateOS/node_modules/winston/lib/winston/create-logger.js:81:14)
    at KoreanComplianceService.info [as checkProductCompliance] (/home/apop/DEV/sokogateOS/src/services/compliance/koreanComplianceService.js:105:14)
    at Object.checkProductCompliance (/home/apop/DEV/sokogateOS/tests/services/koreanComplianceService.test.js:29:36)
    at Promise.then.completed (/home/apop/DEV/sokogateOS/node_modules/jest-circus/build/utils.js:298:28)
    at new Promise (<anonymous>)
    at callAsyncCircusFn (/home/apop/DEV/sokogateOS/node_modules/jest-circus/build/utils.js:231:10)
    at _callCircusTest (/home/apop/DEV/sokogateOS/node_modules/jest-circus/build/run.js:316:40)
    at processTicksAndRejections (node:internal/process/task_queues:103:5)
    at _runTest (/home/apop/DEV/sokogateOS/node_modules/jest-circus/build/run.js:252:3)
    at _runTestsForDescribeBlock (/home/apop/DEV/sokogateOS/node_modules/jest-circus/build/run.js:126:9)
    at _runTestsForDescribeBlock (/home/apop/DEV/sokogateOS/node_modules/jest-circus/build/run.js:121:9)
    at _runTestsForDescribeBlock (/home/apop/DEV/sokogateOS/node_modules/jest-circus/build/run.js:121:9)
    at run (/home/apop/DEV/sokogateOS/node_modules/jest-circus/build/run.js:71:3)
    at runAndTransformResultsToJestFormat (/home/apop/DEV/sokogateOS/node_modules/jest-circus/build/legacy-code-todo-rewrite/jestAdapterInit.js:122:21)
    at jestAdapter (/home/apop/DEV/sokogateOS/node_modules/jest-circus/build/legacy-code-todo-rewrite/jestAdapter.js:79:19)
    at runTestInternal (/home/apop/DEV/sokogateOS/node_modules/jest-runner/build/runTest.js:367:16)
    at runTest (/home/apop/DEV/sokogateOS/node_modules/jest-runner/build/runTest.js:444:34)
    at Object.worker (/home/apop/DEV/sokogateOS/node_modules/jest-runner/build/testWorker.js:106:12)
2026-08-03 08:35:55.517 [ERROR]: KRW Payment Adapter: Failed to start Kakfa: setImmediate is not defined
ReferenceError: setImmediate is not defined
    at Console.log (/home/apop/DEV/sokogateOS/node_modules/winston/lib/winston/transports/console.js:53:5)
    at Console._write (/home/apop/DEV/sokogateOS/node_modules/winston-transport/modern.js:103:17)
    at doWrite (/home/apop/DEV/sokogateOS/node_modules/readable-stream/lib/_stream_writable.js:390:139)
    at writeOrBuffer (/home/apop/DEV/sokogateOS/node_modules/readable-stream/lib/_stream_writable.js:381:5)
    at Console.Object.<anonymous>.Writable.write (/home/apop/DEV/sokogateOS/node_modules/readable-stream/lib/_stream_writable.js:302:11)
    at DerivedLogger.ondata (/home/apop/DEV/sokogateOS/node_modules/readable-stream/lib/_stream_readable.js:629:20)
    at DerivedLogger.emit (node:events:531:35)
    at addChunk (/home/apop/DEV/sokogateOS/node_modules/readable-stream/lib/_stream_readable.js:279:12)
    at readableAddChunk (/home/apop/DEV/sokogateOS/node_modules/readable-stream/lib/_stream_readable.js:262:11)
    at DerivedLogger.Object.<anonymous>.Readable.push (/home/apop/DEV/sokogateOS/node_modules/readable-stream/lib/_stream_readable.js:228:10)
    at DerivedLogger.Object.<anonymous>.Transform.push (/home/apop/DEV/sokogateOS/node_modules/readable-stream/lib/_stream_transform.js:132:32)
    at DerivedLogger._transform (/home/apop/DEV/sokogateOS/node_modules/winston/lib/winston/logger.js:337:12)
    at DerivedLogger.Object.<anonymous>.Transform._read (/home/apop/DEV/sokogateOS/node_modules/readable-stream/lib/_stream_transform.js:166:10)
    at DerivedLogger.Object.<anonymous>.Transform._write (/home/apop/DEV/sokogateOS/node_modules/readable-stream/lib/_stream_transform.js:155:83)
    at doWrite (/home/apop/DEV/sokogateOS/node_modules/readable-stream/lib/_stream_writable.js:390:139)
    at writeOrBuffer (/home/apop/DEV/sokogateOS/node_modules/readable-stream/lib/_stream_writable.js:381:5)
    at DerivedLogger.Object.<anonymous>.Writable.write (/home/apop/DEV/sokogateOS/node_modules/readable-stream/lib/_stream_writable.js:302:11)
    at DerivedLogger.<computed> [as info] (/home/apop/DEV/sokogateOS/node_modules/winston/lib/winston/create-logger.js:81:14)
    at Object.info [as startKRWPaymentAdapter] (/home/apop/DEV/sokogateOS/src/ingestion/adapters/krwPaymentAdapter.js:43:12)
    at Object.startKRWPaymentAdapter (/home/apop/DEV/sokogateOS/tests/ingestion/adapters/krwPaymentAdapter.test.js:35:22)
    at Promise.then.completed (/home/apop/DEV/sokogateOS/node_modules/jest-circus/build/utils.js:298:28)
    at new Promise (<anonymous>)
    at callAsyncCircusFn (/home/apop/DEV/sokogateOS/node_modules/jest-circus/build/utils.js:231:10)
    at _callCircusTest (/home/apop/DEV/sokogateOS/node_modules/jest-circus/build/run.js:316:40)
    at processTicksAndRejections (node:internal/process/task_queues:103:5)
    at _runTest (/home/apop/DEV/sokogateOS/node_modules/jest-circus/build/run.js:252:3)
    at _runTestsForDescribeBlock (/home/apop/DEV/sokogateOS/node_modules/jest-circus/build/run.js:126:9)
    at _runTestsForDescribeBlock (/home/apop/DEV/sokogateOS/node_modules/jest-circus/build/run.js:121:9)
    at run (/home/apop/DEV/sokogateOS/node_modules/jest-circus/build/run.js:71:3)
    at runAndTransformResultsToJestFormat (/home/apop/DEV/sokogateOS/node_modules/jest-circus/build/legacy-code-todo-rewrite/jestAdapterInit.js:122:21)
    at jestAdapter (/home/apop/DEV/sokogateOS/node_modules/jest-circus/build/legacy-code-todo-rewrite/jestAdapter.js:79:19)
    at runTestInternal (/home/apop/DEV/sokogateOS/node_modules/jest-runner/build/runTest.js:367:16)
    at runTest (/home/apop/DEV/sokogateOS/node_modules/jest-runner/build/runTest.js:444:34)
    at Object.worker (/home/apop/DEV/sokogateOS/node_modules/jest-runner/build/testWorker.js:106:12)
2026-08-03 08:35:55.550 [ERROR]: KRW Payment Adapter: Failed to start Kakfa: Kafka unavailable
Error: Kafka unavailable
    at Object.<anonymous> (/home/apop/DEV/sokogateOS/tests/ingestion/adapters/krwPaymentAdapter.test.js:84:55)
    at Promise.then.completed (/home/apop/DEV/sokogateOS/node_modules/jest-circus/build/utils.js:298:28)
    at new Promise (<anonymous>)
    at callAsyncCircusFn (/home/apop/DEV/sokogateOS/node_modules/jest-circus/build/utils.js:231:10)
    at _callCircusTest (/home/apop/DEV/sokogateOS/node_modules/jest-circus/build/run.js:316:40)
    at processTicksAndRejections (node:internal/process/task_queues:103:5)
    at _runTest (/home/apop/DEV/sokogateOS/node_modules/jest-circus/build/run.js:252:3)
    at _runTestsForDescribeBlock (/home/apop/DEV/sokogateOS/node_modules/jest-circus/build/run.js:126:9)
    at _runTestsForDescribeBlock (/home/apop/DEV/sokogateOS/node_modules/jest-circus/build/run.js:121:9)
    at run (/home/apop/DEV/sokogateOS/node_modules/jest-circus/build/run.js:71:3)
    at runAndTransformResultsToJestFormat (/home/apop/DEV/sokogateOS/node_modules/jest-circus/build/legacy-code-todo-rewrite/jestAdapterInit.js:122:21)
    at jestAdapter (/home/apop/DEV/sokogateOS/node_modules/jest-circus/build/legacy-code-todo-rewrite/jestAdapter.js:79:19)
    at runTestInternal (/home/apop/DEV/sokogateOS/node_modules/jest-runner/build/runTest.js:367:16)
    at runTest (/home/apop/DEV/sokogateOS/node_modules/jest-runner/build/runTest.js:444:34)
    at Object.worker (/home/apop/DEV/sokogateOS/node_modules/jest-runner/build/testWorker.js:106:12)
2026-08-03 08:35:55.863 [ERROR]: Flexport Logistics Adapter: Failed to start Kakfa: setImmediate is not defined
ReferenceError: setImmediate is not defined
    at Console.log (/home/apop/DEV/sokogateOS/node_modules/winston/lib/winston/transports/console.js:53:5)
    at Console._write (/home/apop/DEV/sokogateOS/node_modules/winston-transport/modern.js:103:17)
    at doWrite (/home/apop/DEV/sokogateOS/node_modules/readable-stream/lib/_stream_writable.js:390:139)
    at writeOrBuffer (/home/apop/DEV/sokogateOS/node_modules/readable-stream/lib/_stream_writable.js:381:5)
    at Console.Object.<anonymous>.Writable.write (/home/apop/DEV/sokogateOS/node_modules/readable-stream/lib/_stream_writable.js:302:11)
    at DerivedLogger.ondata (/home/apop/DEV/sokogateOS/node_modules/readable-stream/lib/_stream_readable.js:629:20)
    at DerivedLogger.emit (node:events:531:35)
    at addChunk (/home/apop/DEV/sokogateOS/node_modules/readable-stream/lib/_stream_readable.js:279:12)
    at readableAddChunk (/home/apop/DEV/sokogateOS/node_modules/readable-stream/lib/_stream_readable.js:262:11)
    at DerivedLogger.Object.<anonymous>.Readable.push (/home/apop/DEV/sokogateOS/node_modules/readable-stream/lib/_stream_readable.js:228:10)
    at DerivedLogger.Object.<anonymous>.Transform.push (/home/apop/DEV/sokogateOS/node_modules/readable-stream/lib/_stream_transform.js:132:32)
    at DerivedLogger._transform (/home/apop/DEV/sokogateOS/node_modules/winston/lib/winston/logger.js:337:12)
    at DerivedLogger.Object.<anonymous>.Transform._read (/home/apop/DEV/sokogateOS/node_modules/readable-stream/lib/_stream_transform.js:166:10)
    at DerivedLogger.Object.<anonymous>.Transform._write (/home/apop/DEV/sokogateOS/node_modules/readable-stream/lib/_stream_transform.js:155:83)
    at doWrite (/home/apop/DEV/sokogateOS/node_modules/readable-stream/lib/_stream_writable.js:390:139)
    at writeOrBuffer (/home/apop/DEV/sokogateOS/node_modules/readable-stream/lib/_stream_writable.js:381:5)
    at DerivedLogger.Object.<anonymous>.Writable.write (/home/apop/DEV/sokogateOS/node_modules/readable-stream/lib/_stream_writable.js:302:11)
    at DerivedLogger.<computed> [as info] (/home/apop/DEV/sokogateOS/node_modules/winston/lib/winston/create-logger.js:81:14)
    at Object.info [as startFlexportLogisticsAdapter] (/home/apop/DEV/sokogateOS/src/ingestion/adapters/flexportLogisticsAdapter.js:43:12)
    at Object.startFlexportLogisticsAdapter (/home/apop/DEV/sokogateOS/tests/ingestion/adapters/flexportLogisticsAdapter.test.js:38:27)
    at Promise.then.completed (/home/apop/DEV/sokogateOS/node_modules/jest-circus/build/utils.js:298:28)
    at new Promise (<anonymous>)
    at callAsyncCircusFn (/home/apop/DEV/sokogateOS/node_modules/jest-circus/build/utils.js:231:10)
    at _callCircusTest (/home/apop/DEV/sokogateOS/node_modules/jest-circus/build/run.js:316:40)
    at processTicksAndRejections (node:internal/process/task_queues:103:5)
    at _runTest (/home/apop/DEV/sokogateOS/node_modules/jest-circus/build/run.js:252:3)
    at _runTestsForDescribeBlock (/home/apop/DEV/sokogateOS/node_modules/jest-circus/build/run.js:126:9)
    at _runTestsForDescribeBlock (/home/apop/DEV/sokogateOS/node_modules/jest-circus/build/run.js:121:9)
    at run (/home/apop/DEV/sokogateOS/node_modules/jest-circus/build/run.js:71:3)
    at runAndTransformResultsToJestFormat (/home/apop/DEV/sokogateOS/node_modules/jest-circus/build/legacy-code-todo-rewrite/jestAdapterInit.js:122:21)
    at jestAdapter (/home/apop/DEV/sokogateOS/node_modules/jest-circus/build/legacy-code-todo-rewrite/jestAdapter.js:79:19)
    at runTestInternal (/home/apop/DEV/sokogateOS/node_modules/jest-runner/build/runTest.js:367:16)
    at runTest (/home/apop/DEV/sokogateOS/node_modules/jest-runner/build/runTest.js:444:34)
    at Object.worker (/home/apop/DEV/sokogateOS/node_modules/jest-runner/build/testWorker.js:106:12)
2026-08-03 08:35:55.946 [ERROR]: ShipBob Logistics Adapter: Failed to start Kakfa: setImmediate is not defined
ReferenceError: setImmediate is not defined
    at Console.log (/home/apop/DEV/sokogateOS/node_modules/winston/lib/winston/transports/console.js:53:5)
    at Console._write (/home/apop/DEV/sokogateOS/node_modules/winston-transport/modern.js:103:17)
    at doWrite (/home/apop/DEV/sokogateOS/node_modules/readable-stream/lib/_stream_writable.js:390:139)
    at writeOrBuffer (/home/apop/DEV/sokogateOS/node_modules/readable-stream/lib/_stream_writable.js:381:5)
    at Console.Object.<anonymous>.Writable.write (/home/apop/DEV/sokogateOS/node_modules/readable-stream/lib/_stream_writable.js:302:11)
    at DerivedLogger.ondata (/home/apop/DEV/sokogateOS/node_modules/readable-stream/lib/_stream_readable.js:629:20)
    at DerivedLogger.emit (node:events:531:35)
    at addChunk (/home/apop/DEV/sokogateOS/node_modules/readable-stream/lib/_stream_readable.js:279:12)
    at readableAddChunk (/home/apop/DEV/sokogateOS/node_modules/readable-stream/lib/_stream_readable.js:262:11)
    at DerivedLogger.Object.<anonymous>.Readable.push (/home/apop/DEV/sokogateOS/node_modules/readable-stream/lib/_stream_readable.js:228:10)
    at DerivedLogger.Object.<anonymous>.Transform.push (/home/apop/DEV/sokogateOS/node_modules/readable-stream/lib/_stream_transform.js:132:32)
    at DerivedLogger._transform (/home/apop/DEV/sokogateOS/node_modules/winston/lib/winston/logger.js:337:12)
    at DerivedLogger.Object.<anonymous>.Transform._read (/home/apop/DEV/sokogateOS/node_modules/readable-stream/lib/_stream_transform.js:166:10)
    at DerivedLogger.Object.<anonymous>.Transform._write (/home/apop/DEV/sokogateOS/node_modules/readable-stream/lib/_stream_transform.js:155:83)
    at doWrite (/home/apop/DEV/sokogateOS/node_modules/readable-stream/lib/_stream_writable.js:390:139)
    at writeOrBuffer (/home/apop/DEV/sokogateOS/node_modules/readable-stream/lib/_stream_writable.js:381:5)
    at DerivedLogger.Object.<anonymous>.Writable.write (/home/apop/DEV/sokogateOS/node_modules/readable-stream/lib/_stream_writable.js:302:11)
    at DerivedLogger.<computed> [as info] (/home/apop/DEV/sokogateOS/node_modules/winston/lib/winston/create-logger.js:81:14)
    at Object.info [as startShipBobLogisticsAdapter] (/home/apop/DEV/sokogateOS/src/ingestion/adapters/shipbobLogisticsAdapter.js:43:12)
    at Object.startShipBobLogisticsAdapter (/home/apop/DEV/sokogateOS/tests/ingestion/adapters/shipbobLogisticsAdapter.test.js:38:26)
    at Promise.then.completed (/home/apop/DEV/sokogateOS/node_modules/jest-circus/build/utils.js:298:28)
    at new Promise (<anonymous>)
    at callAsyncCircusFn (/home/apop/DEV/sokogateOS/node_modules/jest-circus/build/utils.js:231:10)
    at _callCircusTest (/home/apop/DEV/sokogateOS/node_modules/jest-circus/build/run.js:316:40)
    at processTicksAndRejections (node:internal/process/task_queues:103:5)
    at _runTest (/home/apop/DEV/sokogateOS/node_modules/jest-circus/build/run.js:252:3)
    at _runTestsForDescribeBlock (/home/apop/DEV/sokogateOS/node_modules/jest-circus/build/run.js:126:9)
    at _runTestsForDescribeBlock (/home/apop/DEV/sokogateOS/node_modules/jest-circus/build/run.js:121:9)
    at run (/home/apop/DEV/sokogateOS/node_modules/jest-circus/build/run.js:71:3)
    at runAndTransformResultsToJestFormat (/home/apop/DEV/sokogateOS/node_modules/jest-circus/build/legacy-code-todo-rewrite/jestAdapterInit.js:122:21)
    at jestAdapter (/home/apop/DEV/sokogateOS/node_modules/jest-circus/build/legacy-code-todo-rewrite/jestAdapter.js:79:19)
    at runTestInternal (/home/apop/DEV/sokogateOS/node_modules/jest-runner/build/runTest.js:367:16)
    at runTest (/home/apop/DEV/sokogateOS/node_modules/jest-runner/build/runTest.js:444:34)
    at Object.worker (/home/apop/DEV/sokogateOS/node_modules/jest-runner/build/testWorker.js:106:12)
2026-08-03 08:35:56.093 [ERROR]: SAP Product Adapter: Failed to start Kakfa: setImmediate is not defined
ReferenceError: setImmediate is not defined
    at Console.log (/home/apop/DEV/sokogateOS/node_modules/winston/lib/winston/transports/console.js:53:5)
    at Console._write (/home/apop/DEV/sokogateOS/node_modules/winston-transport/modern.js:103:17)
    at doWrite (/home/apop/DEV/sokogateOS/node_modules/readable-stream/lib/_stream_writable.js:390:139)
    at writeOrBuffer (/home/apop/DEV/sokogateOS/node_modules/readable-stream/lib/_stream_writable.js:381:5)
    at Console.Object.<anonymous>.Writable.write (/home/apop/DEV/sokogateOS/node_modules/readable-stream/lib/_stream_writable.js:302:11)
    at DerivedLogger.ondata (/home/apop/DEV/sokogateOS/node_modules/readable-stream/lib/_stream_readable.js:629:20)
    at DerivedLogger.emit (node:events:531:35)
    at addChunk (/home/apop/DEV/sokogateOS/node_modules/readable-stream/lib/_stream_readable.js:279:12)
    at readableAddChunk (/home/apop/DEV/sokogateOS/node_modules/readable-stream/lib/_stream_readable.js:262:11)
    at DerivedLogger.Object.<anonymous>.Readable.push (/home/apop/DEV/sokogateOS/node_modules/readable-stream/lib/_stream_readable.js:228:10)
    at DerivedLogger.Object.<anonymous>.Transform.push (/home/apop/DEV/sokogateOS/node_modules/readable-stream/lib/_stream_transform.js:132:32)
    at DerivedLogger._transform (/home/apop/DEV/sokogateOS/node_modules/winston/lib/winston/logger.js:337:12)
    at DerivedLogger.Object.<anonymous>.Transform._read (/home/apop/DEV/sokogateOS/node_modules/readable-stream/lib/_stream_transform.js:166:10)
    at DerivedLogger.Object.<anonymous>.Transform._write (/home/apop/DEV/sokogateOS/node_modules/readable-stream/lib/_stream_transform.js:155:83)
    at doWrite (/home/apop/DEV/sokogateOS/node_modules/readable-stream/lib/_stream_writable.js:390:139)
    at writeOrBuffer (/home/apop/DEV/sokogateOS/node_modules/readable-stream/lib/_stream_writable.js:381:5)
    at DerivedLogger.Object.<anonymous>.Writable.write (/home/apop/DEV/sokogateOS/node_modules/readable-stream/lib/_stream_writable.js:302:11)
    at DerivedLogger.<computed> [as info] (/home/apop/DEV/sokogateOS/node_modules/winston/lib/winston/create-logger.js:81:14)
    at Object.info [as startSapProductAdapter] (/home/apop/DEV/sokogateOS/src/ingestion/adapters/sapProductAdapter.js:29:12)
    at Object.startSapProductAdapter (/home/apop/DEV/sokogateOS/tests/ingestion/adapters/sapProductAdapter.test.js:43:22)
    at Promise.then.completed (/home/apop/DEV/sokogateOS/node_modules/jest-circus/build/utils.js:298:28)
    at new Promise (<anonymous>)
    at callAsyncCircusFn (/home/apop/DEV/sokogateOS/node_modules/jest-circus/build/utils.js:231:10)
    at _callCircusTest (/home/apop/DEV/sokogateOS/node_modules/jest-circus/build/run.js:316:40)
    at processTicksAndRejections (node:internal/process/task_queues:103:5)
    at _runTest (/home/apop/DEV/sokogateOS/node_modules/jest-circus/build/run.js:252:3)
    at _runTestsForDescribeBlock (/home/apop/DEV/sokogateOS/node_modules/jest-circus/build/run.js:126:9)
    at _runTestsForDescribeBlock (/home/apop/DEV/sokogateOS/node_modules/jest-circus/build/run.js:121:9)
    at run (/home/apop/DEV/sokogateOS/node_modules/jest-circus/build/run.js:71:3)
    at runAndTransformResultsToJestFormat (/home/apop/DEV/sokogateOS/node_modules/jest-circus/build/legacy-code-todo-rewrite/jestAdapterInit.js:122:21)
    at jestAdapter (/home/apop/DEV/sokogateOS/node_modules/jest-circus/build/legacy-code-todo-rewrite/jestAdapter.js:79:19)
    at runTestInternal (/home/apop/DEV/sokogateOS/node_modules/jest-runner/build/runTest.js:367:16)
    at runTest (/home/apop/DEV/sokogateOS/node_modules/jest-runner/build/runTest.js:444:34)
    at Object.worker (/home/apop/DEV/sokogateOS/node_modules/jest-runner/build/testWorker.js:106:12)
2026-08-03 08:35:56.036 [ERROR]: Supplier Risk Adapter: Failed to start Kakfa: setImmediate is not defined
ReferenceError: setImmediate is not defined
    at Console.log (/home/apop/DEV/sokogateOS/node_modules/winston/lib/winston/transports/console.js:53:5)
    at Console._write (/home/apop/DEV/sokogateOS/node_modules/winston-transport/modern.js:103:17)
    at doWrite (/home/apop/DEV/sokogateOS/node_modules/readable-stream/lib/_stream_writable.js:390:139)
    at writeOrBuffer (/home/apop/DEV/sokogateOS/node_modules/readable-stream/lib/_stream_writable.js:381:5)
    at Console.Object.<anonymous>.Writable.write (/home/apop/DEV/sokogateOS/node_modules/readable-stream/lib/_stream_writable.js:302:11)
    at DerivedLogger.ondata (/home/apop/DEV/sokogateOS/node_modules/readable-stream/lib/_stream_readable.js:629:20)
    at DerivedLogger.emit (node:events:531:35)
    at addChunk (/home/apop/DEV/sokogateOS/node_modules/readable-stream/lib/_stream_readable.js:279:12)
    at readableAddChunk (/home/apop/DEV/sokogateOS/node_modules/readable-stream/lib/_stream_readable.js:262:11)
    at DerivedLogger.Object.<anonymous>.Readable.push (/home/apop/DEV/sokogateOS/node_modules/readable-stream/lib/_stream_readable.js:228:10)
    at DerivedLogger.Object.<anonymous>.Transform.push (/home/apop/DEV/sokogateOS/node_modules/readable-stream/lib/_stream_transform.js:132:32)
    at DerivedLogger._transform (/home/apop/DEV/sokogateOS/node_modules/winston/lib/winston/logger.js:337:12)
    at DerivedLogger.Object.<anonymous>.Transform._read (/home/apop/DEV/sokogateOS/node_modules/readable-stream/lib/_stream_transform.js:166:10)
    at DerivedLogger.Object.<anonymous>.Transform._write (/home/apop/DEV/sokogateOS/node_modules/readable-stream/lib/_stream_transform.js:155:83)
    at doWrite (/home/apop/DEV/sokogateOS/node_modules/readable-stream/lib/_stream_writable.js:390:139)
    at writeOrBuffer (/home/apop/DEV/sokogateOS/node_modules/readable-stream/lib/_stream_writable.js:381:5)
    at DerivedLogger.Object.<anonymous>.Writable.write (/home/apop/DEV/sokogateOS/node_modules/readable-stream/lib/_stream_writable.js:302:11)
    at DerivedLogger.<computed> [as info] (/home/apop/DEV/sokogateOS/node_modules/winston/lib/winston/create-logger.js:81:14)
    at Object.info [as startSupplierRiskAdapter] (/home/apop/DEV/sokogateOS/src/ingestion/adapters/supplierRiskAdapter.js:33:12)
    at Object.startSupplierRiskAdapter (/home/apop/DEV/sokogateOS/tests/ingestion/adapters/supplierRiskAdapter.test.js:35:23)
    at Promise.then.completed (/home/apop/DEV/sokogateOS/node_modules/jest-circus/build/utils.js:298:28)
    at new Promise (<anonymous>)
    at callAsyncCircusFn (/home/apop/DEV/sokogateOS/node_modules/jest-circus/build/utils.js:231:10)
    at _callCircusTest (/home/apop/DEV/sokogateOS/node_modules/jest-circus/build/run.js:316:40)
    at processTicksAndRejections (node:internal/process/task_queues:103:5)
    at _runTest (/home/apop/DEV/sokogateOS/node_modules/jest-circus/build/run.js:252:3)
    at _runTestsForDescribeBlock (/home/apop/DEV/sokogateOS/node_modules/jest-circus/build/run.js:126:9)
    at _runTestsForDescribeBlock (/home/apop/DEV/sokogateOS/node_modules/jest-circus/build/run.js:121:9)
    at run (/home/apop/DEV/sokogateOS/node_modules/jest-circus/build/run.js:71:3)
    at runAndTransformResultsToJestFormat (/home/apop/DEV/sokogateOS/node_modules/jest-circus/build/legacy-code-todo-rewrite/jestAdapterInit.js:122:21)
    at jestAdapter (/home/apop/DEV/sokogateOS/node_modules/jest-circus/build/legacy-code-todo-rewrite/jestAdapter.js:79:19)
    at runTestInternal (/home/apop/DEV/sokogateOS/node_modules/jest-runner/build/runTest.js:367:16)
    at runTest (/home/apop/DEV/sokogateOS/node_modules/jest-runner/build/runTest.js:444:34)
    at Object.worker (/home/apop/DEV/sokogateOS/node_modules/jest-runner/build/testWorker.js:106:12)
2026-08-03 08:35:56.529 [ERROR]: REST API Adapter: Failed to start Kakfa: setImmediate is not defined
ReferenceError: setImmediate is not defined
    at Console.log (/home/apop/DEV/sokogateOS/node_modules/winston/lib/winston/transports/console.js:53:5)
    at Console._write (/home/apop/DEV/sokogateOS/node_modules/winston-transport/modern.js:103:17)
    at doWrite (/home/apop/DEV/sokogateOS/node_modules/readable-stream/lib/_stream_writable.js:390:139)
    at writeOrBuffer (/home/apop/DEV/sokogateOS/node_modules/readable-stream/lib/_stream_writable.js:381:5)
    at Console.Object.<anonymous>.Writable.write (/home/apop/DEV/sokogateOS/node_modules/readable-stream/lib/_stream_writable.js:302:11)
    at DerivedLogger.ondata (/home/apop/DEV/sokogateOS/node_modules/readable-stream/lib/_stream_readable.js:629:20)
    at DerivedLogger.emit (node:events:531:35)
    at addChunk (/home/apop/DEV/sokogateOS/node_modules/readable-stream/lib/_stream_readable.js:279:12)
    at readableAddChunk (/home/apop/DEV/sokogateOS/node_modules/readable-stream/lib/_stream_readable.js:262:11)
    at DerivedLogger.Object.<anonymous>.Readable.push (/home/apop/DEV/sokogateOS/node_modules/readable-stream/lib/_stream_readable.js:228:10)
    at DerivedLogger.Object.<anonymous>.Transform.push (/home/apop/DEV/sokogateOS/node_modules/readable-stream/lib/_stream_transform.js:132:32)
    at DerivedLogger._transform (/home/apop/DEV/sokogateOS/node_modules/winston/lib/winston/logger.js:337:12)
    at DerivedLogger.Object.<anonymous>.Transform._read (/home/apop/DEV/sokogateOS/node_modules/readable-stream/lib/_stream_transform.js:166:10)
    at DerivedLogger.Object.<anonymous>.Transform._write (/home/apop/DEV/sokogateOS/node_modules/readable-stream/lib/_stream_transform.js:155:83)
    at doWrite (/home/apop/DEV/sokogateOS/node_modules/readable-stream/lib/_stream_writable.js:390:139)
    at writeOrBuffer (/home/apop/DEV/sokogateOS/node_modules/readable-stream/lib/_stream_writable.js:381:5)
    at DerivedLogger.Object.<anonymous>.Writable.write (/home/apop/DEV/sokogateOS/node_modules/readable-stream/lib/_stream_writable.js:302:11)
    at DerivedLogger.<computed> [as info] (/home/apop/DEV/sokogateOS/node_modules/winston/lib/winston/create-logger.js:81:14)
    at Object.info [as startRestApiAdapter] (/home/apop/DEV/sokogateOS/src/ingestion/adapters/restApiAdapter.js:57:12)
    at Object.startRestApiAdapter (/home/apop/DEV/sokogateOS/tests/ingestion/adapters/restApiAdapter.test.js:38:26)
    at Promise.then.completed (/home/apop/DEV/sokogateOS/node_modules/jest-circus/build/utils.js:298:28)
    at new Promise (<anonymous>)
    at callAsyncCircusFn (/home/apop/DEV/sokogateOS/node_modules/jest-circus/build/utils.js:231:10)
    at _callCircusTest (/home/apop/DEV/sokogateOS/node_modules/jest-circus/build/run.js:316:40)
    at processTicksAndRejections (node:internal/process/task_queues:103:5)
    at _runTest (/home/apop/DEV/sokogateOS/node_modules/jest-circus/build/run.js:252:3)
    at _runTestsForDescribeBlock (/home/apop/DEV/sokogateOS/node_modules/jest-circus/build/run.js:126:9)
    at _runTestsForDescribeBlock (/home/apop/DEV/sokogateOS/node_modules/jest-circus/build/run.js:121:9)
    at run (/home/apop/DEV/sokogateOS/node_modules/jest-circus/build/run.js:71:3)
    at runAndTransformResultsToJestFormat (/home/apop/DEV/sokogateOS/node_modules/jest-circus/build/legacy-code-todo-rewrite/jestAdapterInit.js:122:21)
    at jestAdapter (/home/apop/DEV/sokogateOS/node_modules/jest-circus/build/legacy-code-todo-rewrite/jestAdapter.js:79:19)
    at runTestInternal (/home/apop/DEV/sokogateOS/node_modules/jest-runner/build/runTest.js:367:16)
    at runTest (/home/apop/DEV/sokogateOS/node_modules/jest-runner/build/runTest.js:444:34)
    at Object.worker (/home/apop/DEV/sokogateOS/node_modules/jest-runner/build/testWorker.js:106:12)
2026-08-03 08:35:56.449 [ERROR]: Salesforce CRM Adapter: Failed to start Kakfa: setImmediate is not defined
ReferenceError: setImmediate is not defined
    at Console.log (/home/apop/DEV/sokogateOS/node_modules/winston/lib/winston/transports/console.js:53:5)
    at Console._write (/home/apop/DEV/sokogateOS/node_modules/winston-transport/modern.js:103:17)
    at doWrite (/home/apop/DEV/sokogateOS/node_modules/readable-stream/lib/_stream_writable.js:390:139)
    at writeOrBuffer (/home/apop/DEV/sokogateOS/node_modules/readable-stream/lib/_stream_writable.js:381:5)
    at Console.Object.<anonymous>.Writable.write (/home/apop/DEV/sokogateOS/node_modules/readable-stream/lib/_stream_writable.js:302:11)
    at DerivedLogger.ondata (/home/apop/DEV/sokogateOS/node_modules/readable-stream/lib/_stream_readable.js:629:20)
    at DerivedLogger.emit (node:events:531:35)
    at addChunk (/home/apop/DEV/sokogateOS/node_modules/readable-stream/lib/_stream_readable.js:279:12)
    at readableAddChunk (/home/apop/DEV/sokogateOS/node_modules/readable-stream/lib/_stream_readable.js:262:11)
    at DerivedLogger.Object.<anonymous>.Readable.push (/home/apop/DEV/sokogateOS/node_modules/readable-stream/lib/_stream_readable.js:228:10)
    at DerivedLogger.Object.<anonymous>.Transform.push (/home/apop/DEV/sokogateOS/node_modules/readable-stream/lib/_stream_transform.js:132:32)
    at DerivedLogger._transform (/home/apop/DEV/sokogateOS/node_modules/winston/lib/winston/logger.js:337:12)
    at DerivedLogger.Object.<anonymous>.Transform._read (/home/apop/DEV/sokogateOS/node_modules/readable-stream/lib/_stream_transform.js:166:10)
    at DerivedLogger.Object.<anonymous>.Transform._write (/home/apop/DEV/sokogateOS/node_modules/readable-stream/lib/_stream_transform.js:155:83)
    at doWrite (/home/apop/DEV/sokogateOS/node_modules/readable-stream/lib/_stream_writable.js:390:139)
    at writeOrBuffer (/home/apop/DEV/sokogateOS/node_modules/readable-stream/lib/_stream_writable.js:381:5)
    at DerivedLogger.Object.<anonymous>.Writable.write (/home/apop/DEV/sokogateOS/node_modules/readable-stream/lib/_stream_writable.js:302:11)
    at DerivedLogger.<computed> [as info] (/home/apop/DEV/sokogateOS/node_modules/winston/lib/winston/create-logger.js:81:14)
    at Object.info [as startSalesforceCrmAdapter] (/home/apop/DEV/sokogateOS/src/ingestion/adapters/salesforceCrmAdapter.js:28:12)
    at Object.startSalesforceCrmAdapter (/home/apop/DEV/sokogateOS/tests/ingestion/adapters/salesforceCrmAdapter.test.js:38:29)
    at Promise.then.completed (/home/apop/DEV/sokogateOS/node_modules/jest-circus/build/utils.js:298:28)
    at new Promise (<anonymous>)
    at callAsyncCircusFn (/home/apop/DEV/sokogateOS/node_modules/jest-circus/build/utils.js:231:10)
    at _callCircusTest (/home/apop/DEV/sokogateOS/node_modules/jest-circus/build/run.js:316:40)
    at processTicksAndRejections (node:internal/process/task_queues:103:5)
    at _runTest (/home/apop/DEV/sokogateOS/node_modules/jest-circus/build/run.js:252:3)
    at _runTestsForDescribeBlock (/home/apop/DEV/sokogateOS/node_modules/jest-circus/build/run.js:126:9)
    at _runTestsForDescribeBlock (/home/apop/DEV/sokogateOS/node_modules/jest-circus/build/run.js:121:9)
    at run (/home/apop/DEV/sokogateOS/node_modules/jest-circus/build/run.js:71:3)
    at runAndTransformResultsToJestFormat (/home/apop/DEV/sokogateOS/node_modules/jest-circus/build/legacy-code-todo-rewrite/jestAdapterInit.js:122:21)
    at jestAdapter (/home/apop/DEV/sokogateOS/node_modules/jest-circus/build/legacy-code-todo-rewrite/jestAdapter.js:79:19)
    at runTestInternal (/home/apop/DEV/sokogateOS/node_modules/jest-runner/build/runTest.js:367:16)
    at runTest (/home/apop/DEV/sokogateOS/node_modules/jest-runner/build/runTest.js:444:34)
    at Object.worker (/home/apop/DEV/sokogateOS/node_modules/jest-runner/build/testWorker.js:106:12)
2026-08-03 08:35:56.826 [ERROR]: Oracle Product Adapter: Failed to start Kakfa: setImmediate is not defined
ReferenceError: setImmediate is not defined
    at Console.log (/home/apop/DEV/sokogateOS/node_modules/winston/lib/winston/transports/console.js:53:5)
    at Console._write (/home/apop/DEV/sokogateOS/node_modules/winston-transport/modern.js:103:17)
    at doWrite (/home/apop/DEV/sokogateOS/node_modules/readable-stream/lib/_stream_writable.js:390:139)
    at writeOrBuffer (/home/apop/DEV/sokogateOS/node_modules/readable-stream/lib/_stream_writable.js:381:5)
    at Console.Object.<anonymous>.Writable.write (/home/apop/DEV/sokogateOS/node_modules/readable-stream/lib/_stream_writable.js:302:11)
    at DerivedLogger.ondata (/home/apop/DEV/sokogateOS/node_modules/readable-stream/lib/_stream_readable.js:629:20)
    at DerivedLogger.emit (node:events:531:35)
    at addChunk (/home/apop/DEV/sokogateOS/node_modules/readable-stream/lib/_stream_readable.js:279:12)
    at readableAddChunk (/home/apop/DEV/sokogateOS/node_modules/readable-stream/lib/_stream_readable.js:262:11)
    at DerivedLogger.Object.<anonymous>.Readable.push (/home/apop/DEV/sokogateOS/node_modules/readable-stream/lib/_stream_readable.js:228:10)
    at DerivedLogger.Object.<anonymous>.Transform.push (/home/apop/DEV/sokogateOS/node_modules/readable-stream/lib/_stream_transform.js:132:32)
    at DerivedLogger._transform (/home/apop/DEV/sokogateOS/node_modules/winston/lib/winston/logger.js:337:12)
    at DerivedLogger.Object.<anonymous>.Transform._read (/home/apop/DEV/sokogateOS/node_modules/readable-stream/lib/_stream_transform.js:166:10)
    at DerivedLogger.Object.<anonymous>.Transform._write (/home/apop/DEV/sokogateOS/node_modules/readable-stream/lib/_stream_transform.js:155:83)
    at doWrite (/home/apop/DEV/sokogateOS/node_modules/readable-stream/lib/_stream_writable.js:390:139)
    at writeOrBuffer (/home/apop/DEV/sokogateOS/node_modules/readable-stream/lib/_stream_writable.js:381:5)
    at DerivedLogger.Object.<anonymous>.Writable.write (/home/apop/DEV/sokogateOS/node_modules/readable-stream/lib/_stream_writable.js:302:11)
    at DerivedLogger.<computed> [as info] (/home/apop/DEV/sokogateOS/node_modules/winston/lib/winston/create-logger.js:81:14)
    at Object.info [as startOracleProductAdapter] (/home/apop/DEV/sokogateOS/src/ingestion/adapters/oracleProductAdapter.js:29:12)
    at Object.startOracleProductAdapter (/home/apop/DEV/sokogateOS/tests/ingestion/adapters/oracleProductAdapter.test.js:38:25)
    at Promise.then.completed (/home/apop/DEV/sokogateOS/node_modules/jest-circus/build/utils.js:298:28)
    at new Promise (<anonymous>)
    at callAsyncCircusFn (/home/apop/DEV/sokogateOS/node_modules/jest-circus/build/utils.js:231:10)
    at _callCircusTest (/home/apop/DEV/sokogateOS/node_modules/jest-circus/build/run.js:316:40)
    at processTicksAndRejections (node:internal/process/task_queues:103:5)
    at _runTest (/home/apop/DEV/sokogateOS/node_modules/jest-circus/build/run.js:252:3)
    at _runTestsForDescribeBlock (/home/apop/DEV/sokogateOS/node_modules/jest-circus/build/run.js:126:9)
    at _runTestsForDescribeBlock (/home/apop/DEV/sokogateOS/node_modules/jest-circus/build/run.js:121:9)
    at run (/home/apop/DEV/sokogateOS/node_modules/jest-circus/build/run.js:71:3)
    at runAndTransformResultsToJestFormat (/home/apop/DEV/sokogateOS/node_modules/jest-circus/build/legacy-code-todo-rewrite/jestAdapterInit.js:122:21)
    at jestAdapter (/home/apop/DEV/sokogateOS/node_modules/jest-circus/build/legacy-code-todo-rewrite/jestAdapter.js:79:19)
    at runTestInternal (/home/apop/DEV/sokogateOS/node_modules/jest-runner/build/runTest.js:367:16)
    at runTest (/home/apop/DEV/sokogateOS/node_modules/jest-runner/build/runTest.js:444:34)
    at Object.worker (/home/apop/DEV/sokogateOS/node_modules/jest-runner/build/testWorker.js:106:12)
2026-08-03 08:35:56.745 [ERROR]: HubSpot CRM Adapter: Failed to start Kakfa: setImmediate is not defined
ReferenceError: setImmediate is not defined
    at Console.log (/home/apop/DEV/sokogateOS/node_modules/winston/lib/winston/transports/console.js:53:5)
    at Console._write (/home/apop/DEV/sokogateOS/node_modules/winston-transport/modern.js:103:17)
    at doWrite (/home/apop/DEV/sokogateOS/node_modules/readable-stream/lib/_stream_writable.js:390:139)
    at writeOrBuffer (/home/apop/DEV/sokogateOS/node_modules/readable-stream/lib/_stream_writable.js:381:5)
    at Console.Object.<anonymous>.Writable.write (/home/apop/DEV/sokogateOS/node_modules/readable-stream/lib/_stream_writable.js:302:11)
    at DerivedLogger.ondata (/home/apop/DEV/sokogateOS/node_modules/readable-stream/lib/_stream_readable.js:629:20)
    at DerivedLogger.emit (node:events:531:35)
    at addChunk (/home/apop/DEV/sokogateOS/node_modules/readable-stream/lib/_stream_readable.js:279:12)
    at readableAddChunk (/home/apop/DEV/sokogateOS/node_modules/readable-stream/lib/_stream_readable.js:262:11)
    at DerivedLogger.Object.<anonymous>.Readable.push (/home/apop/DEV/sokogateOS/node_modules/readable-stream/lib/_stream_readable.js:228:10)
    at DerivedLogger.Object.<anonymous>.Transform.push (/home/apop/DEV/sokogateOS/node_modules/readable-stream/lib/_stream_transform.js:132:32)
    at DerivedLogger._transform (/home/apop/DEV/sokogateOS/node_modules/winston/lib/winston/logger.js:337:12)
    at DerivedLogger.Object.<anonymous>.Transform._read (/home/apop/DEV/sokogateOS/node_modules/readable-stream/lib/_stream_transform.js:166:10)
    at DerivedLogger.Object.<anonymous>.Transform._write (/home/apop/DEV/sokogateOS/node_modules/readable-stream/lib/_stream_transform.js:155:83)
    at doWrite (/home/apop/DEV/sokogateOS/node_modules/readable-stream/lib/_stream_writable.js:390:139)
    at writeOrBuffer (/home/apop/DEV/sokogateOS/node_modules/readable-stream/lib/_stream_writable.js:381:5)
    at DerivedLogger.Object.<anonymous>.Writable.write (/home/apop/DEV/sokogateOS/node_modules/readable-stream/lib/_stream_writable.js:302:11)
    at DerivedLogger.<computed> [as info] (/home/apop/DEV/sokogateOS/node_modules/winston/lib/winston/create-logger.js:81:14)
    at Object.info [as startHubspotCrmAdapter] (/home/apop/DEV/sokogateOS/src/ingestion/adapters/hubspotCrmAdapter.js:29:12)
    at Object.startHubspotCrmAdapter (/home/apop/DEV/sokogateOS/tests/ingestion/adapters/hubspotCrmAdapter.test.js:38:26)
    at Promise.then.completed (/home/apop/DEV/sokogateOS/node_modules/jest-circus/build/utils.js:298:28)
    at new Promise (<anonymous>)
    at callAsyncCircusFn (/home/apop/DEV/sokogateOS/node_modules/jest-circus/build/utils.js:231:10)
    at _callCircusTest (/home/apop/DEV/sokogateOS/node_modules/jest-circus/build/run.js:316:40)
    at processTicksAndRejections (node:internal/process/task_queues:103:5)
    at _runTest (/home/apop/DEV/sokogateOS/node_modules/jest-circus/build/run.js:252:3)
    at _runTestsForDescribeBlock (/home/apop/DEV/sokogateOS/node_modules/jest-circus/build/run.js:126:9)
    at _runTestsForDescribeBlock (/home/apop/DEV/sokogateOS/node_modules/jest-circus/build/run.js:121:9)
    at run (/home/apop/DEV/sokogateOS/node_modules/jest-circus/build/run.js:71:3)
    at runAndTransformResultsToJestFormat (/home/apop/DEV/sokogateOS/node_modules/jest-circus/build/legacy-code-todo-rewrite/jestAdapterInit.js:122:21)
    at jestAdapter (/home/apop/DEV/sokogateOS/node_modules/jest-circus/build/legacy-code-todo-rewrite/jestAdapter.js:79:19)
    at runTestInternal (/home/apop/DEV/sokogateOS/node_modules/jest-runner/build/runTest.js:367:16)
    at runTest (/home/apop/DEV/sokogateOS/node_modules/jest-runner/build/runTest.js:444:34)
    at Object.worker (/home/apop/DEV/sokogateOS/node_modules/jest-runner/build/testWorker.js:106:12)
2026-08-03 08:35:56.062 [ERROR]: Supplier Risk Adapter: Failed to start Kakfa: Kafka unavailable
Error: Kafka unavailable
    at Object.<anonymous> (/home/apop/DEV/sokogateOS/tests/ingestion/adapters/supplierRiskAdapter.test.js:75:55)
    at Promise.then.completed (/home/apop/DEV/sokogateOS/node_modules/jest-circus/build/utils.js:298:28)
    at new Promise (<anonymous>)
    at callAsyncCircusFn (/home/apop/DEV/sokogateOS/node_modules/jest-circus/build/utils.js:231:10)
    at _callCircusTest (/home/apop/DEV/sokogateOS/node_modules/jest-circus/build/run.js:316:40)
    at processTicksAndRejections (node:internal/process/task_queues:103:5)
    at _runTest (/home/apop/DEV/sokogateOS/node_modules/jest-circus/build/run.js:252:3)
    at _runTestsForDescribeBlock (/home/apop/DEV/sokogateOS/node_modules/jest-circus/build/run.js:126:9)
    at _runTestsForDescribeBlock (/home/apop/DEV/sokogateOS/node_modules/jest-circus/build/run.js:121:9)
    at run (/home/apop/DEV/sokogateOS/node_modules/jest-circus/build/run.js:71:3)
    at runAndTransformResultsToJestFormat (/home/apop/DEV/sokogateOS/node_modules/jest-circus/build/legacy-code-todo-rewrite/jestAdapterInit.js:122:21)
    at jestAdapter (/home/apop/DEV/sokogateOS/node_modules/jest-circus/build/legacy-code-todo-rewrite/jestAdapter.js:79:19)
    at runTestInternal (/home/apop/DEV/sokogateOS/node_modules/jest-runner/build/runTest.js:367:16)
    at runTest (/home/apop/DEV/sokogateOS/node_modules/jest-runner/build/runTest.js:444:34)
    at Object.worker (/home/apop/DEV/sokogateOS/node_modules/jest-runner/build/testWorker.js:106:12)
2026-08-03 08:36:51.191 [ERROR]: Flexport Logistics Adapter: Failed to start Kakfa: setImmediate is not defined
ReferenceError: setImmediate is not defined
    at Console.log (/home/apop/DEV/sokogateOS/node_modules/winston/lib/winston/transports/console.js:53:5)
    at Console._write (/home/apop/DEV/sokogateOS/node_modules/winston-transport/modern.js:103:17)
    at doWrite (/home/apop/DEV/sokogateOS/node_modules/readable-stream/lib/_stream_writable.js:390:139)
    at writeOrBuffer (/home/apop/DEV/sokogateOS/node_modules/readable-stream/lib/_stream_writable.js:381:5)
    at Console.Object.<anonymous>.Writable.write (/home/apop/DEV/sokogateOS/node_modules/readable-stream/lib/_stream_writable.js:302:11)
    at DerivedLogger.ondata (/home/apop/DEV/sokogateOS/node_modules/readable-stream/lib/_stream_readable.js:629:20)
    at DerivedLogger.emit (node:events:531:35)
    at addChunk (/home/apop/DEV/sokogateOS/node_modules/readable-stream/lib/_stream_readable.js:279:12)
    at readableAddChunk (/home/apop/DEV/sokogateOS/node_modules/readable-stream/lib/_stream_readable.js:262:11)
    at DerivedLogger.Object.<anonymous>.Readable.push (/home/apop/DEV/sokogateOS/node_modules/readable-stream/lib/_stream_readable.js:228:10)
    at DerivedLogger.Object.<anonymous>.Transform.push (/home/apop/DEV/sokogateOS/node_modules/readable-stream/lib/_stream_transform.js:132:32)
    at DerivedLogger._transform (/home/apop/DEV/sokogateOS/node_modules/winston/lib/winston/logger.js:337:12)
    at DerivedLogger.Object.<anonymous>.Transform._read (/home/apop/DEV/sokogateOS/node_modules/readable-stream/lib/_stream_transform.js:166:10)
    at DerivedLogger.Object.<anonymous>.Transform._write (/home/apop/DEV/sokogateOS/node_modules/readable-stream/lib/_stream_transform.js:155:83)
    at doWrite (/home/apop/DEV/sokogateOS/node_modules/readable-stream/lib/_stream_writable.js:390:139)
    at writeOrBuffer (/home/apop/DEV/sokogateOS/node_modules/readable-stream/lib/_stream_writable.js:381:5)
    at DerivedLogger.Object.<anonymous>.Writable.write (/home/apop/DEV/sokogateOS/node_modules/readable-stream/lib/_stream_writable.js:302:11)
    at DerivedLogger.<computed> [as info] (/home/apop/DEV/sokogateOS/node_modules/winston/lib/winston/create-logger.js:81:14)
    at Object.info [as startFlexportLogisticsAdapter] (/home/apop/DEV/sokogateOS/src/ingestion/adapters/flexportLogisticsAdapter.js:43:12)
    at Object.startFlexportLogisticsAdapter (/home/apop/DEV/sokogateOS/tests/ingestion/adapters/flexportLogisticsAdapter.test.js:38:27)
    at Promise.then.completed (/home/apop/DEV/sokogateOS/node_modules/jest-circus/build/utils.js:298:28)
    at new Promise (<anonymous>)
    at callAsyncCircusFn (/home/apop/DEV/sokogateOS/node_modules/jest-circus/build/utils.js:231:10)
    at _callCircusTest (/home/apop/DEV/sokogateOS/node_modules/jest-circus/build/run.js:316:40)
    at processTicksAndRejections (node:internal/process/task_queues:103:5)
    at _runTest (/home/apop/DEV/sokogateOS/node_modules/jest-circus/build/run.js:252:3)
    at _runTestsForDescribeBlock (/home/apop/DEV/sokogateOS/node_modules/jest-circus/build/run.js:126:9)
    at _runTestsForDescribeBlock (/home/apop/DEV/sokogateOS/node_modules/jest-circus/build/run.js:121:9)
    at run (/home/apop/DEV/sokogateOS/node_modules/jest-circus/build/run.js:71:3)
    at runAndTransformResultsToJestFormat (/home/apop/DEV/sokogateOS/node_modules/jest-circus/build/legacy-code-todo-rewrite/jestAdapterInit.js:122:21)
    at jestAdapter (/home/apop/DEV/sokogateOS/node_modules/jest-circus/build/legacy-code-todo-rewrite/jestAdapter.js:79:19)
    at runTestInternal (/home/apop/DEV/sokogateOS/node_modules/jest-runner/build/runTest.js:367:16)
    at runTest (/home/apop/DEV/sokogateOS/node_modules/jest-runner/build/runTest.js:444:34)
    at Object.worker (/home/apop/DEV/sokogateOS/node_modules/jest-runner/build/testWorker.js:106:12)
2026-08-03 08:36:51.401 [ERROR]: Failed to start Customization Service: setImmediate is not defined
ReferenceError: setImmediate is not defined
    at Console.log (/home/apop/DEV/sokogateOS/node_modules/winston/lib/winston/transports/console.js:53:5)
    at Console._write (/home/apop/DEV/sokogateOS/node_modules/winston-transport/modern.js:103:17)
    at doWrite (/home/apop/DEV/sokogateOS/node_modules/readable-stream/lib/_stream_writable.js:390:139)
    at writeOrBuffer (/home/apop/DEV/sokogateOS/node_modules/readable-stream/lib/_stream_writable.js:381:5)
    at Console.Object.<anonymous>.Writable.write (/home/apop/DEV/sokogateOS/node_modules/readable-stream/lib/_stream_writable.js:302:11)
    at DerivedLogger.ondata (/home/apop/DEV/sokogateOS/node_modules/readable-stream/lib/_stream_readable.js:629:20)
    at DerivedLogger.emit (node:events:531:35)
    at addChunk (/home/apop/DEV/sokogateOS/node_modules/readable-stream/lib/_stream_readable.js:279:12)
    at readableAddChunk (/home/apop/DEV/sokogateOS/node_modules/readable-stream/lib/_stream_readable.js:262:11)
    at DerivedLogger.Object.<anonymous>.Readable.push (/home/apop/DEV/sokogateOS/node_modules/readable-stream/lib/_stream_readable.js:228:10)
    at DerivedLogger.Object.<anonymous>.Transform.push (/home/apop/DEV/sokogateOS/node_modules/readable-stream/lib/_stream_transform.js:132:32)
    at DerivedLogger._transform (/home/apop/DEV/sokogateOS/node_modules/winston/lib/winston/logger.js:337:12)
    at DerivedLogger.Object.<anonymous>.Transform._read (/home/apop/DEV/sokogateOS/node_modules/readable-stream/lib/_stream_transform.js:166:10)
    at DerivedLogger.Object.<anonymous>.Transform._write (/home/apop/DEV/sokogateOS/node_modules/readable-stream/lib/_stream_transform.js:155:83)
    at doWrite (/home/apop/DEV/sokogateOS/node_modules/readable-stream/lib/_stream_writable.js:390:139)
    at writeOrBuffer (/home/apop/DEV/sokogateOS/node_modules/readable-stream/lib/_stream_writable.js:381:5)
    at DerivedLogger.Object.<anonymous>.Writable.write (/home/apop/DEV/sokogateOS/node_modules/readable-stream/lib/_stream_writable.js:302:11)
    at DerivedLogger.<computed> [as info] (/home/apop/DEV/sokogateOS/node_modules/winston/lib/winston/create-logger.js:81:14)
    at Object.info [as startCustomizationService] (/home/apop/DEV/sokogateOS/src/services/customizationService.js:42:12)
    at Object.startCustomizationService (/home/apop/DEV/sokogateOS/tests/services/customizationService.test.js:68:32)
    at Promise.then.completed (/home/apop/DEV/sokogateOS/node_modules/jest-circus/build/utils.js:298:28)
    at new Promise (<anonymous>)
    at callAsyncCircusFn (/home/apop/DEV/sokogateOS/node_modules/jest-circus/build/utils.js:231:10)
    at _callCircusTest (/home/apop/DEV/sokogateOS/node_modules/jest-circus/build/run.js:316:40)
    at processTicksAndRejections (node:internal/process/task_queues:103:5)
    at _runTest (/home/apop/DEV/sokogateOS/node_modules/jest-circus/build/run.js:252:3)
    at _runTestsForDescribeBlock (/home/apop/DEV/sokogateOS/node_modules/jest-circus/build/run.js:126:9)
    at _runTestsForDescribeBlock (/home/apop/DEV/sokogateOS/node_modules/jest-circus/build/run.js:121:9)
    at run (/home/apop/DEV/sokogateOS/node_modules/jest-circus/build/run.js:71:3)
    at runAndTransformResultsToJestFormat (/home/apop/DEV/sokogateOS/node_modules/jest-circus/build/legacy-code-todo-rewrite/jestAdapterInit.js:122:21)
    at jestAdapter (/home/apop/DEV/sokogateOS/node_modules/jest-circus/build/legacy-code-todo-rewrite/jestAdapter.js:79:19)
    at runTestInternal (/home/apop/DEV/sokogateOS/node_modules/jest-runner/build/runTest.js:367:16)
    at runTest (/home/apop/DEV/sokogateOS/node_modules/jest-runner/build/runTest.js:444:34)
    at Object.worker (/home/apop/DEV/sokogateOS/node_modules/jest-runner/build/testWorker.js:106:12)
2026-08-03 08:36:52.040 [ERROR]: SAP Product Adapter: Failed to start Kakfa: setImmediate is not defined
ReferenceError: setImmediate is not defined
    at Console.log (/home/apop/DEV/sokogateOS/node_modules/winston/lib/winston/transports/console.js:53:5)
    at Console._write (/home/apop/DEV/sokogateOS/node_modules/winston-transport/modern.js:103:17)
    at doWrite (/home/apop/DEV/sokogateOS/node_modules/readable-stream/lib/_stream_writable.js:390:139)
    at writeOrBuffer (/home/apop/DEV/sokogateOS/node_modules/readable-stream/lib/_stream_writable.js:381:5)
    at Console.Object.<anonymous>.Writable.write (/home/apop/DEV/sokogateOS/node_modules/readable-stream/lib/_stream_writable.js:302:11)
    at DerivedLogger.ondata (/home/apop/DEV/sokogateOS/node_modules/readable-stream/lib/_stream_readable.js:629:20)
    at DerivedLogger.emit (node:events:531:35)
    at addChunk (/home/apop/DEV/sokogateOS/node_modules/readable-stream/lib/_stream_readable.js:279:12)
    at readableAddChunk (/home/apop/DEV/sokogateOS/node_modules/readable-stream/lib/_stream_readable.js:262:11)
    at DerivedLogger.Object.<anonymous>.Readable.push (/home/apop/DEV/sokogateOS/node_modules/readable-stream/lib/_stream_readable.js:228:10)
    at DerivedLogger.Object.<anonymous>.Transform.push (/home/apop/DEV/sokogateOS/node_modules/readable-stream/lib/_stream_transform.js:132:32)
    at DerivedLogger._transform (/home/apop/DEV/sokogateOS/node_modules/winston/lib/winston/logger.js:337:12)
    at DerivedLogger.Object.<anonymous>.Transform._read (/home/apop/DEV/sokogateOS/node_modules/readable-stream/lib/_stream_transform.js:166:10)
    at DerivedLogger.Object.<anonymous>.Transform._write (/home/apop/DEV/sokogateOS/node_modules/readable-stream/lib/_stream_transform.js:155:83)
    at doWrite (/home/apop/DEV/sokogateOS/node_modules/readable-stream/lib/_stream_writable.js:390:139)
    at writeOrBuffer (/home/apop/DEV/sokogateOS/node_modules/readable-stream/lib/_stream_writable.js:381:5)
    at DerivedLogger.Object.<anonymous>.Writable.write (/home/apop/DEV/sokogateOS/node_modules/readable-stream/lib/_stream_writable.js:302:11)
    at DerivedLogger.<computed> [as info] (/home/apop/DEV/sokogateOS/node_modules/winston/lib/winston/create-logger.js:81:14)
    at Object.info [as startSapProductAdapter] (/home/apop/DEV/sokogateOS/src/ingestion/adapters/sapProductAdapter.js:29:12)
    at Object.startSapProductAdapter (/home/apop/DEV/sokogateOS/tests/ingestion/adapters/sapProductAdapter.test.js:43:22)
    at Promise.then.completed (/home/apop/DEV/sokogateOS/node_modules/jest-circus/build/utils.js:298:28)
    at new Promise (<anonymous>)
    at callAsyncCircusFn (/home/apop/DEV/sokogateOS/node_modules/jest-circus/build/utils.js:231:10)
    at _callCircusTest (/home/apop/DEV/sokogateOS/node_modules/jest-circus/build/run.js:316:40)
    at processTicksAndRejections (node:internal/process/task_queues:103:5)
    at _runTest (/home/apop/DEV/sokogateOS/node_modules/jest-circus/build/run.js:252:3)
    at _runTestsForDescribeBlock (/home/apop/DEV/sokogateOS/node_modules/jest-circus/build/run.js:126:9)
    at _runTestsForDescribeBlock (/home/apop/DEV/sokogateOS/node_modules/jest-circus/build/run.js:121:9)
    at run (/home/apop/DEV/sokogateOS/node_modules/jest-circus/build/run.js:71:3)
    at runAndTransformResultsToJestFormat (/home/apop/DEV/sokogateOS/node_modules/jest-circus/build/legacy-code-todo-rewrite/jestAdapterInit.js:122:21)
    at jestAdapter (/home/apop/DEV/sokogateOS/node_modules/jest-circus/build/legacy-code-todo-rewrite/jestAdapter.js:79:19)
    at runTestInternal (/home/apop/DEV/sokogateOS/node_modules/jest-runner/build/runTest.js:367:16)
    at runTest (/home/apop/DEV/sokogateOS/node_modules/jest-runner/build/runTest.js:444:34)
    at Object.worker (/home/apop/DEV/sokogateOS/node_modules/jest-runner/build/testWorker.js:106:12)
2026-08-03 08:36:51.535 [ERROR]: Customization Service: Error handling customization requested: Customization is not a constructor
TypeError: Customization is not a constructor
    at handleCustomizationRequested (/home/apop/DEV/sokogateOS/src/services/customizationService.js:251:27)
    at Object.handleCustomizationRequested [as messageCallback] (/home/apop/DEV/sokogateOS/src/services/customizationService.js:66:19)
    at Object.messageCallback (/home/apop/DEV/sokogateOS/tests/services/customizationService.test.js:125:17)
    at processTicksAndRejections (node:internal/process/task_queues:103:5)
2026-08-03 08:36:52.344 [ERROR]: Error checking Korean compliance: setImmediate is not defined
ReferenceError: setImmediate is not defined
    at Console.log (/home/apop/DEV/sokogateOS/node_modules/winston/lib/winston/transports/console.js:53:5)
    at Console._write (/home/apop/DEV/sokogateOS/node_modules/winston-transport/modern.js:103:17)
    at doWrite (/home/apop/DEV/sokogateOS/node_modules/readable-stream/lib/_stream_writable.js:390:139)
    at writeOrBuffer (/home/apop/DEV/sokogateOS/node_modules/readable-stream/lib/_stream_writable.js:381:5)
    at Console.Object.<anonymous>.Writable.write (/home/apop/DEV/sokogateOS/node_modules/readable-stream/lib/_stream_writable.js:302:11)
    at DerivedLogger.ondata (/home/apop/DEV/sokogateOS/node_modules/readable-stream/lib/_stream_readable.js:629:20)
    at DerivedLogger.emit (node:events:531:35)
    at addChunk (/home/apop/DEV/sokogateOS/node_modules/readable-stream/lib/_stream_readable.js:279:12)
    at readableAddChunk (/home/apop/DEV/sokogateOS/node_modules/readable-stream/lib/_stream_readable.js:262:11)
    at DerivedLogger.Object.<anonymous>.Readable.push (/home/apop/DEV/sokogateOS/node_modules/readable-stream/lib/_stream_readable.js:228:10)
    at DerivedLogger.Object.<anonymous>.Transform.push (/home/apop/DEV/sokogateOS/node_modules/readable-stream/lib/_stream_transform.js:132:32)
    at DerivedLogger._transform (/home/apop/DEV/sokogateOS/node_modules/winston/lib/winston/logger.js:337:12)
    at DerivedLogger.Object.<anonymous>.Transform._read (/home/apop/DEV/sokogateOS/node_modules/readable-stream/lib/_stream_transform.js:166:10)
    at DerivedLogger.Object.<anonymous>.Transform._write (/home/apop/DEV/sokogateOS/node_modules/readable-stream/lib/_stream_transform.js:155:83)
    at doWrite (/home/apop/DEV/sokogateOS/node_modules/readable-stream/lib/_stream_writable.js:390:139)
    at writeOrBuffer (/home/apop/DEV/sokogateOS/node_modules/readable-stream/lib/_stream_writable.js:381:5)
    at DerivedLogger.Object.<anonymous>.Writable.write (/home/apop/DEV/sokogateOS/node_modules/readable-stream/lib/_stream_writable.js:302:11)
    at DerivedLogger.<computed> [as info] (/home/apop/DEV/sokogateOS/node_modules/winston/lib/winston/create-logger.js:81:14)
    at KoreanComplianceService.info [as checkProductCompliance] (/home/apop/DEV/sokogateOS/src/services/compliance/koreanComplianceService.js:105:14)
    at Object.checkProductCompliance (/home/apop/DEV/sokogateOS/tests/services/koreanComplianceService.test.js:29:36)
    at Promise.then.completed (/home/apop/DEV/sokogateOS/node_modules/jest-circus/build/utils.js:298:28)
    at new Promise (<anonymous>)
    at callAsyncCircusFn (/home/apop/DEV/sokogateOS/node_modules/jest-circus/build/utils.js:231:10)
    at _callCircusTest (/home/apop/DEV/sokogateOS/node_modules/jest-circus/build/run.js:316:40)
    at processTicksAndRejections (node:internal/process/task_queues:103:5)
    at _runTest (/home/apop/DEV/sokogateOS/node_modules/jest-circus/build/run.js:252:3)
    at _runTestsForDescribeBlock (/home/apop/DEV/sokogateOS/node_modules/jest-circus/build/run.js:126:9)
    at _runTestsForDescribeBlock (/home/apop/DEV/sokogateOS/node_modules/jest-circus/build/run.js:121:9)
    at _runTestsForDescribeBlock (/home/apop/DEV/sokogateOS/node_modules/jest-circus/build/run.js:121:9)
    at run (/home/apop/DEV/sokogateOS/node_modules/jest-circus/build/run.js:71:3)
    at runAndTransformResultsToJestFormat (/home/apop/DEV/sokogateOS/node_modules/jest-circus/build/legacy-code-todo-rewrite/jestAdapterInit.js:122:21)
    at jestAdapter (/home/apop/DEV/sokogateOS/node_modules/jest-circus/build/legacy-code-todo-rewrite/jestAdapter.js:79:19)
    at runTestInternal (/home/apop/DEV/sokogateOS/node_modules/jest-runner/build/runTest.js:367:16)
    at runTest (/home/apop/DEV/sokogateOS/node_modules/jest-runner/build/runTest.js:444:34)
    at Object.worker (/home/apop/DEV/sokogateOS/node_modules/jest-runner/build/testWorker.js:106:12)
2026-08-03 08:36:52.527 [ERROR]: Supplier Risk Adapter: Failed to start Kakfa: setImmediate is not defined
ReferenceError: setImmediate is not defined
    at Console.log (/home/apop/DEV/sokogateOS/node_modules/winston/lib/winston/transports/console.js:53:5)
    at Console._write (/home/apop/DEV/sokogateOS/node_modules/winston-transport/modern.js:103:17)
    at doWrite (/home/apop/DEV/sokogateOS/node_modules/readable-stream/lib/_stream_writable.js:390:139)
    at writeOrBuffer (/home/apop/DEV/sokogateOS/node_modules/readable-stream/lib/_stream_writable.js:381:5)
    at Console.Object.<anonymous>.Writable.write (/home/apop/DEV/sokogateOS/node_modules/readable-stream/lib/_stream_writable.js:302:11)
    at DerivedLogger.ondata (/home/apop/DEV/sokogateOS/node_modules/readable-stream/lib/_stream_readable.js:629:20)
    at DerivedLogger.emit (node:events:531:35)
    at addChunk (/home/apop/DEV/sokogateOS/node_modules/readable-stream/lib/_stream_readable.js:279:12)
    at readableAddChunk (/home/apop/DEV/sokogateOS/node_modules/readable-stream/lib/_stream_readable.js:262:11)
    at DerivedLogger.Object.<anonymous>.Readable.push (/home/apop/DEV/sokogateOS/node_modules/readable-stream/lib/_stream_readable.js:228:10)
    at DerivedLogger.Object.<anonymous>.Transform.push (/home/apop/DEV/sokogateOS/node_modules/readable-stream/lib/_stream_transform.js:132:32)
    at DerivedLogger._transform (/home/apop/DEV/sokogateOS/node_modules/winston/lib/winston/logger.js:337:12)
    at DerivedLogger.Object.<anonymous>.Transform._read (/home/apop/DEV/sokogateOS/node_modules/readable-stream/lib/_stream_transform.js:166:10)
    at DerivedLogger.Object.<anonymous>.Transform._write (/home/apop/DEV/sokogateOS/node_modules/readable-stream/lib/_stream_transform.js:155:83)
    at doWrite (/home/apop/DEV/sokogateOS/node_modules/readable-stream/lib/_stream_writable.js:390:139)
    at writeOrBuffer (/home/apop/DEV/sokogateOS/node_modules/readable-stream/lib/_stream_writable.js:381:5)
    at DerivedLogger.Object.<anonymous>.Writable.write (/home/apop/DEV/sokogateOS/node_modules/readable-stream/lib/_stream_writable.js:302:11)
    at DerivedLogger.<computed> [as info] (/home/apop/DEV/sokogateOS/node_modules/winston/lib/winston/create-logger.js:81:14)
    at Object.info [as startSupplierRiskAdapter] (/home/apop/DEV/sokogateOS/src/ingestion/adapters/supplierRiskAdapter.js:33:12)
    at Object.startSupplierRiskAdapter (/home/apop/DEV/sokogateOS/tests/ingestion/adapters/supplierRiskAdapter.test.js:35:23)
    at Promise.then.completed (/home/apop/DEV/sokogateOS/node_modules/jest-circus/build/utils.js:298:28)
    at new Promise (<anonymous>)
    at callAsyncCircusFn (/home/apop/DEV/sokogateOS/node_modules/jest-circus/build/utils.js:231:10)
    at _callCircusTest (/home/apop/DEV/sokogateOS/node_modules/jest-circus/build/run.js:316:40)
    at processTicksAndRejections (node:internal/process/task_queues:103:5)
    at _runTest (/home/apop/DEV/sokogateOS/node_modules/jest-circus/build/run.js:252:3)
    at _runTestsForDescribeBlock (/home/apop/DEV/sokogateOS/node_modules/jest-circus/build/run.js:126:9)
    at _runTestsForDescribeBlock (/home/apop/DEV/sokogateOS/node_modules/jest-circus/build/run.js:121:9)
    at run (/home/apop/DEV/sokogateOS/node_modules/jest-circus/build/run.js:71:3)
    at runAndTransformResultsToJestFormat (/home/apop/DEV/sokogateOS/node_modules/jest-circus/build/legacy-code-todo-rewrite/jestAdapterInit.js:122:21)
    at jestAdapter (/home/apop/DEV/sokogateOS/node_modules/jest-circus/build/legacy-code-todo-rewrite/jestAdapter.js:79:19)
    at runTestInternal (/home/apop/DEV/sokogateOS/node_modules/jest-runner/build/runTest.js:367:16)
    at runTest (/home/apop/DEV/sokogateOS/node_modules/jest-runner/build/runTest.js:444:34)
    at Object.worker (/home/apop/DEV/sokogateOS/node_modules/jest-runner/build/testWorker.js:106:12)
2026-08-03 08:36:52.566 [ERROR]: Supplier Risk Adapter: Failed to start Kakfa: Kafka unavailable
Error: Kafka unavailable
    at Object.<anonymous> (/home/apop/DEV/sokogateOS/tests/ingestion/adapters/supplierRiskAdapter.test.js:75:55)
    at Promise.then.completed (/home/apop/DEV/sokogateOS/node_modules/jest-circus/build/utils.js:298:28)
    at new Promise (<anonymous>)
    at callAsyncCircusFn (/home/apop/DEV/sokogateOS/node_modules/jest-circus/build/utils.js:231:10)
    at _callCircusTest (/home/apop/DEV/sokogateOS/node_modules/jest-circus/build/run.js:316:40)
    at processTicksAndRejections (node:internal/process/task_queues:103:5)
    at _runTest (/home/apop/DEV/sokogateOS/node_modules/jest-circus/build/run.js:252:3)
    at _runTestsForDescribeBlock (/home/apop/DEV/sokogateOS/node_modules/jest-circus/build/run.js:126:9)
    at _runTestsForDescribeBlock (/home/apop/DEV/sokogateOS/node_modules/jest-circus/build/run.js:121:9)
    at run (/home/apop/DEV/sokogateOS/node_modules/jest-circus/build/run.js:71:3)
    at runAndTransformResultsToJestFormat (/home/apop/DEV/sokogateOS/node_modules/jest-circus/build/legacy-code-todo-rewrite/jestAdapterInit.js:122:21)
    at jestAdapter (/home/apop/DEV/sokogateOS/node_modules/jest-circus/build/legacy-code-todo-rewrite/jestAdapter.js:79:19)
    at runTestInternal (/home/apop/DEV/sokogateOS/node_modules/jest-runner/build/runTest.js:367:16)
    at runTest (/home/apop/DEV/sokogateOS/node_modules/jest-runner/build/runTest.js:444:34)
    at Object.worker (/home/apop/DEV/sokogateOS/node_modules/jest-runner/build/testWorker.js:106:12)
2026-08-03 08:36:51.780 [ERROR]: HubSpot CRM Adapter: Failed to start Kakfa: setImmediate is not defined
ReferenceError: setImmediate is not defined
    at Console.log (/home/apop/DEV/sokogateOS/node_modules/winston/lib/winston/transports/console.js:53:5)
    at Console._write (/home/apop/DEV/sokogateOS/node_modules/winston-transport/modern.js:103:17)
    at doWrite (/home/apop/DEV/sokogateOS/node_modules/readable-stream/lib/_stream_writable.js:390:139)
    at writeOrBuffer (/home/apop/DEV/sokogateOS/node_modules/readable-stream/lib/_stream_writable.js:381:5)
    at Console.Object.<anonymous>.Writable.write (/home/apop/DEV/sokogateOS/node_modules/readable-stream/lib/_stream_writable.js:302:11)
    at DerivedLogger.ondata (/home/apop/DEV/sokogateOS/node_modules/readable-stream/lib/_stream_readable.js:629:20)
    at DerivedLogger.emit (node:events:531:35)
    at addChunk (/home/apop/DEV/sokogateOS/node_modules/readable-stream/lib/_stream_readable.js:279:12)
    at readableAddChunk (/home/apop/DEV/sokogateOS/node_modules/readable-stream/lib/_stream_readable.js:262:11)
    at DerivedLogger.Object.<anonymous>.Readable.push (/home/apop/DEV/sokogateOS/node_modules/readable-stream/lib/_stream_readable.js:228:10)
    at DerivedLogger.Object.<anonymous>.Transform.push (/home/apop/DEV/sokogateOS/node_modules/readable-stream/lib/_stream_transform.js:132:32)
    at DerivedLogger._transform (/home/apop/DEV/sokogateOS/node_modules/winston/lib/winston/logger.js:337:12)
    at DerivedLogger.Object.<anonymous>.Transform._read (/home/apop/DEV/sokogateOS/node_modules/readable-stream/lib/_stream_transform.js:166:10)
    at DerivedLogger.Object.<anonymous>.Transform._write (/home/apop/DEV/sokogateOS/node_modules/readable-stream/lib/_stream_transform.js:155:83)
    at doWrite (/home/apop/DEV/sokogateOS/node_modules/readable-stream/lib/_stream_writable.js:390:139)
    at writeOrBuffer (/home/apop/DEV/sokogateOS/node_modules/readable-stream/lib/_stream_writable.js:381:5)
    at DerivedLogger.Object.<anonymous>.Writable.write (/home/apop/DEV/sokogateOS/node_modules/readable-stream/lib/_stream_writable.js:302:11)
    at DerivedLogger.<computed> [as info] (/home/apop/DEV/sokogateOS/node_modules/winston/lib/winston/create-logger.js:81:14)
    at Object.info [as startHubspotCrmAdapter] (/home/apop/DEV/sokogateOS/src/ingestion/adapters/hubspotCrmAdapter.js:29:12)
    at Object.startHubspotCrmAdapter (/home/apop/DEV/sokogateOS/tests/ingestion/adapters/hubspotCrmAdapter.test.js:38:26)
    at Promise.then.completed (/home/apop/DEV/sokogateOS/node_modules/jest-circus/build/utils.js:298:28)
    at new Promise (<anonymous>)
    at callAsyncCircusFn (/home/apop/DEV/sokogateOS/node_modules/jest-circus/build/utils.js:231:10)
    at _callCircusTest (/home/apop/DEV/sokogateOS/node_modules/jest-circus/build/run.js:316:40)
    at processTicksAndRejections (node:internal/process/task_queues:103:5)
    at _runTest (/home/apop/DEV/sokogateOS/node_modules/jest-circus/build/run.js:252:3)
    at _runTestsForDescribeBlock (/home/apop/DEV/sokogateOS/node_modules/jest-circus/build/run.js:126:9)
    at _runTestsForDescribeBlock (/home/apop/DEV/sokogateOS/node_modules/jest-circus/build/run.js:121:9)
    at run (/home/apop/DEV/sokogateOS/node_modules/jest-circus/build/run.js:71:3)
    at runAndTransformResultsToJestFormat (/home/apop/DEV/sokogateOS/node_modules/jest-circus/build/legacy-code-todo-rewrite/jestAdapterInit.js:122:21)
    at jestAdapter (/home/apop/DEV/sokogateOS/node_modules/jest-circus/build/legacy-code-todo-rewrite/jestAdapter.js:79:19)
    at runTestInternal (/home/apop/DEV/sokogateOS/node_modules/jest-runner/build/runTest.js:367:16)
    at runTest (/home/apop/DEV/sokogateOS/node_modules/jest-runner/build/runTest.js:444:34)
    at Object.worker (/home/apop/DEV/sokogateOS/node_modules/jest-runner/build/testWorker.js:106:12)
2026-08-03 08:36:52.276 [ERROR]: ShipBob Logistics Adapter: Failed to start Kakfa: setImmediate is not defined
ReferenceError: setImmediate is not defined
    at Console.log (/home/apop/DEV/sokogateOS/node_modules/winston/lib/winston/transports/console.js:53:5)
    at Console._write (/home/apop/DEV/sokogateOS/node_modules/winston-transport/modern.js:103:17)
    at doWrite (/home/apop/DEV/sokogateOS/node_modules/readable-stream/lib/_stream_writable.js:390:139)
    at writeOrBuffer (/home/apop/DEV/sokogateOS/node_modules/readable-stream/lib/_stream_writable.js:381:5)
    at Console.Object.<anonymous>.Writable.write (/home/apop/DEV/sokogateOS/node_modules/readable-stream/lib/_stream_writable.js:302:11)
    at DerivedLogger.ondata (/home/apop/DEV/sokogateOS/node_modules/readable-stream/lib/_stream_readable.js:629:20)
    at DerivedLogger.emit (node:events:531:35)
    at addChunk (/home/apop/DEV/sokogateOS/node_modules/readable-stream/lib/_stream_readable.js:279:12)
    at readableAddChunk (/home/apop/DEV/sokogateOS/node_modules/readable-stream/lib/_stream_readable.js:262:11)
    at DerivedLogger.Object.<anonymous>.Readable.push (/home/apop/DEV/sokogateOS/node_modules/readable-stream/lib/_stream_readable.js:228:10)
    at DerivedLogger.Object.<anonymous>.Transform.push (/home/apop/DEV/sokogateOS/node_modules/readable-stream/lib/_stream_transform.js:132:32)
    at DerivedLogger._transform (/home/apop/DEV/sokogateOS/node_modules/winston/lib/winston/logger.js:337:12)
    at DerivedLogger.Object.<anonymous>.Transform._read (/home/apop/DEV/sokogateOS/node_modules/readable-stream/lib/_stream_transform.js:166:10)
    at DerivedLogger.Object.<anonymous>.Transform._write (/home/apop/DEV/sokogateOS/node_modules/readable-stream/lib/_stream_transform.js:155:83)
    at doWrite (/home/apop/DEV/sokogateOS/node_modules/readable-stream/lib/_stream_writable.js:390:139)
    at writeOrBuffer (/home/apop/DEV/sokogateOS/node_modules/readable-stream/lib/_stream_writable.js:381:5)
    at DerivedLogger.Object.<anonymous>.Writable.write (/home/apop/DEV/sokogateOS/node_modules/readable-stream/lib/_stream_writable.js:302:11)
    at DerivedLogger.<computed> [as info] (/home/apop/DEV/sokogateOS/node_modules/winston/lib/winston/create-logger.js:81:14)
    at Object.info [as startShipBobLogisticsAdapter] (/home/apop/DEV/sokogateOS/src/ingestion/adapters/shipbobLogisticsAdapter.js:43:12)
    at Object.startShipBobLogisticsAdapter (/home/apop/DEV/sokogateOS/tests/ingestion/adapters/shipbobLogisticsAdapter.test.js:38:26)
    at Promise.then.completed (/home/apop/DEV/sokogateOS/node_modules/jest-circus/build/utils.js:298:28)
    at new Promise (<anonymous>)
    at callAsyncCircusFn (/home/apop/DEV/sokogateOS/node_modules/jest-circus/build/utils.js:231:10)
    at _callCircusTest (/home/apop/DEV/sokogateOS/node_modules/jest-circus/build/run.js:316:40)
    at processTicksAndRejections (node:internal/process/task_queues:103:5)
    at _runTest (/home/apop/DEV/sokogateOS/node_modules/jest-circus/build/run.js:252:3)
    at _runTestsForDescribeBlock (/home/apop/DEV/sokogateOS/node_modules/jest-circus/build/run.js:126:9)
    at _runTestsForDescribeBlock (/home/apop/DEV/sokogateOS/node_modules/jest-circus/build/run.js:121:9)
    at run (/home/apop/DEV/sokogateOS/node_modules/jest-circus/build/run.js:71:3)
    at runAndTransformResultsToJestFormat (/home/apop/DEV/sokogateOS/node_modules/jest-circus/build/legacy-code-todo-rewrite/jestAdapterInit.js:122:21)
    at jestAdapter (/home/apop/DEV/sokogateOS/node_modules/jest-circus/build/legacy-code-todo-rewrite/jestAdapter.js:79:19)
    at runTestInternal (/home/apop/DEV/sokogateOS/node_modules/jest-runner/build/runTest.js:367:16)
    at runTest (/home/apop/DEV/sokogateOS/node_modules/jest-runner/build/runTest.js:444:34)
    at Object.worker (/home/apop/DEV/sokogateOS/node_modules/jest-runner/build/testWorker.js:106:12)
2026-08-03 08:36:52.980 [ERROR]: Oracle Product Adapter: Failed to start Kakfa: setImmediate is not defined
ReferenceError: setImmediate is not defined
    at Console.log (/home/apop/DEV/sokogateOS/node_modules/winston/lib/winston/transports/console.js:53:5)
    at Console._write (/home/apop/DEV/sokogateOS/node_modules/winston-transport/modern.js:103:17)
    at doWrite (/home/apop/DEV/sokogateOS/node_modules/readable-stream/lib/_stream_writable.js:390:139)
    at writeOrBuffer (/home/apop/DEV/sokogateOS/node_modules/readable-stream/lib/_stream_writable.js:381:5)
    at Console.Object.<anonymous>.Writable.write (/home/apop/DEV/sokogateOS/node_modules/readable-stream/lib/_stream_writable.js:302:11)
    at DerivedLogger.ondata (/home/apop/DEV/sokogateOS/node_modules/readable-stream/lib/_stream_readable.js:629:20)
    at DerivedLogger.emit (node:events:531:35)
    at addChunk (/home/apop/DEV/sokogateOS/node_modules/readable-stream/lib/_stream_readable.js:279:12)
    at readableAddChunk (/home/apop/DEV/sokogateOS/node_modules/readable-stream/lib/_stream_readable.js:262:11)
    at DerivedLogger.Object.<anonymous>.Readable.push (/home/apop/DEV/sokogateOS/node_modules/readable-stream/lib/_stream_readable.js:228:10)
    at DerivedLogger.Object.<anonymous>.Transform.push (/home/apop/DEV/sokogateOS/node_modules/readable-stream/lib/_stream_transform.js:132:32)
    at DerivedLogger._transform (/home/apop/DEV/sokogateOS/node_modules/winston/lib/winston/logger.js:337:12)
    at DerivedLogger.Object.<anonymous>.Transform._read (/home/apop/DEV/sokogateOS/node_modules/readable-stream/lib/_stream_transform.js:166:10)
    at DerivedLogger.Object.<anonymous>.Transform._write (/home/apop/DEV/sokogateOS/node_modules/readable-stream/lib/_stream_transform.js:155:83)
    at doWrite (/home/apop/DEV/sokogateOS/node_modules/readable-stream/lib/_stream_writable.js:390:139)
    at writeOrBuffer (/home/apop/DEV/sokogateOS/node_modules/readable-stream/lib/_stream_writable.js:381:5)
    at DerivedLogger.Object.<anonymous>.Writable.write (/home/apop/DEV/sokogateOS/node_modules/readable-stream/lib/_stream_writable.js:302:11)
    at DerivedLogger.<computed> [as info] (/home/apop/DEV/sokogateOS/node_modules/winston/lib/winston/create-logger.js:81:14)
    at Object.info [as startOracleProductAdapter] (/home/apop/DEV/sokogateOS/src/ingestion/adapters/oracleProductAdapter.js:29:12)
    at Object.startOracleProductAdapter (/home/apop/DEV/sokogateOS/tests/ingestion/adapters/oracleProductAdapter.test.js:38:25)
    at Promise.then.completed (/home/apop/DEV/sokogateOS/node_modules/jest-circus/build/utils.js:298:28)
    at new Promise (<anonymous>)
    at callAsyncCircusFn (/home/apop/DEV/sokogateOS/node_modules/jest-circus/build/utils.js:231:10)
    at _callCircusTest (/home/apop/DEV/sokogateOS/node_modules/jest-circus/build/run.js:316:40)
    at processTicksAndRejections (node:internal/process/task_queues:103:5)
    at _runTest (/home/apop/DEV/sokogateOS/node_modules/jest-circus/build/run.js:252:3)
    at _runTestsForDescribeBlock (/home/apop/DEV/sokogateOS/node_modules/jest-circus/build/run.js:126:9)
    at _runTestsForDescribeBlock (/home/apop/DEV/sokogateOS/node_modules/jest-circus/build/run.js:121:9)
    at run (/home/apop/DEV/sokogateOS/node_modules/jest-circus/build/run.js:71:3)
    at runAndTransformResultsToJestFormat (/home/apop/DEV/sokogateOS/node_modules/jest-circus/build/legacy-code-todo-rewrite/jestAdapterInit.js:122:21)
    at jestAdapter (/home/apop/DEV/sokogateOS/node_modules/jest-circus/build/legacy-code-todo-rewrite/jestAdapter.js:79:19)
    at runTestInternal (/home/apop/DEV/sokogateOS/node_modules/jest-runner/build/runTest.js:367:16)
    at runTest (/home/apop/DEV/sokogateOS/node_modules/jest-runner/build/runTest.js:444:34)
    at Object.worker (/home/apop/DEV/sokogateOS/node_modules/jest-runner/build/testWorker.js:106:12)
2026-08-03 08:36:52.726 [ERROR]: Salesforce CRM Adapter: Failed to start Kakfa: setImmediate is not defined
ReferenceError: setImmediate is not defined
    at Console.log (/home/apop/DEV/sokogateOS/node_modules/winston/lib/winston/transports/console.js:53:5)
    at Console._write (/home/apop/DEV/sokogateOS/node_modules/winston-transport/modern.js:103:17)
    at doWrite (/home/apop/DEV/sokogateOS/node_modules/readable-stream/lib/_stream_writable.js:390:139)
    at writeOrBuffer (/home/apop/DEV/sokogateOS/node_modules/readable-stream/lib/_stream_writable.js:381:5)
    at Console.Object.<anonymous>.Writable.write (/home/apop/DEV/sokogateOS/node_modules/readable-stream/lib/_stream_writable.js:302:11)
    at DerivedLogger.ondata (/home/apop/DEV/sokogateOS/node_modules/readable-stream/lib/_stream_readable.js:629:20)
    at DerivedLogger.emit (node:events:531:35)
    at addChunk (/home/apop/DEV/sokogateOS/node_modules/readable-stream/lib/_stream_readable.js:279:12)
    at readableAddChunk (/home/apop/DEV/sokogateOS/node_modules/readable-stream/lib/_stream_readable.js:262:11)
    at DerivedLogger.Object.<anonymous>.Readable.push (/home/apop/DEV/sokogateOS/node_modules/readable-stream/lib/_stream_readable.js:228:10)
    at DerivedLogger.Object.<anonymous>.Transform.push (/home/apop/DEV/sokogateOS/node_modules/readable-stream/lib/_stream_transform.js:132:32)
    at DerivedLogger._transform (/home/apop/DEV/sokogateOS/node_modules/winston/lib/winston/logger.js:337:12)
    at DerivedLogger.Object.<anonymous>.Transform._read (/home/apop/DEV/sokogateOS/node_modules/readable-stream/lib/_stream_transform.js:166:10)
    at DerivedLogger.Object.<anonymous>.Transform._write (/home/apop/DEV/sokogateOS/node_modules/readable-stream/lib/_stream_transform.js:155:83)
    at doWrite (/home/apop/DEV/sokogateOS/node_modules/readable-stream/lib/_stream_writable.js:390:139)
    at writeOrBuffer (/home/apop/DEV/sokogateOS/node_modules/readable-stream/lib/_stream_writable.js:381:5)
    at DerivedLogger.Object.<anonymous>.Writable.write (/home/apop/DEV/sokogateOS/node_modules/readable-stream/lib/_stream_writable.js:302:11)
    at DerivedLogger.<computed> [as info] (/home/apop/DEV/sokogateOS/node_modules/winston/lib/winston/create-logger.js:81:14)
    at Object.info [as startSalesforceCrmAdapter] (/home/apop/DEV/sokogateOS/src/ingestion/adapters/salesforceCrmAdapter.js:28:12)
    at Object.startSalesforceCrmAdapter (/home/apop/DEV/sokogateOS/tests/ingestion/adapters/salesforceCrmAdapter.test.js:38:29)
    at Promise.then.completed (/home/apop/DEV/sokogateOS/node_modules/jest-circus/build/utils.js:298:28)
    at new Promise (<anonymous>)
    at callAsyncCircusFn (/home/apop/DEV/sokogateOS/node_modules/jest-circus/build/utils.js:231:10)
    at _callCircusTest (/home/apop/DEV/sokogateOS/node_modules/jest-circus/build/run.js:316:40)
    at processTicksAndRejections (node:internal/process/task_queues:103:5)
    at _runTest (/home/apop/DEV/sokogateOS/node_modules/jest-circus/build/run.js:252:3)
    at _runTestsForDescribeBlock (/home/apop/DEV/sokogateOS/node_modules/jest-circus/build/run.js:126:9)
    at _runTestsForDescribeBlock (/home/apop/DEV/sokogateOS/node_modules/jest-circus/build/run.js:121:9)
    at run (/home/apop/DEV/sokogateOS/node_modules/jest-circus/build/run.js:71:3)
    at runAndTransformResultsToJestFormat (/home/apop/DEV/sokogateOS/node_modules/jest-circus/build/legacy-code-todo-rewrite/jestAdapterInit.js:122:21)
    at jestAdapter (/home/apop/DEV/sokogateOS/node_modules/jest-circus/build/legacy-code-todo-rewrite/jestAdapter.js:79:19)
    at runTestInternal (/home/apop/DEV/sokogateOS/node_modules/jest-runner/build/runTest.js:367:16)
    at runTest (/home/apop/DEV/sokogateOS/node_modules/jest-runner/build/runTest.js:444:34)
    at Object.worker (/home/apop/DEV/sokogateOS/node_modules/jest-runner/build/testWorker.js:106:12)
2026-08-03 08:36:52.843 [ERROR]: REST API Adapter: Failed to start Kakfa: setImmediate is not defined
ReferenceError: setImmediate is not defined
    at Console.log (/home/apop/DEV/sokogateOS/node_modules/winston/lib/winston/transports/console.js:53:5)
    at Console._write (/home/apop/DEV/sokogateOS/node_modules/winston-transport/modern.js:103:17)
    at doWrite (/home/apop/DEV/sokogateOS/node_modules/readable-stream/lib/_stream_writable.js:390:139)
    at writeOrBuffer (/home/apop/DEV/sokogateOS/node_modules/readable-stream/lib/_stream_writable.js:381:5)
    at Console.Object.<anonymous>.Writable.write (/home/apop/DEV/sokogateOS/node_modules/readable-stream/lib/_stream_writable.js:302:11)
    at DerivedLogger.ondata (/home/apop/DEV/sokogateOS/node_modules/readable-stream/lib/_stream_readable.js:629:20)
    at DerivedLogger.emit (node:events:531:35)
    at addChunk (/home/apop/DEV/sokogateOS/node_modules/readable-stream/lib/_stream_readable.js:279:12)
    at readableAddChunk (/home/apop/DEV/sokogateOS/node_modules/readable-stream/lib/_stream_readable.js:262:11)
    at DerivedLogger.Object.<anonymous>.Readable.push (/home/apop/DEV/sokogateOS/node_modules/readable-stream/lib/_stream_readable.js:228:10)
    at DerivedLogger.Object.<anonymous>.Transform.push (/home/apop/DEV/sokogateOS/node_modules/readable-stream/lib/_stream_transform.js:132:32)
    at DerivedLogger._transform (/home/apop/DEV/sokogateOS/node_modules/winston/lib/winston/logger.js:337:12)
    at DerivedLogger.Object.<anonymous>.Transform._read (/home/apop/DEV/sokogateOS/node_modules/readable-stream/lib/_stream_transform.js:166:10)
    at DerivedLogger.Object.<anonymous>.Transform._write (/home/apop/DEV/sokogateOS/node_modules/readable-stream/lib/_stream_transform.js:155:83)
    at doWrite (/home/apop/DEV/sokogateOS/node_modules/readable-stream/lib/_stream_writable.js:390:139)
    at writeOrBuffer (/home/apop/DEV/sokogateOS/node_modules/readable-stream/lib/_stream_writable.js:381:5)
    at DerivedLogger.Object.<anonymous>.Writable.write (/home/apop/DEV/sokogateOS/node_modules/readable-stream/lib/_stream_writable.js:302:11)
    at DerivedLogger.<computed> [as info] (/home/apop/DEV/sokogateOS/node_modules/winston/lib/winston/create-logger.js:81:14)
    at Object.info [as startRestApiAdapter] (/home/apop/DEV/sokogateOS/src/ingestion/adapters/restApiAdapter.js:57:12)
    at Object.startRestApiAdapter (/home/apop/DEV/sokogateOS/tests/ingestion/adapters/restApiAdapter.test.js:38:26)
    at Promise.then.completed (/home/apop/DEV/sokogateOS/node_modules/jest-circus/build/utils.js:298:28)
    at new Promise (<anonymous>)
    at callAsyncCircusFn (/home/apop/DEV/sokogateOS/node_modules/jest-circus/build/utils.js:231:10)
    at _callCircusTest (/home/apop/DEV/sokogateOS/node_modules/jest-circus/build/run.js:316:40)
    at processTicksAndRejections (node:internal/process/task_queues:103:5)
    at _runTest (/home/apop/DEV/sokogateOS/node_modules/jest-circus/build/run.js:252:3)
    at _runTestsForDescribeBlock (/home/apop/DEV/sokogateOS/node_modules/jest-circus/build/run.js:126:9)
    at _runTestsForDescribeBlock (/home/apop/DEV/sokogateOS/node_modules/jest-circus/build/run.js:121:9)
    at run (/home/apop/DEV/sokogateOS/node_modules/jest-circus/build/run.js:71:3)
    at runAndTransformResultsToJestFormat (/home/apop/DEV/sokogateOS/node_modules/jest-circus/build/legacy-code-todo-rewrite/jestAdapterInit.js:122:21)
    at jestAdapter (/home/apop/DEV/sokogateOS/node_modules/jest-circus/build/legacy-code-todo-rewrite/jestAdapter.js:79:19)
    at runTestInternal (/home/apop/DEV/sokogateOS/node_modules/jest-runner/build/runTest.js:367:16)
    at runTest (/home/apop/DEV/sokogateOS/node_modules/jest-runner/build/runTest.js:444:34)
    at Object.worker (/home/apop/DEV/sokogateOS/node_modules/jest-runner/build/testWorker.js:106:12)
2026-08-03 08:36:53.067 [ERROR]: KRW Payment Adapter: Failed to start Kakfa: setImmediate is not defined
ReferenceError: setImmediate is not defined
    at Console.log (/home/apop/DEV/sokogateOS/node_modules/winston/lib/winston/transports/console.js:53:5)
    at Console._write (/home/apop/DEV/sokogateOS/node_modules/winston-transport/modern.js:103:17)
    at doWrite (/home/apop/DEV/sokogateOS/node_modules/readable-stream/lib/_stream_writable.js:390:139)
    at writeOrBuffer (/home/apop/DEV/sokogateOS/node_modules/readable-stream/lib/_stream_writable.js:381:5)
    at Console.Object.<anonymous>.Writable.write (/home/apop/DEV/sokogateOS/node_modules/readable-stream/lib/_stream_writable.js:302:11)
    at DerivedLogger.ondata (/home/apop/DEV/sokogateOS/node_modules/readable-stream/lib/_stream_readable.js:629:20)
    at DerivedLogger.emit (node:events:531:35)
    at addChunk (/home/apop/DEV/sokogateOS/node_modules/readable-stream/lib/_stream_readable.js:279:12)
    at readableAddChunk (/home/apop/DEV/sokogateOS/node_modules/readable-stream/lib/_stream_readable.js:262:11)
    at DerivedLogger.Object.<anonymous>.Readable.push (/home/apop/DEV/sokogateOS/node_modules/readable-stream/lib/_stream_readable.js:228:10)
    at DerivedLogger.Object.<anonymous>.Transform.push (/home/apop/DEV/sokogateOS/node_modules/readable-stream/lib/_stream_transform.js:132:32)
    at DerivedLogger._transform (/home/apop/DEV/sokogateOS/node_modules/winston/lib/winston/logger.js:337:12)
    at DerivedLogger.Object.<anonymous>.Transform._read (/home/apop/DEV/sokogateOS/node_modules/readable-stream/lib/_stream_transform.js:166:10)
    at DerivedLogger.Object.<anonymous>.Transform._write (/home/apop/DEV/sokogateOS/node_modules/readable-stream/lib/_stream_transform.js:155:83)
    at doWrite (/home/apop/DEV/sokogateOS/node_modules/readable-stream/lib/_stream_writable.js:390:139)
    at writeOrBuffer (/home/apop/DEV/sokogateOS/node_modules/readable-stream/lib/_stream_writable.js:381:5)
    at DerivedLogger.Object.<anonymous>.Writable.write (/home/apop/DEV/sokogateOS/node_modules/readable-stream/lib/_stream_writable.js:302:11)
    at DerivedLogger.<computed> [as info] (/home/apop/DEV/sokogateOS/node_modules/winston/lib/winston/create-logger.js:81:14)
    at Object.info [as startKRWPaymentAdapter] (/home/apop/DEV/sokogateOS/src/ingestion/adapters/krwPaymentAdapter.js:43:12)
    at Object.startKRWPaymentAdapter (/home/apop/DEV/sokogateOS/tests/ingestion/adapters/krwPaymentAdapter.test.js:35:22)
    at Promise.then.completed (/home/apop/DEV/sokogateOS/node_modules/jest-circus/build/utils.js:298:28)
    at new Promise (<anonymous>)
    at callAsyncCircusFn (/home/apop/DEV/sokogateOS/node_modules/jest-circus/build/utils.js:231:10)
    at _callCircusTest (/home/apop/DEV/sokogateOS/node_modules/jest-circus/build/run.js:316:40)
    at processTicksAndRejections (node:internal/process/task_queues:103:5)
    at _runTest (/home/apop/DEV/sokogateOS/node_modules/jest-circus/build/run.js:252:3)
    at _runTestsForDescribeBlock (/home/apop/DEV/sokogateOS/node_modules/jest-circus/build/run.js:126:9)
    at _runTestsForDescribeBlock (/home/apop/DEV/sokogateOS/node_modules/jest-circus/build/run.js:121:9)
    at run (/home/apop/DEV/sokogateOS/node_modules/jest-circus/build/run.js:71:3)
    at runAndTransformResultsToJestFormat (/home/apop/DEV/sokogateOS/node_modules/jest-circus/build/legacy-code-todo-rewrite/jestAdapterInit.js:122:21)
    at jestAdapter (/home/apop/DEV/sokogateOS/node_modules/jest-circus/build/legacy-code-todo-rewrite/jestAdapter.js:79:19)
    at runTestInternal (/home/apop/DEV/sokogateOS/node_modules/jest-runner/build/runTest.js:367:16)
    at runTest (/home/apop/DEV/sokogateOS/node_modules/jest-runner/build/runTest.js:444:34)
    at Object.worker (/home/apop/DEV/sokogateOS/node_modules/jest-runner/build/testWorker.js:106:12)
2026-08-03 08:36:53.096 [ERROR]: KRW Payment Adapter: Failed to start Kakfa: Kafka unavailable
Error: Kafka unavailable
    at Object.<anonymous> (/home/apop/DEV/sokogateOS/tests/ingestion/adapters/krwPaymentAdapter.test.js:84:55)
    at Promise.then.completed (/home/apop/DEV/sokogateOS/node_modules/jest-circus/build/utils.js:298:28)
    at new Promise (<anonymous>)
    at callAsyncCircusFn (/home/apop/DEV/sokogateOS/node_modules/jest-circus/build/utils.js:231:10)
    at _callCircusTest (/home/apop/DEV/sokogateOS/node_modules/jest-circus/build/run.js:316:40)
    at processTicksAndRejections (node:internal/process/task_queues:103:5)
    at _runTest (/home/apop/DEV/sokogateOS/node_modules/jest-circus/build/run.js:252:3)
    at _runTestsForDescribeBlock (/home/apop/DEV/sokogateOS/node_modules/jest-circus/build/run.js:126:9)
    at _runTestsForDescribeBlock (/home/apop/DEV/sokogateOS/node_modules/jest-circus/build/run.js:121:9)
    at run (/home/apop/DEV/sokogateOS/node_modules/jest-circus/build/run.js:71:3)
    at runAndTransformResultsToJestFormat (/home/apop/DEV/sokogateOS/node_modules/jest-circus/build/legacy-code-todo-rewrite/jestAdapterInit.js:122:21)
    at jestAdapter (/home/apop/DEV/sokogateOS/node_modules/jest-circus/build/legacy-code-todo-rewrite/jestAdapter.js:79:19)
    at runTestInternal (/home/apop/DEV/sokogateOS/node_modules/jest-runner/build/runTest.js:367:16)
    at runTest (/home/apop/DEV/sokogateOS/node_modules/jest-runner/build/runTest.js:444:34)
    at Object.worker (/home/apop/DEV/sokogateOS/node_modules/jest-runner/build/testWorker.js:106:12)
2026-08-03 08:37:51.267 [ERROR]: Customization Service: Error handling customization requested: Customization is not a constructor
TypeError: Customization is not a constructor
    at handleCustomizationRequested (/home/apop/DEV/sokogateOS/src/services/customizationService.js:251:27)
    at Object.handleCustomizationRequested [as messageCallback] (/home/apop/DEV/sokogateOS/src/services/customizationService.js:66:19)
    at Object.messageCallback (/home/apop/DEV/sokogateOS/tests/services/customizationService.test.js:125:17)
    at processTicksAndRejections (node:internal/process/task_queues:103:5)
2026-08-03 08:37:51.372 [ERROR]: Customization Service: Error handling design approved: Customization.findOne is not a function
TypeError: Customization.findOne is not a function
    at findOne (/home/apop/DEV/sokogateOS/src/services/customizationService.js:327:47)
    at Object.handleDesignApproved [as messageCallback] (/home/apop/DEV/sokogateOS/src/services/customizationService.js:69:19)
    at Object.messageCallback (/home/apop/DEV/sokogateOS/tests/services/customizationService.test.js:168:17)
    at processTicksAndRejections (node:internal/process/task_queues:103:5)
2026-08-03 08:37:51.389 [ERROR]: Customization Service: Error handling specification updated: Customization.findOne is not a function
TypeError: Customization.findOne is not a function
    at findOne (/home/apop/DEV/sokogateOS/src/services/customizationService.js:354:47)
    at Object.handleSpecificationUpdated [as messageCallback] (/home/apop/DEV/sokogateOS/src/services/customizationService.js:72:19)
    at Object.messageCallback (/home/apop/DEV/sokogateOS/tests/services/customizationService.test.js:215:17)
    at processTicksAndRejections (node:internal/process/task_queues:103:5)
2026-08-03 08:37:51.427 [ERROR]: Customization Service: Error handling material selected: Customization.findOne is not a function
TypeError: Customization.findOne is not a function
    at findOne (/home/apop/DEV/sokogateOS/src/services/customizationService.js:376:47)
    at Object.handleMaterialSelected [as messageCallback] (/home/apop/DEV/sokogateOS/src/services/customizationService.js:75:19)
    at Object.messageCallback (/home/apop/DEV/sokogateOS/tests/services/customizationService.test.js:260:17)
    at processTicksAndRejections (node:internal/process/task_queues:103:5)
2026-08-03 08:37:51.449 [ERROR]: Customization Service: Error handling pricing updated: Customization.findOne is not a function
TypeError: Customization.findOne is not a function
    at findOne (/home/apop/DEV/sokogateOS/src/services/customizationService.js:408:47)
    at Object.handlePricingUpdated [as messageCallback] (/home/apop/DEV/sokogateOS/src/services/customizationService.js:78:19)
    at Object.messageCallback (/home/apop/DEV/sokogateOS/tests/services/customizationService.test.js:306:17)
    at processTicksAndRejections (node:internal/process/task_queues:103:5)
2026-08-03 08:37:51.473 [ERROR]: Customization Service: Error handling production ready: Customization.findOne is not a function
TypeError: Customization.findOne is not a function
    at findOne (/home/apop/DEV/sokogateOS/src/services/customizationService.js:442:47)
    at Object.handleProductionReady [as messageCallback] (/home/apop/DEV/sokogateOS/src/services/customizationService.js:81:19)
    at Object.messageCallback (/home/apop/DEV/sokogateOS/tests/services/customizationService.test.js:351:17)
    at processTicksAndRejections (node:internal/process/task_queues:103:5)
2026-08-03 08:37:52.498 [ERROR]: KRW Payment Adapter: Failed to start Kakfa: Kafka unavailable
Error: Kafka unavailable
    at Object.<anonymous> (/home/apop/DEV/sokogateOS/tests/ingestion/adapters/krwPaymentAdapter.test.js:84:55)
    at Promise.then.completed (/home/apop/DEV/sokogateOS/node_modules/jest-circus/build/utils.js:298:28)
    at new Promise (<anonymous>)
    at callAsyncCircusFn (/home/apop/DEV/sokogateOS/node_modules/jest-circus/build/utils.js:231:10)
    at _callCircusTest (/home/apop/DEV/sokogateOS/node_modules/jest-circus/build/run.js:316:40)
    at processTicksAndRejections (node:internal/process/task_queues:103:5)
    at _runTest (/home/apop/DEV/sokogateOS/node_modules/jest-circus/build/run.js:252:3)
    at _runTestsForDescribeBlock (/home/apop/DEV/sokogateOS/node_modules/jest-circus/build/run.js:126:9)
    at _runTestsForDescribeBlock (/home/apop/DEV/sokogateOS/node_modules/jest-circus/build/run.js:121:9)
    at run (/home/apop/DEV/sokogateOS/node_modules/jest-circus/build/run.js:71:3)
    at runAndTransformResultsToJestFormat (/home/apop/DEV/sokogateOS/node_modules/jest-circus/build/legacy-code-todo-rewrite/jestAdapterInit.js:122:21)
    at jestAdapter (/home/apop/DEV/sokogateOS/node_modules/jest-circus/build/legacy-code-todo-rewrite/jestAdapter.js:79:19)
    at runTestInternal (/home/apop/DEV/sokogateOS/node_modules/jest-runner/build/runTest.js:367:16)
    at runTest (/home/apop/DEV/sokogateOS/node_modules/jest-runner/build/runTest.js:444:34)
    at Object.worker (/home/apop/DEV/sokogateOS/node_modules/jest-runner/build/testWorker.js:106:12)
2026-08-03 08:37:52.784 [ERROR]: Supplier Risk Adapter: Failed to start Kakfa: Kafka unavailable
Error: Kafka unavailable
    at Object.<anonymous> (/home/apop/DEV/sokogateOS/tests/ingestion/adapters/supplierRiskAdapter.test.js:75:55)
    at Promise.then.completed (/home/apop/DEV/sokogateOS/node_modules/jest-circus/build/utils.js:298:28)
    at new Promise (<anonymous>)
    at callAsyncCircusFn (/home/apop/DEV/sokogateOS/node_modules/jest-circus/build/utils.js:231:10)
    at _callCircusTest (/home/apop/DEV/sokogateOS/node_modules/jest-circus/build/run.js:316:40)
    at processTicksAndRejections (node:internal/process/task_queues:103:5)
    at _runTest (/home/apop/DEV/sokogateOS/node_modules/jest-circus/build/run.js:252:3)
    at _runTestsForDescribeBlock (/home/apop/DEV/sokogateOS/node_modules/jest-circus/build/run.js:126:9)
    at _runTestsForDescribeBlock (/home/apop/DEV/sokogateOS/node_modules/jest-circus/build/run.js:121:9)
    at run (/home/apop/DEV/sokogateOS/node_modules/jest-circus/build/run.js:71:3)
    at runAndTransformResultsToJestFormat (/home/apop/DEV/sokogateOS/node_modules/jest-circus/build/legacy-code-todo-rewrite/jestAdapterInit.js:122:21)
    at jestAdapter (/home/apop/DEV/sokogateOS/node_modules/jest-circus/build/legacy-code-todo-rewrite/jestAdapter.js:79:19)
    at runTestInternal (/home/apop/DEV/sokogateOS/node_modules/jest-runner/build/runTest.js:367:16)
    at runTest (/home/apop/DEV/sokogateOS/node_modules/jest-runner/build/runTest.js:444:34)
    at Object.worker (/home/apop/DEV/sokogateOS/node_modules/jest-runner/build/testWorker.js:106:12)
2026-08-03 08:38:11.364 [ERROR]: Customization Service: Error handling customization requested: Customization is not a constructor
TypeError: Customization is not a constructor
    at handleCustomizationRequested (/home/apop/DEV/sokogateOS/src/services/customizationService.js:251:27)
    at Object.handleCustomizationRequested [as messageCallback] (/home/apop/DEV/sokogateOS/src/services/customizationService.js:66:19)
    at Object.messageCallback (/home/apop/DEV/sokogateOS/tests/services/customizationService.test.js:125:17)
    at processTicksAndRejections (node:internal/process/task_queues:103:5)
2026-08-03 08:38:11.528 [ERROR]: Customization Service: Error handling design approved: Customization.findOne is not a function
TypeError: Customization.findOne is not a function
    at findOne (/home/apop/DEV/sokogateOS/src/services/customizationService.js:327:47)
    at Object.handleDesignApproved [as messageCallback] (/home/apop/DEV/sokogateOS/src/services/customizationService.js:69:19)
    at Object.messageCallback (/home/apop/DEV/sokogateOS/tests/services/customizationService.test.js:168:17)
    at processTicksAndRejections (node:internal/process/task_queues:103:5)
2026-08-03 08:38:11.545 [ERROR]: Customization Service: Error handling specification updated: Customization.findOne is not a function
TypeError: Customization.findOne is not a function
    at findOne (/home/apop/DEV/sokogateOS/src/services/customizationService.js:354:47)
    at Object.handleSpecificationUpdated [as messageCallback] (/home/apop/DEV/sokogateOS/src/services/customizationService.js:72:19)
    at Object.messageCallback (/home/apop/DEV/sokogateOS/tests/services/customizationService.test.js:215:17)
    at processTicksAndRejections (node:internal/process/task_queues:103:5)
2026-08-03 08:38:11.561 [ERROR]: Customization Service: Error handling material selected: Customization.findOne is not a function
TypeError: Customization.findOne is not a function
    at findOne (/home/apop/DEV/sokogateOS/src/services/customizationService.js:376:47)
    at Object.handleMaterialSelected [as messageCallback] (/home/apop/DEV/sokogateOS/src/services/customizationService.js:75:19)
    at Object.messageCallback (/home/apop/DEV/sokogateOS/tests/services/customizationService.test.js:260:17)
    at processTicksAndRejections (node:internal/process/task_queues:103:5)
2026-08-03 08:38:11.582 [ERROR]: Customization Service: Error handling pricing updated: Customization.findOne is not a function
TypeError: Customization.findOne is not a function
    at findOne (/home/apop/DEV/sokogateOS/src/services/customizationService.js:408:47)
    at Object.handlePricingUpdated [as messageCallback] (/home/apop/DEV/sokogateOS/src/services/customizationService.js:78:19)
    at Object.messageCallback (/home/apop/DEV/sokogateOS/tests/services/customizationService.test.js:306:17)
    at processTicksAndRejections (node:internal/process/task_queues:103:5)
2026-08-03 08:38:11.603 [ERROR]: Customization Service: Error handling production ready: Customization.findOne is not a function
TypeError: Customization.findOne is not a function
    at findOne (/home/apop/DEV/sokogateOS/src/services/customizationService.js:442:47)
    at Object.handleProductionReady [as messageCallback] (/home/apop/DEV/sokogateOS/src/services/customizationService.js:81:19)
    at Object.messageCallback (/home/apop/DEV/sokogateOS/tests/services/customizationService.test.js:351:17)
    at processTicksAndRejections (node:internal/process/task_queues:103:5)
2026-08-03 08:38:14.335 [ERROR]: KRW Payment Adapter: Failed to start Kakfa: Kafka unavailable
Error: Kafka unavailable
    at Object.<anonymous> (/home/apop/DEV/sokogateOS/tests/ingestion/adapters/krwPaymentAdapter.test.js:84:55)
    at Promise.then.completed (/home/apop/DEV/sokogateOS/node_modules/jest-circus/build/utils.js:298:28)
    at new Promise (<anonymous>)
    at callAsyncCircusFn (/home/apop/DEV/sokogateOS/node_modules/jest-circus/build/utils.js:231:10)
    at _callCircusTest (/home/apop/DEV/sokogateOS/node_modules/jest-circus/build/run.js:316:40)
    at processTicksAndRejections (node:internal/process/task_queues:103:5)
    at _runTest (/home/apop/DEV/sokogateOS/node_modules/jest-circus/build/run.js:252:3)
    at _runTestsForDescribeBlock (/home/apop/DEV/sokogateOS/node_modules/jest-circus/build/run.js:126:9)
    at _runTestsForDescribeBlock (/home/apop/DEV/sokogateOS/node_modules/jest-circus/build/run.js:121:9)
    at run (/home/apop/DEV/sokogateOS/node_modules/jest-circus/build/run.js:71:3)
    at runAndTransformResultsToJestFormat (/home/apop/DEV/sokogateOS/node_modules/jest-circus/build/legacy-code-todo-rewrite/jestAdapterInit.js:122:21)
    at jestAdapter (/home/apop/DEV/sokogateOS/node_modules/jest-circus/build/legacy-code-todo-rewrite/jestAdapter.js:79:19)
    at runTestInternal (/home/apop/DEV/sokogateOS/node_modules/jest-runner/build/runTest.js:367:16)
    at runTest (/home/apop/DEV/sokogateOS/node_modules/jest-runner/build/runTest.js:444:34)
    at Object.worker (/home/apop/DEV/sokogateOS/node_modules/jest-runner/build/testWorker.js:106:12)
2026-08-03 08:38:14.458 [ERROR]: Supplier Risk Adapter: Failed to start Kakfa: Kafka unavailable
Error: Kafka unavailable
    at Object.<anonymous> (/home/apop/DEV/sokogateOS/tests/ingestion/adapters/supplierRiskAdapter.test.js:75:55)
    at Promise.then.completed (/home/apop/DEV/sokogateOS/node_modules/jest-circus/build/utils.js:298:28)
    at new Promise (<anonymous>)
    at callAsyncCircusFn (/home/apop/DEV/sokogateOS/node_modules/jest-circus/build/utils.js:231:10)
    at _callCircusTest (/home/apop/DEV/sokogateOS/node_modules/jest-circus/build/run.js:316:40)
    at processTicksAndRejections (node:internal/process/task_queues:103:5)
    at _runTest (/home/apop/DEV/sokogateOS/node_modules/jest-circus/build/run.js:252:3)
    at _runTestsForDescribeBlock (/home/apop/DEV/sokogateOS/node_modules/jest-circus/build/run.js:126:9)
    at _runTestsForDescribeBlock (/home/apop/DEV/sokogateOS/node_modules/jest-circus/build/run.js:121:9)
    at run (/home/apop/DEV/sokogateOS/node_modules/jest-circus/build/run.js:71:3)
    at runAndTransformResultsToJestFormat (/home/apop/DEV/sokogateOS/node_modules/jest-circus/build/legacy-code-todo-rewrite/jestAdapterInit.js:122:21)
    at jestAdapter (/home/apop/DEV/sokogateOS/node_modules/jest-circus/build/legacy-code-todo-rewrite/jestAdapter.js:79:19)
    at runTestInternal (/home/apop/DEV/sokogateOS/node_modules/jest-runner/build/runTest.js:367:16)
    at runTest (/home/apop/DEV/sokogateOS/node_modules/jest-runner/build/runTest.js:444:34)
    at Object.worker (/home/apop/DEV/sokogateOS/node_modules/jest-runner/build/testWorker.js:106:12)
2026-08-03 08:39:09.300 [ERROR]: Customization Service: Error handling customization requested: Customization is not a constructor
TypeError: Customization is not a constructor
    at handleCustomizationRequested (/home/apop/DEV/sokogateOS/src/services/customizationService.js:251:27)
    at Object.handleCustomizationRequested [as messageCallback] (/home/apop/DEV/sokogateOS/src/services/customizationService.js:66:19)
    at Object.messageCallback (/home/apop/DEV/sokogateOS/tests/services/customizationService.test.js:125:17)
    at processTicksAndRejections (node:internal/process/task_queues:103:5)
2026-08-03 08:39:09.394 [ERROR]: Customization Service: Error handling design approved: Customization.findOne is not a function
TypeError: Customization.findOne is not a function
    at findOne (/home/apop/DEV/sokogateOS/src/services/customizationService.js:327:47)
    at Object.handleDesignApproved [as messageCallback] (/home/apop/DEV/sokogateOS/src/services/customizationService.js:69:19)
    at Object.messageCallback (/home/apop/DEV/sokogateOS/tests/services/customizationService.test.js:168:17)
    at processTicksAndRejections (node:internal/process/task_queues:103:5)
2026-08-03 08:39:09.415 [ERROR]: Customization Service: Error handling specification updated: Customization.findOne is not a function
TypeError: Customization.findOne is not a function
    at findOne (/home/apop/DEV/sokogateOS/src/services/customizationService.js:354:47)
    at Object.handleSpecificationUpdated [as messageCallback] (/home/apop/DEV/sokogateOS/src/services/customizationService.js:72:19)
    at Object.messageCallback (/home/apop/DEV/sokogateOS/tests/services/customizationService.test.js:215:17)
    at processTicksAndRejections (node:internal/process/task_queues:103:5)
2026-08-03 08:39:09.445 [ERROR]: Customization Service: Error handling material selected: Customization.findOne is not a function
TypeError: Customization.findOne is not a function
    at findOne (/home/apop/DEV/sokogateOS/src/services/customizationService.js:376:47)
    at Object.handleMaterialSelected [as messageCallback] (/home/apop/DEV/sokogateOS/src/services/customizationService.js:75:19)
    at Object.messageCallback (/home/apop/DEV/sokogateOS/tests/services/customizationService.test.js:260:17)
    at processTicksAndRejections (node:internal/process/task_queues:103:5)
2026-08-03 08:39:09.493 [ERROR]: Customization Service: Error handling pricing updated: Customization.findOne is not a function
TypeError: Customization.findOne is not a function
    at findOne (/home/apop/DEV/sokogateOS/src/services/customizationService.js:408:47)
    at Object.handlePricingUpdated [as messageCallback] (/home/apop/DEV/sokogateOS/src/services/customizationService.js:78:19)
    at Object.messageCallback (/home/apop/DEV/sokogateOS/tests/services/customizationService.test.js:306:17)
    at processTicksAndRejections (node:internal/process/task_queues:103:5)
2026-08-03 08:39:09.535 [ERROR]: Customization Service: Error handling production ready: Customization.findOne is not a function
TypeError: Customization.findOne is not a function
    at findOne (/home/apop/DEV/sokogateOS/src/services/customizationService.js:442:47)
    at Object.handleProductionReady [as messageCallback] (/home/apop/DEV/sokogateOS/src/services/customizationService.js:81:19)
    at Object.messageCallback (/home/apop/DEV/sokogateOS/tests/services/customizationService.test.js:351:17)
    at processTicksAndRejections (node:internal/process/task_queues:103:5)
2026-08-03 08:39:10.396 [ERROR]: Supplier Risk Adapter: Failed to start Kakfa: Kafka unavailable
Error: Kafka unavailable
    at Object.<anonymous> (/home/apop/DEV/sokogateOS/tests/ingestion/adapters/supplierRiskAdapter.test.js:75:55)
    at Promise.then.completed (/home/apop/DEV/sokogateOS/node_modules/jest-circus/build/utils.js:298:28)
    at new Promise (<anonymous>)
    at callAsyncCircusFn (/home/apop/DEV/sokogateOS/node_modules/jest-circus/build/utils.js:231:10)
    at _callCircusTest (/home/apop/DEV/sokogateOS/node_modules/jest-circus/build/run.js:316:40)
    at processTicksAndRejections (node:internal/process/task_queues:103:5)
    at _runTest (/home/apop/DEV/sokogateOS/node_modules/jest-circus/build/run.js:252:3)
    at _runTestsForDescribeBlock (/home/apop/DEV/sokogateOS/node_modules/jest-circus/build/run.js:126:9)
    at _runTestsForDescribeBlock (/home/apop/DEV/sokogateOS/node_modules/jest-circus/build/run.js:121:9)
    at run (/home/apop/DEV/sokogateOS/node_modules/jest-circus/build/run.js:71:3)
    at runAndTransformResultsToJestFormat (/home/apop/DEV/sokogateOS/node_modules/jest-circus/build/legacy-code-todo-rewrite/jestAdapterInit.js:122:21)
    at jestAdapter (/home/apop/DEV/sokogateOS/node_modules/jest-circus/build/legacy-code-todo-rewrite/jestAdapter.js:79:19)
    at runTestInternal (/home/apop/DEV/sokogateOS/node_modules/jest-runner/build/runTest.js:367:16)
    at runTest (/home/apop/DEV/sokogateOS/node_modules/jest-runner/build/runTest.js:444:34)
    at Object.worker (/home/apop/DEV/sokogateOS/node_modules/jest-runner/build/testWorker.js:106:12)
2026-08-03 08:39:10.574 [ERROR]: KRW Payment Adapter: Failed to start Kakfa: Kafka unavailable
Error: Kafka unavailable
    at Object.<anonymous> (/home/apop/DEV/sokogateOS/tests/ingestion/adapters/krwPaymentAdapter.test.js:84:55)
    at Promise.then.completed (/home/apop/DEV/sokogateOS/node_modules/jest-circus/build/utils.js:298:28)
    at new Promise (<anonymous>)
    at callAsyncCircusFn (/home/apop/DEV/sokogateOS/node_modules/jest-circus/build/utils.js:231:10)
    at _callCircusTest (/home/apop/DEV/sokogateOS/node_modules/jest-circus/build/run.js:316:40)
    at processTicksAndRejections (node:internal/process/task_queues:103:5)
    at _runTest (/home/apop/DEV/sokogateOS/node_modules/jest-circus/build/run.js:252:3)
    at _runTestsForDescribeBlock (/home/apop/DEV/sokogateOS/node_modules/jest-circus/build/run.js:126:9)
    at _runTestsForDescribeBlock (/home/apop/DEV/sokogateOS/node_modules/jest-circus/build/run.js:121:9)
    at run (/home/apop/DEV/sokogateOS/node_modules/jest-circus/build/run.js:71:3)
    at runAndTransformResultsToJestFormat (/home/apop/DEV/sokogateOS/node_modules/jest-circus/build/legacy-code-todo-rewrite/jestAdapterInit.js:122:21)
    at jestAdapter (/home/apop/DEV/sokogateOS/node_modules/jest-circus/build/legacy-code-todo-rewrite/jestAdapter.js:79:19)
    at runTestInternal (/home/apop/DEV/sokogateOS/node_modules/jest-runner/build/runTest.js:367:16)
    at runTest (/home/apop/DEV/sokogateOS/node_modules/jest-runner/build/runTest.js:444:34)
    at Object.worker (/home/apop/DEV/sokogateOS/node_modules/jest-runner/build/testWorker.js:106:12)
2026-08-03 08:39:40.424 [ERROR]: Customization Service: Error handling customization requested: Customization is not a constructor
TypeError: Customization is not a constructor
    at handleCustomizationRequested (/home/apop/DEV/sokogateOS/src/services/customizationService.js:251:27)
    at Object.handleCustomizationRequested [as messageCallback] (/home/apop/DEV/sokogateOS/src/services/customizationService.js:66:19)
    at Object.messageCallback (/home/apop/DEV/sokogateOS/tests/services/customizationService.test.js:125:17)
    at processTicksAndRejections (node:internal/process/task_queues:103:5)
2026-08-03 08:39:40.517 [ERROR]: Customization Service: Error handling design approved: Customization.findOne is not a function
TypeError: Customization.findOne is not a function
    at findOne (/home/apop/DEV/sokogateOS/src/services/customizationService.js:327:47)
    at Object.handleDesignApproved [as messageCallback] (/home/apop/DEV/sokogateOS/src/services/customizationService.js:69:19)
    at Object.messageCallback (/home/apop/DEV/sokogateOS/tests/services/customizationService.test.js:168:17)
    at processTicksAndRejections (node:internal/process/task_queues:103:5)
2026-08-03 08:39:40.539 [ERROR]: Customization Service: Error handling specification updated: Customization.findOne is not a function
TypeError: Customization.findOne is not a function
    at findOne (/home/apop/DEV/sokogateOS/src/services/customizationService.js:354:47)
    at Object.handleSpecificationUpdated [as messageCallback] (/home/apop/DEV/sokogateOS/src/services/customizationService.js:72:19)
    at Object.messageCallback (/home/apop/DEV/sokogateOS/tests/services/customizationService.test.js:215:17)
    at processTicksAndRejections (node:internal/process/task_queues:103:5)
2026-08-03 08:39:40.610 [ERROR]: Customization Service: Error handling material selected: Customization.findOne is not a function
TypeError: Customization.findOne is not a function
    at findOne (/home/apop/DEV/sokogateOS/src/services/customizationService.js:376:47)
    at Object.handleMaterialSelected [as messageCallback] (/home/apop/DEV/sokogateOS/src/services/customizationService.js:75:19)
    at Object.messageCallback (/home/apop/DEV/sokogateOS/tests/services/customizationService.test.js:260:17)
    at processTicksAndRejections (node:internal/process/task_queues:103:5)
2026-08-03 08:39:40.629 [ERROR]: Customization Service: Error handling pricing updated: Customization.findOne is not a function
TypeError: Customization.findOne is not a function
    at findOne (/home/apop/DEV/sokogateOS/src/services/customizationService.js:408:47)
    at Object.handlePricingUpdated [as messageCallback] (/home/apop/DEV/sokogateOS/src/services/customizationService.js:78:19)
    at Object.messageCallback (/home/apop/DEV/sokogateOS/tests/services/customizationService.test.js:306:17)
    at processTicksAndRejections (node:internal/process/task_queues:103:5)
2026-08-03 08:39:40.658 [ERROR]: Customization Service: Error handling production ready: Customization.findOne is not a function
TypeError: Customization.findOne is not a function
    at findOne (/home/apop/DEV/sokogateOS/src/services/customizationService.js:442:47)
    at Object.handleProductionReady [as messageCallback] (/home/apop/DEV/sokogateOS/src/services/customizationService.js:81:19)
    at Object.messageCallback (/home/apop/DEV/sokogateOS/tests/services/customizationService.test.js:351:17)
    at processTicksAndRejections (node:internal/process/task_queues:103:5)
2026-08-03 08:39:41.810 [ERROR]: KRW Payment Adapter: Failed to start Kakfa: Kafka unavailable
Error: Kafka unavailable
    at Object.<anonymous> (/home/apop/DEV/sokogateOS/tests/ingestion/adapters/krwPaymentAdapter.test.js:84:55)
    at Promise.then.completed (/home/apop/DEV/sokogateOS/node_modules/jest-circus/build/utils.js:298:28)
    at new Promise (<anonymous>)
    at callAsyncCircusFn (/home/apop/DEV/sokogateOS/node_modules/jest-circus/build/utils.js:231:10)
    at _callCircusTest (/home/apop/DEV/sokogateOS/node_modules/jest-circus/build/run.js:316:40)
    at processTicksAndRejections (node:internal/process/task_queues:103:5)
    at _runTest (/home/apop/DEV/sokogateOS/node_modules/jest-circus/build/run.js:252:3)
    at _runTestsForDescribeBlock (/home/apop/DEV/sokogateOS/node_modules/jest-circus/build/run.js:126:9)
    at _runTestsForDescribeBlock (/home/apop/DEV/sokogateOS/node_modules/jest-circus/build/run.js:121:9)
    at run (/home/apop/DEV/sokogateOS/node_modules/jest-circus/build/run.js:71:3)
    at runAndTransformResultsToJestFormat (/home/apop/DEV/sokogateOS/node_modules/jest-circus/build/legacy-code-todo-rewrite/jestAdapterInit.js:122:21)
    at jestAdapter (/home/apop/DEV/sokogateOS/node_modules/jest-circus/build/legacy-code-todo-rewrite/jestAdapter.js:79:19)
    at runTestInternal (/home/apop/DEV/sokogateOS/node_modules/jest-runner/build/runTest.js:367:16)
    at runTest (/home/apop/DEV/sokogateOS/node_modules/jest-runner/build/runTest.js:444:34)
    at Object.worker (/home/apop/DEV/sokogateOS/node_modules/jest-runner/build/testWorker.js:106:12)
2026-08-03 08:39:42.220 [ERROR]: Supplier Risk Adapter: Failed to start Kakfa: Kafka unavailable
Error: Kafka unavailable
    at Object.<anonymous> (/home/apop/DEV/sokogateOS/tests/ingestion/adapters/supplierRiskAdapter.test.js:75:55)
    at Promise.then.completed (/home/apop/DEV/sokogateOS/node_modules/jest-circus/build/utils.js:298:28)
    at new Promise (<anonymous>)
    at callAsyncCircusFn (/home/apop/DEV/sokogateOS/node_modules/jest-circus/build/utils.js:231:10)
    at _callCircusTest (/home/apop/DEV/sokogateOS/node_modules/jest-circus/build/run.js:316:40)
    at processTicksAndRejections (node:internal/process/task_queues:103:5)
    at _runTest (/home/apop/DEV/sokogateOS/node_modules/jest-circus/build/run.js:252:3)
    at _runTestsForDescribeBlock (/home/apop/DEV/sokogateOS/node_modules/jest-circus/build/run.js:126:9)
    at _runTestsForDescribeBlock (/home/apop/DEV/sokogateOS/node_modules/jest-circus/build/run.js:121:9)
    at run (/home/apop/DEV/sokogateOS/node_modules/jest-circus/build/run.js:71:3)
    at runAndTransformResultsToJestFormat (/home/apop/DEV/sokogateOS/node_modules/jest-circus/build/legacy-code-todo-rewrite/jestAdapterInit.js:122:21)
    at jestAdapter (/home/apop/DEV/sokogateOS/node_modules/jest-circus/build/legacy-code-todo-rewrite/jestAdapter.js:79:19)
    at runTestInternal (/home/apop/DEV/sokogateOS/node_modules/jest-runner/build/runTest.js:367:16)
    at runTest (/home/apop/DEV/sokogateOS/node_modules/jest-runner/build/runTest.js:444:34)
    at Object.worker (/home/apop/DEV/sokogateOS/node_modules/jest-runner/build/testWorker.js:106:12)
2026-08-03 08:40:07.019 [ERROR]: Customization Service: Error handling customization requested: Customization is not a constructor
TypeError: Customization is not a constructor
    at handleCustomizationRequested (/home/apop/DEV/sokogateOS/src/services/customizationService.js:251:27)
    at Object.handleCustomizationRequested [as messageCallback] (/home/apop/DEV/sokogateOS/src/services/customizationService.js:66:19)
    at Object.messageCallback (/home/apop/DEV/sokogateOS/tests/services/customizationService.test.js:125:17)
    at processTicksAndRejections (node:internal/process/task_queues:103:5)
2026-08-03 08:40:07.130 [ERROR]: Customization Service: Error handling design approved: Customization.findOne is not a function
TypeError: Customization.findOne is not a function
    at findOne (/home/apop/DEV/sokogateOS/src/services/customizationService.js:327:47)
    at Object.handleDesignApproved [as messageCallback] (/home/apop/DEV/sokogateOS/src/services/customizationService.js:69:19)
    at Object.messageCallback (/home/apop/DEV/sokogateOS/tests/services/customizationService.test.js:168:17)
    at processTicksAndRejections (node:internal/process/task_queues:103:5)
2026-08-03 08:40:07.143 [ERROR]: Customization Service: Error handling specification updated: Customization.findOne is not a function
TypeError: Customization.findOne is not a function
    at findOne (/home/apop/DEV/sokogateOS/src/services/customizationService.js:354:47)
    at Object.handleSpecificationUpdated [as messageCallback] (/home/apop/DEV/sokogateOS/src/services/customizationService.js:72:19)
    at Object.messageCallback (/home/apop/DEV/sokogateOS/tests/services/customizationService.test.js:215:17)
    at processTicksAndRejections (node:internal/process/task_queues:103:5)
2026-08-03 08:40:07.158 [ERROR]: Customization Service: Error handling material selected: Customization.findOne is not a function
TypeError: Customization.findOne is not a function
    at findOne (/home/apop/DEV/sokogateOS/src/services/customizationService.js:376:47)
    at Object.handleMaterialSelected [as messageCallback] (/home/apop/DEV/sokogateOS/src/services/customizationService.js:75:19)
    at Object.messageCallback (/home/apop/DEV/sokogateOS/tests/services/customizationService.test.js:260:17)
    at processTicksAndRejections (node:internal/process/task_queues:103:5)
2026-08-03 08:40:07.180 [ERROR]: Customization Service: Error handling pricing updated: Customization.findOne is not a function
TypeError: Customization.findOne is not a function
    at findOne (/home/apop/DEV/sokogateOS/src/services/customizationService.js:408:47)
    at Object.handlePricingUpdated [as messageCallback] (/home/apop/DEV/sokogateOS/src/services/customizationService.js:78:19)
    at Object.messageCallback (/home/apop/DEV/sokogateOS/tests/services/customizationService.test.js:306:17)
    at processTicksAndRejections (node:internal/process/task_queues:103:5)
2026-08-03 08:40:07.196 [ERROR]: Customization Service: Error handling production ready: Customization.findOne is not a function
TypeError: Customization.findOne is not a function
    at findOne (/home/apop/DEV/sokogateOS/src/services/customizationService.js:442:47)
    at Object.handleProductionReady [as messageCallback] (/home/apop/DEV/sokogateOS/src/services/customizationService.js:81:19)
    at Object.messageCallback (/home/apop/DEV/sokogateOS/tests/services/customizationService.test.js:351:17)
    at processTicksAndRejections (node:internal/process/task_queues:103:5)
2026-08-03 08:40:09.119 [ERROR]: KRW Payment Adapter: Failed to start Kakfa: Kafka unavailable
Error: Kafka unavailable
    at Object.<anonymous> (/home/apop/DEV/sokogateOS/tests/ingestion/adapters/krwPaymentAdapter.test.js:84:55)
    at Promise.then.completed (/home/apop/DEV/sokogateOS/node_modules/jest-circus/build/utils.js:298:28)
    at new Promise (<anonymous>)
    at callAsyncCircusFn (/home/apop/DEV/sokogateOS/node_modules/jest-circus/build/utils.js:231:10)
    at _callCircusTest (/home/apop/DEV/sokogateOS/node_modules/jest-circus/build/run.js:316:40)
    at processTicksAndRejections (node:internal/process/task_queues:103:5)
    at _runTest (/home/apop/DEV/sokogateOS/node_modules/jest-circus/build/run.js:252:3)
    at _runTestsForDescribeBlock (/home/apop/DEV/sokogateOS/node_modules/jest-circus/build/run.js:126:9)
    at _runTestsForDescribeBlock (/home/apop/DEV/sokogateOS/node_modules/jest-circus/build/run.js:121:9)
    at run (/home/apop/DEV/sokogateOS/node_modules/jest-circus/build/run.js:71:3)
    at runAndTransformResultsToJestFormat (/home/apop/DEV/sokogateOS/node_modules/jest-circus/build/legacy-code-todo-rewrite/jestAdapterInit.js:122:21)
    at jestAdapter (/home/apop/DEV/sokogateOS/node_modules/jest-circus/build/legacy-code-todo-rewrite/jestAdapter.js:79:19)
    at runTestInternal (/home/apop/DEV/sokogateOS/node_modules/jest-runner/build/runTest.js:367:16)
    at runTest (/home/apop/DEV/sokogateOS/node_modules/jest-runner/build/runTest.js:444:34)
    at Object.worker (/home/apop/DEV/sokogateOS/node_modules/jest-runner/build/testWorker.js:106:12)
2026-08-03 08:40:08.915 [ERROR]: Supplier Risk Adapter: Failed to start Kakfa: Kafka unavailable
Error: Kafka unavailable
    at Object.<anonymous> (/home/apop/DEV/sokogateOS/tests/ingestion/adapters/supplierRiskAdapter.test.js:75:55)
    at Promise.then.completed (/home/apop/DEV/sokogateOS/node_modules/jest-circus/build/utils.js:298:28)
    at new Promise (<anonymous>)
    at callAsyncCircusFn (/home/apop/DEV/sokogateOS/node_modules/jest-circus/build/utils.js:231:10)
    at _callCircusTest (/home/apop/DEV/sokogateOS/node_modules/jest-circus/build/run.js:316:40)
    at processTicksAndRejections (node:internal/process/task_queues:103:5)
    at _runTest (/home/apop/DEV/sokogateOS/node_modules/jest-circus/build/run.js:252:3)
    at _runTestsForDescribeBlock (/home/apop/DEV/sokogateOS/node_modules/jest-circus/build/run.js:126:9)
    at _runTestsForDescribeBlock (/home/apop/DEV/sokogateOS/node_modules/jest-circus/build/run.js:121:9)
    at run (/home/apop/DEV/sokogateOS/node_modules/jest-circus/build/run.js:71:3)
    at runAndTransformResultsToJestFormat (/home/apop/DEV/sokogateOS/node_modules/jest-circus/build/legacy-code-todo-rewrite/jestAdapterInit.js:122:21)
    at jestAdapter (/home/apop/DEV/sokogateOS/node_modules/jest-circus/build/legacy-code-todo-rewrite/jestAdapter.js:79:19)
    at runTestInternal (/home/apop/DEV/sokogateOS/node_modules/jest-runner/build/runTest.js:367:16)
    at runTest (/home/apop/DEV/sokogateOS/node_modules/jest-runner/build/runTest.js:444:34)
    at Object.worker (/home/apop/DEV/sokogateOS/node_modules/jest-runner/build/testWorker.js:106:12)
